﻿<?xml version="1.0" encoding="UTF-8" standalone="yes"?>
<addon id="repository.googlecode.xbmc-addons" name="googlecode.xbmc-addons Add-ons" version="1.0.0" provider-name="nuka1195">
	<extension point="xbmc.addon.repository" name="googlecode.xbmc-addons Add-on Repository">
		<info compressed="false">http://xbmc-addons.googlecode.com/svn/addons/addons.xml</info>
		<checksum></checksum>
		<datadir zip="false">http://xbmc-addons.googlecode.com/svn/addons</datadir>
	</extension>
	<extension point="xbmc.addon.metadata">
		<summary>Install Add-ons from googlecode.xbmc-addons</summary>
		<description>Download and install add-ons from googlecode.xbmc-addons addon repository.[CR][CR]By using this Repository you will be able to take advantage of our cutting edge features.</description>
		<disclaimer>Nuka1195 did not make all the add-ons on this repository and is not responsible for their content</disclaimer>
		<platform>all</platform>
	</extension>
</addon>

