<?xml version="1.0" encoding="UTF-8" standalone="yes"?>
<addon id="script.module.weather" name="Weather.com (standard) functions" version="1.0.0" provider-name="nuka1195">
    <requires>
        <import addon="xbmc.python" version="1.0"/>
    </requires>
    <extension point="xbmc.python.module" library="lib"/>
    <extension point="xbmc.addon.metadata">
        <platform>all</platform>
        <summary lang="en">Module handles searching, fetching and localizing weather.</summary>
        <description lang="en">Module handles searching, fetching and localizing weather.</description>
    </extension>
</addon>
