<colors>
	<color name="Window.Heading.Text">FFFFFFFF</color>
	<color name="Window.Heading.Text.Shadow">FF000000</color>
	<color name="Window.Category.Text">FFFFFFFF</color>
	<color name="Window.Category.Text.Shadow">FF000000</color>











    <color name="Button.Text">FFFFFFFF</color>
	<color name="Button.Text.Disabled">60D0D0D0</color>
	<color name="Button.Text.Light">DOFFFFFF</color>
    
	<color name="red">FFFF0000</color>
	<color name="blue">FF0099FF</color>
	<color name="high">FFFF0000</color>
	<color name="low">FF0099FF</color>
    
	<color name="black">FF000000</color>
	<color name="white">FFFFFFFF</color>
	<color name="grey">60FFFFFF</color>
	<color name="green">FFE2FF43</color>
	<color name="dialogheader">DDCED8DA</color>
	<color name="lightgrey">D0FFFFFF</color>
	<color name="disabled">60D0D0D0</color>
</colors>