<?xml version="1.0" encoding="UTF-8" standalone="yes"?>
    <addon id="script.tv.tunes" name="Tv Show Tunes" version="1.0.0" provider-name="nuka1195">
    <requires>
        <import addon="xbmc.python" version="1.0"/>
        <import addon="script.module.pysvn" version="2.4.0"/>
    </requires>
    <extension point="xbmc.python.script" library="addon.py">
        <provides>video</provides>
    </extension>
    <extension point="xbmc.addon.metadata">
        <platform>all</platform>
        <nofanart>true</nofanart>
        <nochangelog>true</nochangelog>
        <summary lang="en">Play your tv shows theme while browsing your library</summary>
        <disclaimer lang="en">Requires a theme.mp3 in your tv shows root folder.</disclaimer>
        <description lang="en">Play your tv shows theme while browsing your library.</description>
    </extension>
</addon>
