<includes>
    <include name="TWC.36Hour.Button">
        <control type="button" id="13201">
            <include>TWC.ButtonCommon</include>
            <label>31901</label>
            <onclick>SetProperty(Weather.CurrentView,$LOCALIZE[31901] $LOCALIZE[31911])</onclick>
            <onclick>SetProperty(Weather.CurrentViewMenu,$LOCALIZE[31901])</onclick>
        </control>
    </include>
    <include name="TWC.36Hour.ButtonXLabel">
        <control type="button">
            <include>TWC.ButtonXLabelCommon</include>
            <label>31911</label>
        </control>
    </include>
    <include name="TWC.36Hour.PeriodLabelsCommon">
        <posx>0</posx>
        <posy>0</posy>
        <width>260</width>
        <height>24</height>
        <font>font16</font>
        <textcolor>white</textcolor>
        <shadowcolor>black</shadowcolor>
        <aligny>center</aligny>
        <align>center</align>
    </include>
    <include name="TWC.36Hour.PeriodIconCommon">
        <posx>0</posx>
        <posy>55</posy>
        <width>128</width>
        <height>120</height>
        <aspectratio>keep</aspectratio>
    </include>
    <include name="TWC.36Hour.PeriodOutlookCommon">
        <posx>0</posx>
        <posy>185</posy>
        <width>128</width>
        <height>128</height>
        <font>font12</font>
        <textcolor>grey</textcolor>
        <shadowcolor>black</shadowcolor>
        <aligny>top</aligny>
        <align>center</align>
        <wrapmultiline>true</wrapmultiline>
    </include>
    <include name="TWC.36Hour.PeriodTemperatureHeadingCommon">
        <posx>130</posx>
        <posy>54</posy>
        <width>130</width>
        <height>20</height>
        <font>font13</font>
        <textcolor>grey2</textcolor>
        <shadowcolor>black</shadowcolor>
        <aligny>center</aligny>
        <align>center</align>
    </include>
    <include name="TWC.36Hour.PeriodTemperatureCommon">
        <posy>85</posy>
        <font>font35_title</font>
        <include>TWC.36Hour.PeriodTemperatureHeadingCommon</include>
    </include>
    <include name="TWC.36Hour.PeriodTempUnitsCommon">
        <posx>164</posx>
        <posy>75</posy>
        <font>font12</font>
        <info>System.TemperatureUnits</info>
        <include>TWC.36Hour.PeriodTemperatureHeadingCommon</include>
    </include>
    <include name="TWC.36Hour.PeriodPrecipitationHeadingCommon">
        <control type="label">
            <description>precip title</description>
            <posy>128</posy>
            <font>font12</font>
            <include>TWC.36Hour.PeriodTemperatureHeadingCommon</include>
            <label>[B]$LOCALIZE[33022][/B]</label>
        </control>
    </include>
    <include name="TWC.36Hour.PeriodPrecipitationCommon">
        <posy>150</posy>
        <font>font24_title</font>
        <include>TWC.36Hour.PeriodTemperatureHeadingCommon</include>
    </include>
    <include name="TWC.36Hour.PeriodPrecipUnitsCommon">
        <posx>154</posx>
        <posy>145</posy>
        <font>font10</font>
        <label>%</label>
        <include>TWC.36Hour.PeriodTemperatureHeadingCommon</include>
    </include>
    <include name="TWC.36Hour.PeriodForecastHeadingCommon">
        <control type="label">
            <posy>238</posy>
            <font>font13</font>
            <textcolor>grey2</textcolor>
            <align>center</align>
            <aligny>center</aligny>
            <label>[B]$LOCALIZE[31911][/B]</label>
            <include>TWC.36Hour.PeriodLabelsCommon</include>
        </control>
    </include>
    <include name="TWC.36Hour.PeriodForecastCommon">
        <posy>260</posy>
        <height>240</height>
        <font>font12</font>
        <align>left</align>
        <aligny>top</aligny>
        <autoscroll time="2000" delay="6000" repeat="6000">VisibleChange</autoscroll>
        <include>TWC.36Hour.PeriodLabelsCommon</include>
    </include>
    <include name="TWC.36Hour.PeriodDaylightCommon">
        <posy>510</posy>
        <font>font13</font>
        <textcolor>grey</textcolor>
        <include>TWC.36Hour.PeriodLabelsCommon</include>
    </include>
    <include name="TWC.36Hour.PeriodSeparator">
        <control type="image">
            <posx>264</posx>
            <posy>0</posy>
            <width>4</width>
            <height>560</height>
            <texture>separator_vertical.png</texture>
        </control>
    </include>

    <include name="TWC.36Hour">
        <control type="group">
            <posx>290</posx>
            <posy>60</posy>
            <visible>StringCompare(Window.Property(Weather.CurrentView),$LOCALIZE[31901] $LOCALIZE[31911])</visible>
            <animation effect="fade" reversible="true" time="300">VisibleChange</animation>
            <control type="label">
                <description>loading label</description>
                <include>TWC.LoadingLabelCommon</include>
                <visible>IsEmpty(Window.Property(36Hour.IsFetched))</visible>
            </control>
            <control type="grouplist">
                <visible>!IsEmpty(Window.Property(36Hour.IsFetched))</visible>
                <posx>0</posx>
                <posy>40</posy>
                <width>920</width>
                <itemgap>0</itemgap>
                <orientation>horizontal</orientation>
                <control type="group">
                    <width>275</width>
                    <control type="label">
                        <description>heading</description>
                        <include>TWC.36Hour.PeriodLabelsCommon</include>
                        <label>[B]$INFO[Window.Property(36Hour.1.Heading)][/B]</label>
                    </control>
                    <control type="image">
                        <description>outlook icon</description>
                        <include>TWC.36Hour.PeriodIconCommon</include>
                        <info>Window.Property(36Hour.1.OutlookIcon)</info>
                    </control>
                    <control type="label">
                        <description>outlook label</description>
                        <include>TWC.36Hour.PeriodOutlookCommon</include>
                        <info>Window.Property(36Hour.1.Outlook)</info>
                    </control>
                    <control type="label">
                        <description>temp title</description>
                        <include>TWC.36Hour.PeriodTemperatureHeadingCommon</include>
                        <label>[B]$INFO[Window.Property(36Hour.1.TemperatureHeading)][/B]</label>
                    </control>
                    <control type="label">
                        <description>temp label</description>
                        <textcolor>$INFO[Window.Property(36Hour.1.TemperatureColor)]</textcolor>
                        <include>TWC.36Hour.PeriodTemperatureCommon</include>
                        <info>Window.Property(36Hour.1.Temperature)</info>
                        <animation effect="slide" start="0,0" end="-7,0" time="0" condition="IntegerGreaterThan(Window.Property(36Hour.1.Temperature),-100) + !IntegerGreaterThan(Window.Property(36Hour.1.Temperature),-1)">Conditional</animation>
                    </control>
                    <control type="label">
                        <description>Temp label units</description>
                        <textcolor>$INFO[Window.Property(36Hour.1.TemperatureColor)]</textcolor>
                        <include>TWC.36Hour.PeriodTempUnitsCommon</include>
                        <animation effect="slide" start="0,0" end="11,0" time="0" condition="IntegerGreaterThan(Window.Property(36Hour.1.Temperature),99)">Conditional</animation>
                        <animation effect="slide" start="0,0" end="-14,0" time="0" condition="IntegerGreaterThan(Window.Property(36Hour.1.Temperature),-10) + !IntegerGreaterThan(Window.Property(36Hour.1.Temperature),9)">Conditional</animation>
                    </control>
                    <include>TWC.36Hour.PeriodPrecipitationHeadingCommon</include>
                    <control type="label">
                        <description>precip</description>
                        <include>TWC.36Hour.PeriodPrecipitationCommon</include>
                        <info>Window.Property(36Hour.1.Precipitation)</info>
                    </control>
                    <control type="label">
                        <description>precip units</description>
                        <include>TWC.36Hour.PeriodPrecipUnitsCommon</include>
                        <animation effect="slide" start="0,0" end="-9,0" time="0" condition="StringCompare(Window.Property(36Hour.1.Precipitation),0)">Conditional</animation>
                        <animation effect="slide" start="0,0" end="9,0" time="0" condition="StringCompare(Window.Property(36Hour.1.Precipitation),100)">Conditional</animation>
                    </control>
                    <include>TWC.36Hour.PeriodForecastHeadingCommon</include>
                    <control type="textbox">
                        <description>forecast label</description>
                        <include>TWC.36Hour.PeriodForecastCommon</include>
                        <info>Window.Property(36Hour.1.Forecast)</info>
                        <visible>!IsEmpty(Window.Property(36Hour.IsFetched))</visible>
                    </control>
                    <control type="label">
                        <description>daylight</description>
                        <include>TWC.36Hour.PeriodDaylightCommon</include>
                        <label>$INFO[Window.Property(36Hour.1.DaylightTitle)] $INFO[Window.Property(36Hour.1.DaylightTime)]</label>
                    </control>
                    <include>TWC.36Hour.PeriodSeparator</include>
                </control>
                <control type="group">
                    <width>275</width>
                    <control type="label">
                        <description>heading</description>
                        <include>TWC.36Hour.PeriodLabelsCommon</include>
                        <label>[B]$INFO[Window.Property(36Hour.2.Heading)][/B]</label>
                    </control>
                    <control type="image">
                        <description>outlook icon</description>
                        <include>TWC.36Hour.PeriodIconCommon</include>
                        <info>Window.Property(36Hour.2.OutlookIcon)</info>
                    </control>
                    <control type="label">
                        <description>outlook label</description>
                        <include>TWC.36Hour.PeriodOutlookCommon</include>
                        <info>Window.Property(36Hour.2.Outlook)</info>
                    </control>
                    <control type="label">
                        <description>temp title</description>
                        <include>TWC.36Hour.PeriodTemperatureHeadingCommon</include>
                        <label>[B]$INFO[Window.Property(36Hour.2.TemperatureHeading)][/B]</label>
                    </control>
                    <control type="label">
                        <description>temp label</description>
                        <textcolor>$INFO[Window.Property(36Hour.2.TemperatureColor)]</textcolor>
                        <include>TWC.36Hour.PeriodTemperatureCommon</include>
                        <info>Window.Property(36Hour.2.Temperature)</info>
                        <animation effect="slide" start="0,0" end="-7,0" time="0" condition="IntegerGreaterThan(Window.Property(36Hour.2.Temperature),-100) + !IntegerGreaterThan(Window.Property(36Hour.2.Temperature),-1)">Conditional</animation>
                    </control>
                    <control type="label">
                        <description>Temp label units</description>
                        <textcolor>$INFO[Window.Property(36Hour.2.TemperatureColor)]</textcolor>
                        <include>TWC.36Hour.PeriodTempUnitsCommon</include>
                        <animation effect="slide" start="0,0" end="11,0" time="0" condition="IntegerGreaterThan(Window.Property(36Hour.2.Temperature),99)">Conditional</animation>
                        <animation effect="slide" start="0,0" end="-14,0" time="0" condition="IntegerGreaterThan(Window.Property(36Hour.2.Temperature),-10) + !IntegerGreaterThan(Window.Property(36Hour.2.Temperature),9)">Conditional</animation>
                    </control>
                    <include>TWC.36Hour.PeriodPrecipitationHeadingCommon</include>
                    <control type="label">
                        <description>precip</description>
                        <include>TWC.36Hour.PeriodPrecipitationCommon</include>
                        <info>Window.Property(36Hour.2.Precipitation)</info>
                    </control>
                    <control type="label">
                        <description>precip units</description>
                        <include>TWC.36Hour.PeriodPrecipUnitsCommon</include>
                        <animation effect="slide" start="0,0" end="-9,0" time="0" condition="StringCompare(Window.Property(36Hour.2.Precipitation),0)">Conditional</animation>
                        <animation effect="slide" start="0,0" end="9,0" time="0" condition="StringCompare(Window.Property(36Hour.2.Precipitation),100)">Conditional</animation>
                    </control>
                    <include>TWC.36Hour.PeriodForecastHeadingCommon</include>
                    <control type="textbox">
                        <description>forecast label</description>
                        <include>TWC.36Hour.PeriodForecastCommon</include>
                        <info>Window.Property(36Hour.2.Forecast)</info>
                        <visible>!IsEmpty(Window.Property(36Hour.IsFetched))</visible>
                    </control>
                    <control type="label">
                        <description>daylight</description>
                        <include>TWC.36Hour.PeriodDaylightCommon</include>
                        <label>$INFO[Window.Property(36Hour.2.DaylightTitle)] $INFO[Window.Property(36Hour.2.DaylightTime)]</label>
                    </control>
                    <include>TWC.36Hour.PeriodSeparator</include>
                </control>
                <control type="group">
                    <width>275</width>
                    <control type="label">
                        <description>heading</description>
                        <include>TWC.36Hour.PeriodLabelsCommon</include>
                        <label>[B]$INFO[Window.Property(36Hour.3.Heading)][/B]</label>
                    </control>
                    <control type="image">
                        <description>outlook icon</description>
                        <include>TWC.36Hour.PeriodIconCommon</include>
                        <info>Window.Property(36Hour.3.OutlookIcon)</info>
                    </control>
                    <control type="label">
                        <description>outlook label</description>
                        <include>TWC.36Hour.PeriodOutlookCommon</include>
                        <info>Window.Property(36Hour.3.Outlook)</info>
                    </control>
                    <control type="label">
                        <description>temp title</description>
                        <include>TWC.36Hour.PeriodTemperatureHeadingCommon</include>
                        <label>[B]$INFO[Window.Property(36Hour.3.TemperatureHeading)][/B]</label>
                    </control>
                    <control type="label">
                        <description>temp label</description>
                        <textcolor>$INFO[Window.Property(36Hour.3.TemperatureColor)]</textcolor>
                        <include>TWC.36Hour.PeriodTemperatureCommon</include>
                        <info>Window.Property(36Hour.3.Temperature)</info>
                        <animation effect="slide" start="0,0" end="-7,0" time="0" condition="IntegerGreaterThan(Window.Property(36Hour.3.Temperature),-100) + !IntegerGreaterThan(Window.Property(36Hour.3.Temperature),-1)">Conditional</animation>
                    </control>
                    <control type="label">
                        <description>Temp label units</description>
                        <textcolor>$INFO[Window.Property(36Hour.3.TemperatureColor)]</textcolor>
                        <include>TWC.36Hour.PeriodTempUnitsCommon</include>
                        <animation effect="slide" start="0,0" end="11,0" time="0" condition="IntegerGreaterThan(Window.Property(36Hour.3.Temperature),99)">Conditional</animation>
                        <animation effect="slide" start="0,0" end="-14,0" time="0" condition="IntegerGreaterThan(Window.Property(36Hour.3.Temperature),-10) + !IntegerGreaterThan(Window.Property(36Hour.3.Temperature),9)">Conditional</animation>
                    </control>
                    <include>TWC.36Hour.PeriodPrecipitationHeadingCommon</include>
                    <control type="label">
                        <description>precip</description>
                        <include>TWC.36Hour.PeriodPrecipitationCommon</include>
                        <info>Window.Property(36Hour.3.Precipitation)</info>
                    </control>
                    <control type="label">
                        <description>precip units</description>
                        <include>TWC.36Hour.PeriodPrecipUnitsCommon</include>
                        <animation effect="slide" start="0,0" end="-9,0" time="0" condition="StringCompare(Window.Property(36Hour.3.Precipitation),0)">Conditional</animation>
                        <animation effect="slide" start="0,0" end="9,0" time="0" condition="StringCompare(Window.Property(36Hour.3.Precipitation),100)">Conditional</animation>
                    </control>
                    <include>TWC.36Hour.PeriodForecastHeadingCommon</include>
                    <control type="textbox">
                        <description>forecast label</description>
                        <include>TWC.36Hour.PeriodForecastCommon</include>
                        <info>Window.Property(36Hour.3.Forecast)</info>
                        <visible>!IsEmpty(Window.Property(36Hour.IsFetched))</visible>
                    </control>
                    <control type="label">
                        <description>daylight</description>
                        <include>TWC.36Hour.PeriodDaylightCommon</include>
                        <label>$INFO[Window.Property(36Hour.3.DaylightTitle)] $INFO[Window.Property(36Hour.3.DaylightTime)]</label>
                    </control>
                </control>
            </control>
        </control>
    </include>
</includes>
