<includes>
    <include name="TWC.Alerts.Button">
        <control type="button" id="13206">
            <include>TWC.ButtonCommon</include>
            <label>31906</label>
            <onclick>SetProperty(Weather.CurrentView,$LOCALIZE[31906] - $LOCALIZE[31913])</onclick>
            <onclick>SetProperty(Weather.CurrentViewMenu,$LOCALIZE[31906])</onclick>
            <enable>!IsEmpty(Window.Property(Alerts))</enable>
        </control>
    </include>
    <include name="TWC.Alerts.ButtonXLabel">
        <control type="button">
            <include>TWC.ButtonXLabelCommon</include>
            <label>31913</label>
            <enable>!IsEmpty(Window.Property(Alerts))</enable>
        </control>
    </include>
    <include name="TWC.Alerts.SettingsButtons">
        <control type="radiobutton" id="91206">
            <description>show alert rss</description>
            <include>ButtonMediaSubCommonValues</include>
            <label>31935</label>
            <onclick>Skin.ToggleSetting(TWC.ShowAlertRSS)</onclick>
            <selected>!Skin.HasSetting(TWC.ShowAlertRSS)</selected>
            <visible>StringCompare(Window.Property(Weather.CurrentView),$LOCALIZE[31906] - $LOCALIZE[31913])</visible>
        </control>
    </include>
    <include name="TWC.AlertsRSS">
        <control type="fadelabel">
            <description>alert fadelabel</description>
            <posx>300</posx>
            <posy>45</posy>
            <height>30</height>
            <width>790</width>
            <label>$INFO[Window.Property(Alerts.RSS)]</label>
            <align>left</align>
            <aligny>center</aligny>
            <font>font12_title</font>
            <textcolor>white</textcolor>
            <shadowcolor>black</shadowcolor>
            <visible>!IsEmpty(Window.Property(Alerts))</visible>
            <scrollout>true</scrollout>
            <pauseatend>2000</pauseatend>
            <visible>!StringCompare(Window.Property(Weather.CurrentView),$LOCALIZE[31906] - $LOCALIZE[31913]) + !IsEmpty(Window.Property(Alerts.RSS)) + !Skin.HasSetting(TWC.ShowAlertRSS)</visible>
        </control>
    </include>

    <include name="TWC.Alerts">
        <control type="group">
            <posx>290</posx>
            <posy>60</posy>
            <onright>8001</onright>
            <visible>StringCompare(Window.Property(Weather.CurrentView),$LOCALIZE[31906] - $LOCALIZE[31913])</visible>
            <animation effect="fade" reversible="true" time="300">VisibleChange</animation>
            <control type="textbox" id="800">
                <description>alert text</description>
                <posx>0</posx>
                <posy>40</posy>
                <width>790</width>
                <height>535</height>
                <font>font13</font>
                <textcolor>white</textcolor>
                <pagecontrol>8001</pagecontrol>
                <scrolltime>200</scrolltime>
                <align>left</align>
                <aligny>top</aligny>
                <spinheight>-5</spinheight>
                <info>Window.Property(Alerts)</info>
                <autoscroll time="2000" delay="15000" repeat="15000">!Control.Hasfocus(8000)</autoscroll>
            </control>
            <control type="scrollbar" id="8001">
                <description>Scroll Bar</description>
                <posx>800</posx>
                <posy>40</posy>
                <height>535</height>
                <include>TWC.ScrollbarCommon</include>
                <onleft>2000</onleft>
                <onright>2000</onright>
            </control>
        </control>
    </include>
</includes>
