<includes>
    <include name="TWC.Current.Button">
        <control type="button" id="13205">
            <include>TWC.ButtonCommon</include>
            <label>31905</label>
            <onclick>SetProperty(Weather.CurrentView,$LOCALIZE[31905] $LOCALIZE[31912])</onclick>
            <onclick>SetProperty(Weather.CurrentViewMenu,$LOCALIZE[31905])</onclick>
        </control>
    </include>
    <include name="TWC.Current.ButtonXLabel">
        <control type="button">
            <include>TWC.ButtonXLabelCommon</include>
            <label>31912</label>
        </control>
    </include>
    <include name="TWC.Current.SettingsButtons">
        <control type="radiobutton" id="91205">
            <description>show hourly</description>
            <include>ButtonMediaSubCommonValues</include>
            <label>31936</label>
            <onclick>Skin.ToggleSetting(TWC.ShowCurrentHourly)</onclick>
            <selected>Skin.HasSetting(TWC.ShowCurrentHourly)</selected>
            <visible>StringCompare(Window.Property(Weather.CurrentView),$LOCALIZE[31905] $LOCALIZE[31912])</visible>
        </control>
    </include>
    <include name="TWC.Current.DailyWeekdayBG">
        <colordiffuse>30FFFFFF</colordiffuse>
        <texture border="10">weather.com plus/DailyWeekdayBG.png</texture>
        <include>TWC.Current.DailyWeekendBG</include>
    </include>
    <include name="TWC.Current.DailyWeekendBG">
        <posy>0</posy>
        <posx>0</posx>
        <width>114</width>
        <height>278</height>
        <colordiffuse>30FFFFFF</colordiffuse>
        <texture border="10">weather.com plus/DailyWeekendBG.png</texture>
        <aspectratio>stretch</aspectratio>
        <include>TWC.Current.DailyDayLabelsCommon</include>
    </include>
    <include name="TWC.Current.DailySeperator">
        <control type="image">
            <posx>114</posx>
            <posy>5</posy>
            <width>4</width>
            <height>285</height>
            <texture>separator_vertical.png</texture>
        </control>
    </include>
    <include name="TWC.Current.DailyPrecipUnitsCommon">
        <posx>19</posx>
        <posy>140</posy><!--245-->
        <textcolor>grey</textcolor>
        <font>font10</font>
        <label>%</label>
        <include>TWC.Current.DailyDayLabelsCommon</include>
    </include>
    <include name="TWC.Current.DailyPrecipitationCommon">
        <posy>140</posy><!--245-->
        <height>30</height>
        <textcolor>grey</textcolor>
        <font>font24_title</font>
        <include>TWC.Current.DailyDayLabelsCommon</include>
    </include>
    <include name="TWC.Current.DailyHighLabelsCommon">
        <posy>190</posy><!--160-->
        <height>30</height>
        <textcolor>white</textcolor>
        <font>font35_title</font>
        <include>TWC.Current.DailyDayLabelsCommon</include>
    </include>
    <include name="TWC.Current.DailyHighUnitsCommon">
        <posx>39</posx>
        <posy>187</posy><!--157-->
        <textcolor>white</textcolor>
        <font>font12</font>
        <info>System.TemperatureUnits</info>
        <include>TWC.Current.DailyDayLabelsCommon</include>
    </include>
    <include name="TWC.Current.DailyLowUnitsCommon">
        <posx>32</posx>
        <posy>236</posy><!--203-->
        <textcolor>grey2</textcolor>
        <font>font10</font>
        <info>System.TemperatureUnits</info>
        <include>TWC.Current.DailyDayLabelsCommon</include>
    </include>
    <include name="TWC.Current.DailyLowLabelsCommon">
        <posy>240</posy><!--205-->
        <height>30</height>
        <textcolor>grey2</textcolor>
        <font>font30_title</font>
        <include>TWC.Current.DailyDayLabelsCommon</include>
    </include>
    <include name="TWC.Current.DailyIconCommon">
        <posy>60</posy>
        <height>72</height>
        <aspectratio>keep</aspectratio>
        <include>TWC.Current.DailyDayLabelsCommon</include>
    </include>
    <include name="TWC.Current.DailyDayLabelsCommon">
        <posx>-5</posx>
        <posy>5</posy>
        <height>20</height>
        <width>120</width>
        <align>center</align>
        <aligny>center</aligny>
        <textcolor>grey</textcolor>
        <shadowcolor>black</shadowcolor>
        <font>font13</font>
    </include>
    <include name="TWC.Current.DailyDateLabelsCommon">
        <posy>25</posy>
        <font>font12</font>
        <include>TWC.Current.DailyDayLabelsCommon</include>
    </include>
    <include name="TWC.Current.ConditionLabelsCommon">
        <posx>0</posx>
        <posy>-90</posy>
        <height>30</height>
        <width>300</width>
        <font>font13</font>
        <align>right</align>
        <aligny>center</aligny>
        <textcolor>grey2</textcolor>
        <shadowcolor>black</shadowcolor>
        <focusedcolor>grey2</focusedcolor>
        <texturefocus>-</texturefocus>
        <texturenofocus>-</texturenofocus>
    </include>
    <include name="TWC.Current.ConditionValuesCommon">
        <align>left</align>
        <textcolor>white</textcolor>
        <shadowcolor>black</shadowcolor>
        <include>TWC.Current.ConditionLabelsCommon</include>
    </include>

    <include name="TWC.Current">
        <control type="group">
            <posx>290</posx>
            <posy>60</posy>
            <visible>StringCompare(Window.Property(Weather.CurrentView),$LOCALIZE[31905] $LOCALIZE[31912])</visible>
            <animation effect="fade" reversible="true" time="300">VisibleChange</animation>
            <control type="group">
                <posx>-30</posx>
                <posy>-20</posy>
                <control type="group">
                    <posx>10</posx>
                    <control type="label">
                        <description>current temp value</description>
                        <posx>10</posx>
                        <posy>70</posy>
                        <width>180</width>
                        <height>40</height>
                        <font>WeatherTemp</font>
                        <align>center</align>
                        <aligny>center</aligny>
                        <label>$INFO[Window.Property(Current.Temperature)]</label>
                        <textcolor>white</textcolor>
                        <shadowcolor>black</shadowcolor>
                        <animation effect="slide" start="0,0" end="-17,0" time="0" condition="IntegerGreaterThan(Window.Property(Current.Temperature),-100) + !IntegerGreaterThan(Window.Property(Current.Temperature),9)">Conditional</animation>
                    </control>
                    <control type="label">
                        <description>current temp value units</description>
                        <posx>118</posx>
                        <posy>58</posy>
                        <width>100</width>
                        <height>20</height>
                        <font>font16</font>
                        <align>center</align>
                        <aligny>center</aligny>
                        <info>System.TemperatureUnits</info>
                        <textcolor>white</textcolor>
                        <shadowcolor>black</shadowcolor>
                        <animation effect="slide" start="0,0" end="28,0" time="0" condition="IntegerGreaterThan(Window.Property(Current.Temperature),99)">Conditional</animation>
                        <animation effect="slide" start="0,0" end="-30,0" time="0" condition="IntegerGreaterThan(Window.Property(Current.Temperature),-10) + !IntegerGreaterThan(Window.Property(Current.Temperature),9)">Conditional</animation>
                    </control>
                    <control type="label">
                        <description>current feels like label</description>
                        <posx>30</posx>
                        <posy>140</posy>
                        <width>140</width>
                        <height>40</height>
                        <font>font13</font>
                        <align>center</align>
                        <aligny>center</aligny>
                        <label>[B]$LOCALIZE[402][/B]</label>
                        <textcolor>grey2</textcolor>
                        <shadowcolor>black</shadowcolor>
                    </control>
                    <control type="label">
                        <description>current feels like value</description>
                        <posx>30</posx>
                        <posy>171</posy>
                        <width>140</width>
                        <height>40</height>
                        <font>font35_title</font>
                        <align>center</align>
                        <aligny>center</aligny>
                        <label>$INFO[Window.Property(Current.FeelsLike)]</label>
                        <textcolor>grey2</textcolor>
                        <shadowcolor>black</shadowcolor>
                        <animation effect="slide" start="0,0" end="-6,0" time="0" condition="IntegerGreaterThan(Window.Property(Current.FeelsLike),-100) + !IntegerGreaterThan(Window.Property(Current.FeelsLike),9)">Conditional</animation>
                    </control>
                    <control type="label">
                        <description>current feels like value units</description>
                        <posx>61</posx>
                        <posy>166</posy>
                        <width>140</width>
                        <height>30</height>
                        <info>System.TemperatureUnits</info>
                        <align>center</align>
                        <aligny>center</aligny>
                        <font>font12</font>
                        <textcolor>grey2</textcolor>
                        <shadowcolor>black</shadowcolor>
                        <animation effect="slide" start="0,0" end="11,0" time="0" condition="IntegerGreaterThan(Window.Property(Current.FeelsLike),99)">Conditional</animation>
                        <animation effect="slide" start="0,0" end="-12,0" time="0" condition="IntegerGreaterThan(Window.Property(Current.FeelsLike),-10) + !IntegerGreaterThan(Window.Property(Current.FeelsLike),9)">Conditional</animation>
                    </control>
                </control>
                <control type="image">
                    <description>current weather icon</description>
                    <posx>180</posx>
                    <posy>35</posy>
                    <width>230</width>
                    <height>180</height>
                    <info>Window.Property(Current.ConditionIcon)</info>
                    <aspectratio>keep</aspectratio>
                </control>
                <control type="label">
                    <description>current condition label</description>
                    <posx>45</posx>
                    <posy>240</posy>
                    <width>340</width>
                    <height>50</height>
                    <label>$INFO[Window.Property(Current.Condition)]</label>
                    <wrapmultiline>true</wrapmultiline>
                    <font>font16</font>
                    <align>center</align>
                    <aligny>top</aligny>
                    <textcolor>white</textcolor>
                    <shadowcolor>black</shadowcolor>
                </control>
                <control type="image">
                    <posx>20</posx>
                    <posy>310</posy>
                    <width>870</width>
                    <height>3</height>
                    <texture>separator.png</texture>
                </control>
                <control type="image">
                    <posx>415</posx>
                    <posy>40</posy>
                    <width>4</width>
                    <height>280</height>
                    <texture>separator_vertical.png</texture>
                </control>
            </control>
            <control type="grouplist">
                <posx>278</posx>
                <posy>20</posy>
                <width>300</width>
                <itemgap>0</itemgap>
                <orientation>vertical</orientation>
                <control type="button">
                    <description>current dew label</description>
                    <include>TWC.Current.ConditionLabelsCommon</include>
                    <label>$LOCALIZE[405] :</label>
                </control>
                <control type="button">
                    <description>current humidity label</description>
                    <include>TWC.Current.ConditionLabelsCommon</include>
                    <label>$LOCALIZE[406] :</label>
                </control>
                <control type="button">
                    <description>current UV Index label</description>
                    <include>TWC.Current.ConditionLabelsCommon</include>
                    <label>$LOCALIZE[403] :</label>
                </control>
                <control type="button">
                    <description>current Wind label</description>
                    <include>TWC.Current.ConditionLabelsCommon</include>
                    <label>$LOCALIZE[404] :</label>
                </control>
                <control type="button">
                    <description>current Precipitation label</description>
                    <include>TWC.Current.ConditionLabelsCommon</include>
                    <label>$LOCALIZE[33021] :</label>
                    <visible>!IsEmpty(Window.Property(36Hour.IsFetched))</visible>
                </control>
                <control type="button">
                    <description>barometric pressure</description>
                    <include>TWC.Current.ConditionLabelsCommon</include>
                    <label>$LOCALIZE[31940] :</label>
                    <visible>!IsEmpty(Window.Property(36Hour.IsFetched))</visible>
                </control>
                <control type="button">
                    <description>visibility</description>
                    <include>TWC.Current.ConditionLabelsCommon</include>
                    <label>$LOCALIZE[31941] :</label>
                    <visible>!IsEmpty(Window.Property(36Hour.IsFetched))</visible>
                </control>
                <control type="button">
                    <description>current Sunrise label</description>
                    <include>TWC.Current.ConditionLabelsCommon</include>
                    <label>$LOCALIZE[33027] :</label>
                    <visible>!IsEmpty(Window.Property(36Hour.IsFetched))</visible>
                </control>
                <control type="button">
                    <description>current Sunset label</description>
                    <include>TWC.Current.ConditionLabelsCommon</include>
                    <label>$LOCALIZE[33028] :</label>
                    <visible>!IsEmpty(Window.Property(36Hour.IsFetched))</visible>
                </control>
            </control>
            <control type="grouplist">
                <posx>585</posx>
                <posy>20</posy>
                <width>300</width>
                <itemgap>0</itemgap>
                <orientation>vertical</orientation>
                <control type="label">
                    <description>current dew Value</description>
                    <include>TWC.Current.ConditionValuesCommon</include>
                    <label>$INFO[Window.Property(Current.DewPoint)]$INFO[System.TemperatureUnits]</label>
                </control>
                <control type="label">
                    <description>current humidity Value</description>
                    <include>TWC.Current.ConditionValuesCommon</include>
                    <label>$INFO[Window.Property(Current.Humidity)]</label>
                </control>
                <control type="label">
                    <description>current UV Index Value</description>
                    <include>TWC.Current.ConditionValuesCommon</include>
                    <label>$INFO[Window.Property(Current.UVIndex)]</label>
                </control>
                <control type="label">
                    <description>current Wind Value</description>
                    <include>TWC.Current.ConditionValuesCommon</include>
                    <label>$INFO[Window.Property(Current.Wind)]</label>
                </control>
                <control type="label">
                    <description>current Precip Value</description>
                    <include>TWC.Current.ConditionValuesCommon</include>
                    <label>$INFO[Window.Property(36Hour.1.Precipitation),,%]</label>
                    <visible>!IsEmpty(Window.Property(36Hour.IsFetched))</visible>
                </control>
                <control type="label">
                    <description>current Pressure Value</description>
                    <include>TWC.Current.ConditionValuesCommon</include>
                    <label>$INFO[Window.Property(Current.Pressure)]</label>
                    <visible>!IsEmpty(Window.Property(36Hour.IsFetched))</visible>
                </control>
                <control type="label">
                    <description>current Visibilty Value</description>
                    <include>TWC.Current.ConditionValuesCommon</include>
                    <label>$INFO[Window.Property(Current.Visibility)]</label>
                    <visible>!IsEmpty(Window.Property(36Hour.IsFetched))</visible>
                </control>
                <control type="label">
                    <description>current Sunrise Value</description>
                    <include>TWC.Current.ConditionValuesCommon</include>
                    <label>$INFO[Window.Property(Current.Sunrise)]</label>
                    <visible>!IsEmpty(Window.Property(36Hour.IsFetched))</visible>
                </control>
                <control type="label">
                    <description>current Sunset Value</description>
                    <include>TWC.Current.ConditionValuesCommon</include>
                    <label>$INFO[Window.Property(Current.Sunset)]</label>
                    <visible>!IsEmpty(Window.Property(36Hour.IsFetched))</visible>
                </control>
            </control>
            <control type="label">
                <description>Loading label</description>
                <posy>400</posy>
                <include>TWC.LoadingLabelCommon</include>
                <visible>[IsEmpty(Window.Property(Daily.IsFetched)) + !Skin.HasSetting(TWC.ShowCurrentHourly)] | [IsEmpty(Window.Property(Hourly.IsFetched)) + Skin.HasSetting(TWC.ShowCurrentHourly)]</visible>
            </control>
            <!-- Daily forecast -->
            <control type="grouplist">
                <posx>-11</posx>
                <posy>305</posy>
                <width>840</width>
                <itemgap>0</itemgap>
                <orientation>horizontal</orientation>
                <visible>!Skin.HasSetting(TWC.ShowCurrentHourly) + !IsEmpty(Window.Property(Daily.IsFetched))</visible>
                <control type="group">
                    <width>120</width>
                    <control type="image">
                        <description>weekday image</description>
                        <include>TWC.Current.DailyWeekdayBG</include>
                        <visible>!StringCompare(Window.Property(Daily.2.LongDay),$LOCALIZE[17]) + !StringCompare(Window.Property(Daily.2.LongDay),$LOCALIZE[11])</visible>
                    </control>
                    <control type="image">
                        <description>weekend image</description>
                        <include>TWC.Current.DailyWeekendBG</include>
                        <visible>StringCompare(Window.Property(Daily.2.LongDay),$LOCALIZE[17]) | StringCompare(Window.Property(Daily.2.LongDay),$LOCALIZE[11])</visible>
                    </control>
                    <control type="label">
                        <description>Day label</description>
                        <include>TWC.Current.DailyDayLabelsCommon</include>
                        <label>[B]$INFO[Window.Property(Daily.1.ShortDay)][/B]</label>
                    </control>
                    <control type="label">
                        <description>Date label</description>
                        <include>TWC.Current.DailyDateLabelsCommon</include>
                        <label>$INFO[Window.Property(Daily.1.ShortDate)]</label>
                    </control>
                    <control type="image">
                        <description>Weather image</description>
                        <include>TWC.Current.DailyIconCommon</include>
                        <texture>$INFO[Window.Property(Daily.1.OutlookIcon)]</texture>
                    </control>
                    <control type="label">
                        <description>High Temp label</description>
                        <include>TWC.Current.DailyHighLabelsCommon</include>
                        <label>$INFO[Window.Property(Daily.1.HighTemperature)]</label>
                        <animation effect="slide" start="0,0" end="-7,0" time="0" condition="IntegerGreaterThan(Window.Property(Daily.1.HighTemperature),-100) + !IntegerGreaterThan(Window.Property(Daily.1.HighTemperature),-1)">Conditional</animation>
                    </control>
                    <control type="label">
                        <description>High Temp label</description>
                        <include>TWC.Current.DailyHighUnitsCommon</include>
                        <info>System.TemperatureUnits</info>
                        <animation effect="slide" start="0,0" end="-12,0" time="0" condition="IntegerGreaterThan(Window.Property(Daily.1.HighTemperature),9) + !IntegerGreaterThan(Window.Property(Daily.1.HighTemperature),99)">Conditional</animation>
                        <animation effect="slide" start="0,0" end="-24,0" time="0" condition="IntegerGreaterThan(Window.Property(Daily.1.HighTemperature),-10) + !IntegerGreaterThan(Window.Property(Daily.1.HighTemperature),9)">Conditional</animation>
                        <animation effect="slide" start="0,0" end="-12,0" time="0" condition="IntegerGreaterThan(Window.Property(Daily.1.HighTemperature),-100) + !IntegerGreaterThan(Window.Property(Daily.1.HighTemperature),-10)">Conditional</animation>
                        <visible>!StringCompare(Window.Property(Daily.1.HighTemperature),n/a)</visible>
                    </control>
                    <control type="label">
                        <description>Low Temp label</description>
                        <include>TWC.Current.DailyLowLabelsCommon</include>
                        <label>$INFO[Window.Property(Daily.1.LowTemperature)]</label>
                        <animation effect="slide" start="0,0" end="-6,0" time="0" condition="IntegerGreaterThan(Window.Property(Daily.1.LowTemperature),-100) + !IntegerGreaterThan(Window.Property(Daily.1.LowTemperature),-1)">Conditional</animation>
                    </control>
                    <control type="label">
                        <description>Low Temp label</description>
                        <include>TWC.Current.DailyLowUnitsCommon</include>
                        <animation effect="slide" start="0,0" end="-10,0" time="0" condition="IntegerGreaterThan(Window.Property(Daily.1.LowTemperature),9) + !IntegerGreaterThan(Window.Property(Daily.1.LowTemperature),99)">Conditional</animation>
                        <animation effect="slide" start="0,0" end="-21,0" time="0" condition="IntegerGreaterThan(Window.Property(Daily.1.LowTemperature),-10) + !IntegerGreaterThan(Window.Property(Daily.1.LowTemperature),9)">Conditional</animation>
                        <animation effect="slide" start="0,0" end="-12,0" time="0" condition="IntegerGreaterThan(Window.Property(Daily.1.LowTemperature),-100) + !IntegerGreaterThan(Window.Property(Daily.1.LowTemperature),-10)">Conditional</animation>
                        <visible>!StringCompare(Window.Property(Daily.1.LowTemperature),n/a)</visible>
                    </control>
                    <control type="label">
                        <description>precip label</description>
                        <include>TWC.Current.DailyPrecipitationCommon</include>
                        <label>$INFO[Window.Property(Daily.1.Precipitation)]</label>
                    </control>
                    <control type="label">
                        <description>precip units label</description>
                        <include>TWC.Current.DailyPrecipUnitsCommon</include>
                        <animation effect="slide" start="0,0" end="-9,0" time="0" condition="StringCompare(Window.Property(Daily.1.Precipitation),0)">Conditional</animation>
                        <animation effect="slide" start="0,0" end="8,0" time="0" condition="StringCompare(Window.Property(Daily.1.Precipitation),100)">Conditional</animation>
                    </control>
                    <!--include>TWC.Current.DailySeperator</include-->
                </control>
                <control type="group">
                    <width>120</width>
                    <control type="image">
                        <description>weekday image</description>
                        <include>TWC.Current.DailyWeekdayBG</include>
                        <visible>!StringCompare(Window.Property(Daily.2.LongDay),$LOCALIZE[16]) + !StringCompare(Window.Property(Daily.2.LongDay),$LOCALIZE[17])</visible>
                    </control>
                    <control type="image">
                        <description>weekend image</description>
                        <include>TWC.Current.DailyWeekendBG</include>
                        <visible>StringCompare(Window.Property(Daily.2.LongDay),$LOCALIZE[16]) | StringCompare(Window.Property(Daily.2.LongDay),$LOCALIZE[17])</visible>
                    </control>
                    <control type="label">
                        <description>Day label</description>
                        <include>TWC.Current.DailyDayLabelsCommon</include>
                        <label>[B]$INFO[Window.Property(Daily.2.ShortDay)][/B]</label>
                    </control>
                    <control type="label">
                        <description>Date label</description>
                        <include>TWC.Current.DailyDateLabelsCommon</include>
                        <label>$INFO[Window.Property(Daily.2.ShortDate)]</label>
                    </control>
                    <control type="image">
                        <description>Weather image</description>
                        <include>TWC.Current.DailyIconCommon</include>
                        <texture>$INFO[Window.Property(Daily.2.OutlookIcon)]</texture>
                        <aspectratio>keep</aspectratio>
                    </control>
                    <control type="label">
                        <description>High Temp label</description>
                        <include>TWC.Current.DailyHighLabelsCommon</include>
                        <label>$INFO[Window.Property(Daily.2.HighTemperature)]</label>
                        <animation effect="slide" start="0,0" end="-7,0" time="0" condition="IntegerGreaterThan(Window.Property(Daily.2.HighTemperature),-100) + !IntegerGreaterThan(Window.Property(Daily.2.HighTemperature),-1)">Conditional</animation>
                    </control>
                    <control type="label">
                        <description>High Temp label</description>
                        <include>TWC.Current.DailyHighUnitsCommon</include>
                        <animation effect="slide" start="0,0" end="-12,0" time="0" condition="IntegerGreaterThan(Window.Property(Daily.2.HighTemperature),9) + !IntegerGreaterThan(Window.Property(Daily.2.HighTemperature),99)">Conditional</animation>
                        <animation effect="slide" start="0,0" end="-24,0" time="0" condition="IntegerGreaterThan(Window.Property(Daily.2.HighTemperature),-10) + !IntegerGreaterThan(Window.Property(Daily.2.HighTemperature),9)">Conditional</animation>
                        <animation effect="slide" start="0,0" end="-12,0" time="0" condition="IntegerGreaterThan(Window.Property(Daily.2.HighTemperature),-100) + !IntegerGreaterThan(Window.Property(Daily.2.HighTemperature),-10)">Conditional</animation>
                        <visible>!StringCompare(Window.Property(Daily.2.HighTemperature),n/a)</visible>
                    </control>
                    <control type="label">
                        <description>Low Temp label</description>
                        <include>TWC.Current.DailyLowLabelsCommon</include>
                        <label>$INFO[Window.Property(Daily.2.LowTemperature)]</label>
                        <animation effect="slide" start="0,0" end="-6,0" time="0" condition="IntegerGreaterThan(Window.Property(Daily.2.LowTemperature),-100) + !IntegerGreaterThan(Window.Property(Daily.2.LowTemperature),-1)">Conditional</animation>
                    </control>
                    <control type="label">
                        <description>Low Temp label</description>
                        <include>TWC.Current.DailyLowUnitsCommon</include>
                        <animation effect="slide" start="0,0" end="-10,0" time="0" condition="IntegerGreaterThan(Window.Property(Daily.2.LowTemperature),9) + !IntegerGreaterThan(Window.Property(Daily.2.LowTemperature),99)">Conditional</animation>
                        <animation effect="slide" start="0,0" end="-21,0" time="0" condition="IntegerGreaterThan(Window.Property(Daily.2.LowTemperature),-10) + !IntegerGreaterThan(Window.Property(Daily.2.LowTemperature),9)">Conditional</animation>
                        <animation effect="slide" start="0,0" end="-12,0" time="0" condition="IntegerGreaterThan(Window.Property(Daily.2.LowTemperature),-100) + !IntegerGreaterThan(Window.Property(Daily.2.LowTemperature),-10)">Conditional</animation>
                        <visible>!StringCompare(Window.Property(Daily.2.LowTemperature),n/a)</visible>
                    </control>
                    <control type="label">
                        <description>precip label</description>
                        <include>TWC.Current.DailyPrecipitationCommon</include>
                        <label>$INFO[Window.Property(Daily.2.Precipitation)]</label>
                    </control>
                    <control type="label">
                        <description>precip units label</description>
                        <include>TWC.Current.DailyPrecipUnitsCommon</include>
                        <animation effect="slide" start="0,0" end="-9,0" time="0" condition="StringCompare(Window.Property(Daily.2.Precipitation),0)">Conditional</animation>
                        <animation effect="slide" start="0,0" end="8,0" time="0" condition="StringCompare(Window.Property(Daily.2.Precipitation),100)">Conditional</animation>
                    </control>
                    <!--include>TWC.Current.DailySeperator</include-->
                </control>
                <control type="group">
                    <width>120</width>
                    <control type="image">
                        <description>weekday image</description>
                        <include>TWC.Current.DailyWeekdayBG</include>
                        <visible>!StringCompare(Window.Property(Daily.3.LongDay),$LOCALIZE[16]) + !StringCompare(Window.Property(Daily.3.LongDay),$LOCALIZE[17])</visible>
                    </control>
                    <control type="image">
                        <description>weekend image</description>
                        <include>TWC.Current.DailyWeekendBG</include>
                        <visible>StringCompare(Window.Property(Daily.3.LongDay),$LOCALIZE[16]) | StringCompare(Window.Property(Daily.3.LongDay),$LOCALIZE[17])</visible>
                    </control>
                    <control type="label">
                        <description>Day label</description>
                        <include>TWC.Current.DailyDayLabelsCommon</include>
                        <label>[B]$INFO[Window.Property(Daily.3.ShortDay)][/B]</label>
                    </control>
                    <control type="label">
                        <description>Date label</description>
                        <include>TWC.Current.DailyDateLabelsCommon</include>
                        <label>$INFO[Window.Property(Daily.3.ShortDate)]</label>
                    </control>
                    <control type="image">
                        <description>Weather image</description>
                        <include>TWC.Current.DailyIconCommon</include>
                        <texture>$INFO[Window.Property(Daily.3.OutlookIcon)]</texture>
                    </control>
                    <control type="label">
                        <description>High Temp label</description>
                        <include>TWC.Current.DailyHighLabelsCommon</include>
                        <label>$INFO[Window.Property(Daily.3.HighTemperature)]</label>
                        <animation effect="slide" start="0,0" end="-7,0" time="0" condition="IntegerGreaterThan(Window.Property(Daily.3.HighTemperature),-1000) + !IntegerGreaterThan(Window.Property(Daily.3.HighTemperature),-1)">Conditional</animation>
                    </control>
                    <control type="label">
                        <description>High Temp label</description>
                        <include>TWC.Current.DailyHighUnitsCommon</include>
                        <animation effect="slide" start="0,0" end="-12,0" time="0" condition="IntegerGreaterThan(Window.Property(Daily.3.HighTemperature),9) + !IntegerGreaterThan(Window.Property(Daily.3.HighTemperature),99)">Conditional</animation>
                        <animation effect="slide" start="0,0" end="-24,0" time="0" condition="IntegerGreaterThan(Window.Property(Daily.3.HighTemperature),-10) + !IntegerGreaterThan(Window.Property(Daily.3.HighTemperature),9)">Conditional</animation>
                        <animation effect="slide" start="0,0" end="-12,0" time="0" condition="IntegerGreaterThan(Window.Property(Daily.3.HighTemperature),-100) + !IntegerGreaterThan(Window.Property(Daily.3.HighTemperature),-10)">Conditional</animation>
                        <visible>!StringCompare(Window.Property(Daily.3.HighTemperature),n/a)</visible>
                    </control>
                    <control type="label">
                        <description>Low Temp label</description>
                        <include>TWC.Current.DailyLowLabelsCommon</include>
                        <label>$INFO[Window.Property(Daily.3.LowTemperature)]</label>
                        <animation effect="slide" start="0,0" end="-6,0" time="0" condition="IntegerGreaterThan(Window.Property(Daily.3.LowTemperature),-1000) + !IntegerGreaterThan(Window.Property(Daily.3.LowTemperature),-1)">Conditional</animation>
                    </control>
                    <control type="label">
                        <description>Low Temp label</description>
                        <include>TWC.Current.DailyLowUnitsCommon</include>
                        <animation effect="slide" start="0,0" end="-10,0" time="0" condition="IntegerGreaterThan(Window.Property(Daily.3.LowTemperature),9) + !IntegerGreaterThan(Window.Property(Daily.3.LowTemperature),99)">Conditional</animation>
                        <animation effect="slide" start="0,0" end="-21,0" time="0" condition="IntegerGreaterThan(Window.Property(Daily.3.LowTemperature),-10) + !IntegerGreaterThan(Window.Property(Daily.3.LowTemperature),9)">Conditional</animation>
                        <animation effect="slide" start="0,0" end="-12,0" time="0" condition="IntegerGreaterThan(Window.Property(Daily.3.LowTemperature),-100) + !IntegerGreaterThan(Window.Property(Daily.3.LowTemperature),-10)">Conditional</animation>
                        <visible>!StringCompare(Window.Property(Daily.3.LowTemperature),n/a)</visible>
                    </control>
                    <control type="label">
                        <description>precip label</description>
                        <include>TWC.Current.DailyPrecipitationCommon</include>
                        <label>$INFO[Window.Property(Daily.3.Precipitation)]</label>
                    </control>
                    <control type="label">
                        <description>precip units label</description>
                        <include>TWC.Current.DailyPrecipUnitsCommon</include>
                        <animation effect="slide" start="0,0" end="-9,0" time="0" condition="StringCompare(Window.Property(Daily.3.Precipitation),0)">Conditional</animation>
                        <animation effect="slide" start="0,0" end="8,0" time="0" condition="StringCompare(Window.Property(Daily.3.Precipitation),100)">Conditional</animation>
                    </control>
                    <!--include>TWC.Current.DailySeperator</include-->
                </control>
                <control type="group">
                    <width>120</width>
                    <control type="image">
                        <description>weekday image</description>
                        <include>TWC.Current.DailyWeekdayBG</include>
                        <visible>!StringCompare(Window.Property(Daily.4.LongDay),$LOCALIZE[16]) + !StringCompare(Window.Property(Daily.4.LongDay),$LOCALIZE[17])</visible>
                    </control>
                    <control type="image">
                        <description>weekend image</description>
                        <include>TWC.Current.DailyWeekendBG</include>
                        <visible>StringCompare(Window.Property(Daily.4.LongDay),$LOCALIZE[16]) | StringCompare(Window.Property(Daily.4.LongDay),$LOCALIZE[17])</visible>
                    </control>
                    <control type="label">
                        <description>Day label</description>
                        <include>TWC.Current.DailyDayLabelsCommon</include>
                        <label>[B]$INFO[Window.Property(Daily.4.ShortDay)][/B]</label>
                    </control>
                    <control type="label">
                        <description>Date label</description>
                        <include>TWC.Current.DailyDateLabelsCommon</include>
                        <label>$INFO[Window.Property(Daily.4.ShortDate)]</label>
                    </control>
                    <control type="image">
                        <description>Weather image</description>
                        <include>TWC.Current.DailyIconCommon</include>
                        <texture>$INFO[Window.Property(Daily.4.OutlookIcon)]</texture>
                    </control>
                    <control type="label">
                        <description>High Temp label</description>
                        <include>TWC.Current.DailyHighLabelsCommon</include>
                        <label>$INFO[Window.Property(Daily.4.HighTemperature)]</label>
                        <animation effect="slide" start="0,0" end="-7,0" time="0" condition="IntegerGreaterThan(Window.Property(Daily.4.HighTemperature),-100) + !IntegerGreaterThan(Window.Property(Daily.4.HighTemperature),-1)">Conditional</animation>
                    </control>
                    <control type="label">
                        <description>High Temp label</description>
                        <include>TWC.Current.DailyHighUnitsCommon</include>
                        <animation effect="slide" start="0,0" end="-12,0" time="0" condition="IntegerGreaterThan(Window.Property(Daily.4.HighTemperature),9) + !IntegerGreaterThan(Window.Property(Daily.4.HighTemperature),99)">Conditional</animation>
                        <animation effect="slide" start="0,0" end="-24,0" time="0" condition="IntegerGreaterThan(Window.Property(Daily.4.HighTemperature),-10) + !IntegerGreaterThan(Window.Property(Daily.4.HighTemperature),9)">Conditional</animation>
                        <animation effect="slide" start="0,0" end="-12,0" time="0" condition="IntegerGreaterThan(Window.Property(Daily.4.HighTemperature),-100) + !IntegerGreaterThan(Window.Property(Daily.4.HighTemperature),-10)">Conditional</animation>
                        <visible>!StringCompare(Window.Property(Daily.4.HighTemperature),n/a)</visible>
                    </control>
                    <control type="label">
                        <description>Low Temp label</description>
                        <include>TWC.Current.DailyLowLabelsCommon</include>
                        <label>$INFO[Window.Property(Daily.4.LowTemperature)]</label>
                        <animation effect="slide" start="0,0" end="-6,0" time="0" condition="IntegerGreaterThan(Window.Property(Daily.4.LowTemperature),-100) + !IntegerGreaterThan(Window.Property(Daily.4.LowTemperature),-1)">Conditional</animation>
                    </control>
                    <control type="label">
                        <description>Low Temp label</description>
                        <include>TWC.Current.DailyLowUnitsCommon</include>
                        <animation effect="slide" start="0,0" end="-10,0" time="0" condition="IntegerGreaterThan(Window.Property(Daily.4.LowTemperature),9) + !IntegerGreaterThan(Window.Property(Daily.4.LowTemperature),99)">Conditional</animation>
                        <animation effect="slide" start="0,0" end="-21,0" time="0" condition="IntegerGreaterThan(Window.Property(Daily.4.LowTemperature),-10) + !IntegerGreaterThan(Window.Property(Daily.4.LowTemperature),9)">Conditional</animation>
                        <animation effect="slide" start="0,0" end="-12,0" time="0" condition="IntegerGreaterThan(Window.Property(Daily.4.LowTemperature),-100) + !IntegerGreaterThan(Window.Property(Daily.4.LowTemperature),-10)">Conditional</animation>
                        <visible>!StringCompare(Window.Property(Daily.4.LowTemperature),n/a)</visible>
                    </control>
                    <control type="label">
                        <description>precip label</description>
                        <include>TWC.Current.DailyPrecipitationCommon</include>
                        <label>$INFO[Window.Property(Daily.4.Precipitation)]</label>
                    </control>
                    <control type="label">
                        <description>precip units label</description>
                        <include>TWC.Current.DailyPrecipUnitsCommon</include>
                        <animation effect="slide" start="0,0" end="-9,0" time="0" condition="StringCompare(Window.Property(Daily.4.Precipitation),0)">Conditional</animation>
                        <animation effect="slide" start="0,0" end="8,0" time="0" condition="StringCompare(Window.Property(Daily.4.Precipitation),100)">Conditional</animation>
                    </control>
                    <!--include>TWC.Current.DailySeperator</include-->
                </control>
                <control type="group">
                    <width>120</width>
                    <control type="image">
                        <description>weekday image</description>
                        <include>TWC.Current.DailyWeekdayBG</include>
                        <visible>!StringCompare(Window.Property(Daily.5.LongDay),$LOCALIZE[16]) + !StringCompare(Window.Property(Daily.5.LongDay),$LOCALIZE[17])</visible>
                    </control>
                    <control type="image">
                        <description>weekend image</description>
                        <include>TWC.Current.DailyWeekendBG</include>
                        <visible>StringCompare(Window.Property(Daily.5.LongDay),$LOCALIZE[16]) | StringCompare(Window.Property(Daily.5.LongDay),$LOCALIZE[17])</visible>
                    </control>
                    <control type="label">
                        <description>Day label</description>
                        <include>TWC.Current.DailyDayLabelsCommon</include>
                        <label>[B]$INFO[Window.Property(Daily.5.ShortDay)][/B]</label>
                    </control>
                    <control type="label">
                        <description>Date label</description>
                        <include>TWC.Current.DailyDateLabelsCommon</include>
                        <label>$INFO[Window.Property(Daily.5.ShortDate)]</label>
                    </control>
                    <control type="image">
                        <description>Weather image</description>
                        <include>TWC.Current.DailyIconCommon</include>
                        <texture>$INFO[Window.Property(Daily.5.OutlookIcon)]</texture>
                    </control>
                    <control type="label">
                        <description>High Temp label</description>
                        <include>TWC.Current.DailyHighLabelsCommon</include>
                        <label>$INFO[Window.Property(Daily.5.HighTemperature)]</label>
                        <animation effect="slide" start="0,0" end="-7,0" time="0" condition="IntegerGreaterThan(Window.Property(Daily.5.HighTemperature),-100) + !IntegerGreaterThan(Window.Property(Daily.5.HighTemperature),-1)">Conditional</animation>
                    </control>
                    <control type="label">
                        <description>High Temp label</description>
                        <include>TWC.Current.DailyHighUnitsCommon</include>
                        <animation effect="slide" start="0,0" end="-12,0" time="0" condition="IntegerGreaterThan(Window.Property(Daily.5.HighTemperature),9) + !IntegerGreaterThan(Window.Property(Daily.5.HighTemperature),99)">Conditional</animation>
                        <animation effect="slide" start="0,0" end="-24,0" time="0" condition="IntegerGreaterThan(Window.Property(Daily.5.HighTemperature),-10) + !IntegerGreaterThan(Window.Property(Daily.5.HighTemperature),9)">Conditional</animation>
                        <animation effect="slide" start="0,0" end="-12,0" time="0" condition="IntegerGreaterThan(Window.Property(Daily.5.HighTemperature),-100) + !IntegerGreaterThan(Window.Property(Daily.5.HighTemperature),-10)">Conditional</animation>
                        <visible>!StringCompare(Window.Property(Daily.5.HighTemperature),n/a)</visible>
                    </control>
                    <control type="label">
                        <description>Low Temp label</description>
                        <include>TWC.Current.DailyLowLabelsCommon</include>
                        <label>$INFO[Window.Property(Daily.5.LowTemperature)]</label>
                        <animation effect="slide" start="0,0" end="-6,0" time="0" condition="IntegerGreaterThan(Window.Property(Daily.5.LowTemperature),-100) + !IntegerGreaterThan(Window.Property(Daily.5.LowTemperature),-1)">Conditional</animation>
                    </control>
                    <control type="label">
                        <description>Low Temp label</description>
                        <include>TWC.Current.DailyLowUnitsCommon</include>
                        <animation effect="slide" start="0,0" end="-10,0" time="0" condition="IntegerGreaterThan(Window.Property(Daily.5.LowTemperature),9) + !IntegerGreaterThan(Window.Property(Daily.5.LowTemperature),99)">Conditional</animation>
                        <animation effect="slide" start="0,0" end="-21,0" time="0" condition="IntegerGreaterThan(Window.Property(Daily.5.LowTemperature),-10) + !IntegerGreaterThan(Window.Property(Daily.5.LowTemperature),9)">Conditional</animation>
                        <animation effect="slide" start="0,0" end="-12,0" time="0" condition="IntegerGreaterThan(Window.Property(Daily.5.LowTemperature),-100) + !IntegerGreaterThan(Window.Property(Daily.5.LowTemperature),-10)">Conditional</animation>
                        <visible>!StringCompare(Window.Property(Daily.5.LowTemperature),n/a)</visible>
                    </control>
                    <control type="label">
                        <description>precip label</description>
                        <include>TWC.Current.DailyPrecipitationCommon</include>
                        <label>$INFO[Window.Property(Daily.5.Precipitation)]</label>
                    </control>
                    <control type="label">
                        <description>precip units label</description>
                        <include>TWC.Current.DailyPrecipUnitsCommon</include>
                        <animation effect="slide" start="0,0" end="-9,0" time="0" condition="StringCompare(Window.Property(Daily.5.Precipitation),0)">Conditional</animation>
                        <animation effect="slide" start="0,0" end="8,0" time="0" condition="StringCompare(Window.Property(Daily.5.Precipitation),100)">Conditional</animation>
                    </control>
                    <!--include>TWC.Current.DailySeperator</include-->
                </control>
                <control type="group">
                    <width>120</width>
                    <control type="image">
                        <description>weekday image</description>
                        <include>TWC.Current.DailyWeekdayBG</include>
                        <visible>!StringCompare(Window.Property(Daily.6.LongDay),$LOCALIZE[16]) + !StringCompare(Window.Property(Daily.6.LongDay),$LOCALIZE[17])</visible>
                    </control>
                    <control type="image">
                        <description>weekend image</description>
                        <include>TWC.Current.DailyWeekendBG</include>
                        <visible>StringCompare(Window.Property(Daily.6.LongDay),$LOCALIZE[16]) | StringCompare(Window.Property(Daily.6.LongDay),$LOCALIZE[17])</visible>
                    </control>
                    <control type="label">
                        <description>Day label</description>
                        <include>TWC.Current.DailyDayLabelsCommon</include>
                        <label>[B]$INFO[Window.Property(Daily.6.ShortDay)][/B]</label>
                    </control>
                    <control type="label">
                        <description>Date label</description>
                        <include>TWC.Current.DailyDateLabelsCommon</include>
                        <label>$INFO[Window.Property(Daily.6.ShortDate)]</label>
                    </control>
                    <control type="image">
                        <description>Weather image</description>
                        <include>TWC.Current.DailyIconCommon</include>
                        <texture>$INFO[Window.Property(Daily.6.OutlookIcon)]</texture>
                    </control>
                    <control type="label">
                        <description>High Temp label</description>
                        <include>TWC.Current.DailyHighLabelsCommon</include>
                        <label>$INFO[Window.Property(Daily.6.HighTemperature)]</label>
                        <animation effect="slide" start="0,0" end="-7,0" time="0" condition="IntegerGreaterThan(Window.Property(Daily.6.HighTemperature),-100) + !IntegerGreaterThan(Window.Property(Daily.6.HighTemperature),-1)">Conditional</animation>
                    </control>
                    <control type="label">
                        <description>High Temp label</description>
                        <include>TWC.Current.DailyHighUnitsCommon</include>
                        <animation effect="slide" start="0,0" end="-12,0" time="0" condition="IntegerGreaterThan(Window.Property(Daily.6.HighTemperature),9) + !IntegerGreaterThan(Window.Property(Daily.6.HighTemperature),99)">Conditional</animation>
                        <animation effect="slide" start="0,0" end="-24,0" time="0" condition="IntegerGreaterThan(Window.Property(Daily.6.HighTemperature),-10) + !IntegerGreaterThan(Window.Property(Daily.6.HighTemperature),9)">Conditional</animation>
                        <animation effect="slide" start="0,0" end="-12,0" time="0" condition="IntegerGreaterThan(Window.Property(Daily.6.HighTemperature),-100) + !IntegerGreaterThan(Window.Property(Daily.6.HighTemperature),-10)">Conditional</animation>
                        <visible>!StringCompare(Window.Property(Daily.6.HighTemperature),n/a)</visible>
                    </control>
                    <control type="label">
                        <description>Low Temp label</description>
                        <include>TWC.Current.DailyLowLabelsCommon</include>
                        <label>$INFO[Window.Property(Daily.6.LowTemperature)]</label>
                        <animation effect="slide" start="0,0" end="-6,0" time="0" condition="IntegerGreaterThan(Window.Property(Daily.6.LowTemperature),-100) + !IntegerGreaterThan(Window.Property(Daily.6.LowTemperature),-1)">Conditional</animation>
                    </control>
                    <control type="label">
                        <description>Low Temp label</description>
                        <include>TWC.Current.DailyLowUnitsCommon</include>
                        <animation effect="slide" start="0,0" end="-10,0" time="0" condition="IntegerGreaterThan(Window.Property(Daily.6.LowTemperature),9) + !IntegerGreaterThan(Window.Property(Daily.6.LowTemperature),99)">Conditional</animation>
                        <animation effect="slide" start="0,0" end="-21,0" time="0" condition="IntegerGreaterThan(Window.Property(Daily.6.LowTemperature),-10) + !IntegerGreaterThan(Window.Property(Daily.6.LowTemperature),9)">Conditional</animation>
                        <animation effect="slide" start="0,0" end="-12,0" time="0" condition="IntegerGreaterThan(Window.Property(Daily.6.LowTemperature),-100) + !IntegerGreaterThan(Window.Property(Daily.6.LowTemperature),-10)">Conditional</animation>
                        <visible>!StringCompare(Window.Property(Daily.6.LowTemperature),n/a)</visible>
                    </control>
                    <control type="label">
                        <description>precip label</description>
                        <include>TWC.Current.DailyPrecipitationCommon</include>
                        <label>$INFO[Window.Property(Daily.6.Precipitation)]</label>
                    </control>
                    <control type="label">
                        <description>precip units label</description>
                        <include>TWC.Current.DailyPrecipUnitsCommon</include>
                        <animation effect="slide" start="0,0" end="-9,0" time="0" condition="StringCompare(Window.Property(Daily.6.Precipitation),0)">Conditional</animation>
                        <animation effect="slide" start="0,0" end="8,0" time="0" condition="StringCompare(Window.Property(Daily.6.Precipitation),100)">Conditional</animation>
                    </control>
                    <!--include>TWC.Current.DailySeperator</include-->
                </control>
                <control type="group">
                    <width>120</width>
                    <control type="image">
                        <description>weekday image</description>
                        <include>TWC.Current.DailyWeekdayBG</include>
                        <visible>!StringCompare(Window.Property(Daily.7.LongDay),$LOCALIZE[16]) + !StringCompare(Window.Property(Daily.7.LongDay),$LOCALIZE[17])</visible>
                    </control>
                    <control type="image">
                        <description>weekend image</description>
                        <include>TWC.Current.DailyWeekendBG</include>
                        <visible>StringCompare(Window.Property(Daily.7.LongDay),$LOCALIZE[16]) | StringCompare(Window.Property(Daily.7.LongDay),$LOCALIZE[17])</visible>
                    </control>
                    <control type="label">
                        <description>Day label</description>
                        <include>TWC.Current.DailyDayLabelsCommon</include>
                        <label>[B]$INFO[Window.Property(Daily.7.ShortDay)][/B]</label>
                    </control>
                    <control type="label">
                        <description>Date label</description>
                        <include>TWC.Current.DailyDateLabelsCommon</include>
                        <label>$INFO[Window.Property(Daily.7.ShortDate)]</label>
                    </control>
                    <control type="image">
                        <description>Weather image</description>
                        <include>TWC.Current.DailyIconCommon</include>
                        <texture>$INFO[Window.Property(Daily.7.OutlookIcon)]</texture>
                    </control>
                    <control type="label">
                        <description>High Temp label</description>
                        <include>TWC.Current.DailyHighLabelsCommon</include>
                        <label>$INFO[Window.Property(Daily.7.HighTemperature)]</label>
                        <animation effect="slide" start="0,0" end="-7,0" time="0" condition="IntegerGreaterThan(Window.Property(Daily.7.HighTemperature),-100) + !IntegerGreaterThan(Window.Property(Daily.7.HighTemperature),-1)">Conditional</animation>
                    </control>
                    <control type="label">
                        <description>High Temp label</description>
                        <include>TWC.Current.DailyHighUnitsCommon</include>
                        <animation effect="slide" start="0,0" end="-12,0" time="0" condition="IntegerGreaterThan(Window.Property(Daily.7.HighTemperature),9) + !IntegerGreaterThan(Window.Property(Daily.7.HighTemperature),99)">Conditional</animation>
                        <animation effect="slide" start="0,0" end="-24,0" time="0" condition="IntegerGreaterThan(Window.Property(Daily.7.HighTemperature),-10) + !IntegerGreaterThan(Window.Property(Daily.7.HighTemperature),9)">Conditional</animation>
                        <animation effect="slide" start="0,0" end="-12,0" time="0" condition="IntegerGreaterThan(Window.Property(Daily.7.HighTemperature),-100) + !IntegerGreaterThan(Window.Property(Daily.7.HighTemperature),-10)">Conditional</animation>
                        <visible>!StringCompare(Window.Property(Daily.7.HighTemperature),n/a)</visible>
                    </control>
                    <control type="label">
                        <description>Low Temp label</description>
                        <include>TWC.Current.DailyLowLabelsCommon</include>
                        <label>$INFO[Window.Property(Daily.7.LowTemperature)]</label>
                        <animation effect="slide" start="0,0" end="-6,0" time="0" condition="IntegerGreaterThan(Window.Property(Daily.7.LowTemperature),-100) + !IntegerGreaterThan(Window.Property(Daily.7.LowTemperature),-1)">Conditional</animation>
                    </control>
                    <control type="label">
                        <description>Low Temp label</description>
                        <include>TWC.Current.DailyLowUnitsCommon</include>
                        <animation effect="slide" start="0,0" end="-10,0" time="0" condition="IntegerGreaterThan(Window.Property(Daily.7.LowTemperature),9) + !IntegerGreaterThan(Window.Property(Daily.7.LowTemperature),99)">Conditional</animation>
                        <animation effect="slide" start="0,0" end="-21,0" time="0" condition="IntegerGreaterThan(Window.Property(Daily.7.LowTemperature),-10) + !IntegerGreaterThan(Window.Property(Daily.7.LowTemperature),9)">Conditional</animation>
                        <animation effect="slide" start="0,0" end="-12,0" time="0" condition="IntegerGreaterThan(Window.Property(Daily.7.LowTemperature),-100) + !IntegerGreaterThan(Window.Property(Daily.7.LowTemperature),-10)">Conditional</animation>
                        <visible>!StringCompare(Window.Property(Daily.7.LowTemperature),n/a)</visible>
                    </control>
                    <control type="label">
                        <description>precip label</description>
                        <include>TWC.Current.DailyPrecipitationCommon</include>
                        <label>$INFO[Window.Property(Daily.7.Precipitation)]</label>
                    </control>
                    <control type="label">
                        <description>precip units label</description>
                        <include>TWC.Current.DailyPrecipUnitsCommon</include>
                        <animation effect="slide" start="0,0" end="-9,0" time="0" condition="StringCompare(Window.Property(Daily.7.Precipitation),0)">Conditional</animation>
                        <animation effect="slide" start="0,0" end="8,0" time="0" condition="StringCompare(Window.Property(Daily.7.Precipitation),100)">Conditional</animation>
                    </control>
                </control>
            </control>
            <!-- Hourly forecast -->
            <control type="grouplist">
                <posx>-11</posx>
                <posy>305</posy>
                <width>840</width>
                <itemgap>0</itemgap>
                <orientation>horizontal</orientation>
                <visible>Skin.HasSetting(TWC.ShowCurrentHourly) + !IsEmpty(Window.Property(Hourly.IsFetched))</visible>
                <control type="group">
                    <width>120</width>
                    <control type="image">
                        <description>weekday image</description>
                        <include>TWC.Current.DailyWeekdayBG</include>
                    </control>
                    <control type="label">
                        <description>Time label</description>
                        <include>TWC.Current.DailyDayLabelsCommon</include>
                        <label>[B]$INFO[Window.Property(Hourly.1.Time)][/B]</label>
                    </control>
                    <control type="label">
                        <description>Date label</description>
                        <include>TWC.Current.DailyDateLabelsCommon</include>
                        <label>$INFO[Window.Property(Hourly.1.ShortDate)]</label>
                    </control>
                    <control type="image">
                        <description>Weather image</description>
                        <include>TWC.Current.DailyIconCommon</include>
                        <texture>$INFO[Window.Property(Hourly.1.OutlookIcon)]</texture>
                    </control>
                    <control type="label">
                        <description>High Temp label</description>
                        <include>TWC.Current.DailyHighLabelsCommon</include>
                        <label>$INFO[Window.Property(Hourly.1.Temperature)]</label>
                        <animation effect="slide" start="0,0" end="-7,0" time="0" condition="IntegerGreaterThan(Window.Property(Hourly.1.Temperature),-100) + !IntegerGreaterThan(Window.Property(Hourly.1.Temperature),-1)">Conditional</animation>
                    </control>
                    <control type="label">
                        <description>High Temp label</description>
                        <include>TWC.Current.DailyHighUnitsCommon</include>
                        <info>System.TemperatureUnits</info>
                        <animation effect="slide" start="0,0" end="-12,0" time="0" condition="IntegerGreaterThan(Window.Property(Hourly.1.Temperature),9) + !IntegerGreaterThan(Window.Property(Hourly.1.Temperature),99)">Conditional</animation>
                        <animation effect="slide" start="0,0" end="-24,0" time="0" condition="IntegerGreaterThan(Window.Property(Hourly.1.Temperature),-10) + !IntegerGreaterThan(Window.Property(Hourly.1.Temperature),9)">Conditional</animation>
                        <animation effect="slide" start="0,0" end="-12,0" time="0" condition="IntegerGreaterThan(Window.Property(Hourly.1.Temperature),-100) + !IntegerGreaterThan(Window.Property(Hourly.1.Temperature),-10)">Conditional</animation>
                        <visible>!StringCompare(Window.Property(Hourly.1.Temperature),n/a)</visible>
                    </control>
                    <control type="label">
                        <description>Low Temp label</description>
                        <include>TWC.Current.DailyLowLabelsCommon</include>
                        <label>$INFO[Window.Property(Hourly.1.FeelsLike)]</label>
                        <animation effect="slide" start="0,0" end="-6,0" time="0" condition="IntegerGreaterThan(Window.Property(Hourly.1.FeelsLike),-100) + !IntegerGreaterThan(Window.Property(Hourly.1.FeelsLike),-1)">Conditional</animation>
                    </control>
                    <control type="label">
                        <description>Low Temp label</description>
                        <include>TWC.Current.DailyLowUnitsCommon</include>
                        <animation effect="slide" start="0,0" end="-10,0" time="0" condition="IntegerGreaterThan(Window.Property(Hourly.1.FeelsLike),9) + !IntegerGreaterThan(Window.Property(Hourly.1.FeelsLike),99)">Conditional</animation>
                        <animation effect="slide" start="0,0" end="-21,0" time="0" condition="IntegerGreaterThan(Window.Property(Hourly.1.FeelsLike),-10) + !IntegerGreaterThan(Window.Property(Hourly.1.FeelsLike),9)">Conditional</animation>
                        <animation effect="slide" start="0,0" end="-12,0" time="0" condition="IntegerGreaterThan(Window.Property(Hourly.1.FeelsLike),-100) + !IntegerGreaterThan(Window.Property(Hourly.1.FeelsLike),-10)">Conditional</animation>
                        <visible>!StringCompare(Window.Property(Hourly.1.FeelsLike),n/a)</visible>
                    </control>
                    <control type="label">
                        <description>precip label</description>
                        <include>TWC.Current.DailyPrecipitationCommon</include>
                        <label>$INFO[Window.Property(Hourly.1.Precipitation)]</label>
                    </control>
                    <control type="label">
                        <description>precip units label</description>
                        <include>TWC.Current.DailyPrecipUnitsCommon</include>
                        <animation effect="slide" start="0,0" end="-9,0" time="0" condition="StringCompare(Window.Property(Hourly.1.Precipitation),0)">Conditional</animation>
                        <animation effect="slide" start="0,0" end="8,0" time="0" condition="StringCompare(Window.Property(Hourly.1.Precipitation),100)">Conditional</animation>
                    </control>
                    <!--include>TWC.Current.DailySeperator</include-->
                </control>
                <control type="group">
                    <width>120</width>
                    <control type="image">
                        <description>weekday image</description>
                        <include>TWC.Current.DailyWeekdayBG</include>
                    </control>
                    <control type="label">
                        <description>Time label</description>
                        <include>TWC.Current.DailyDayLabelsCommon</include>
                        <label>[B]$INFO[Window.Property(Hourly.2.Time)][/B]</label>
                    </control>
                    <control type="label">
                        <description>Date label</description>
                        <include>TWC.Current.DailyDateLabelsCommon</include>
                        <label>$INFO[Window.Property(Hourly.2.ShortDate)]</label>
                    </control>
                    <control type="image">
                        <description>Weather image</description>
                        <include>TWC.Current.DailyIconCommon</include>
                        <texture>$INFO[Window.Property(Hourly.2.OutlookIcon)]</texture>
                    </control>
                    <control type="label">
                        <description>High Temp label</description>
                        <include>TWC.Current.DailyHighLabelsCommon</include>
                        <label>$INFO[Window.Property(Hourly.2.Temperature)]</label>
                        <animation effect="slide" start="0,0" end="-7,0" time="0" condition="IntegerGreaterThan(Window.Property(Hourly.2.Temperature),-100) + !IntegerGreaterThan(Window.Property(Hourly.2.Temperature),-1)">Conditional</animation>
                    </control>
                    <control type="label">
                        <description>High Temp label</description>
                        <include>TWC.Current.DailyHighUnitsCommon</include>
                        <info>System.TemperatureUnits</info>
                        <animation effect="slide" start="0,0" end="-12,0" time="0" condition="IntegerGreaterThan(Window.Property(Hourly.2.Temperature),9) + !IntegerGreaterThan(Window.Property(Hourly.2.Temperature),99)">Conditional</animation>
                        <animation effect="slide" start="0,0" end="-24,0" time="0" condition="IntegerGreaterThan(Window.Property(Hourly.2.Temperature),-10) + !IntegerGreaterThan(Window.Property(Hourly.2.Temperature),9)">Conditional</animation>
                        <animation effect="slide" start="0,0" end="-12,0" time="0" condition="IntegerGreaterThan(Window.Property(Hourly.2.Temperature),-100) + !IntegerGreaterThan(Window.Property(Hourly.2.Temperature),-10)">Conditional</animation>
                        <visible>!StringCompare(Window.Property(Hourly.2.Temperature),n/a)</visible>
                    </control>
                    <control type="label">
                        <description>Low Temp label</description>
                        <include>TWC.Current.DailyLowLabelsCommon</include>
                        <label>$INFO[Window.Property(Hourly.2.FeelsLike)]</label>
                        <animation effect="slide" start="0,0" end="-6,0" time="0" condition="IntegerGreaterThan(Window.Property(Hourly.2.FeelsLike),-100) + !IntegerGreaterThan(Window.Property(Hourly.2.FeelsLike),-1)">Conditional</animation>
                    </control>
                    <control type="label">
                        <description>Low Temp label</description>
                        <include>TWC.Current.DailyLowUnitsCommon</include>
                        <animation effect="slide" start="0,0" end="-10,0" time="0" condition="IntegerGreaterThan(Window.Property(Hourly.2.FeelsLike),9) + !IntegerGreaterThan(Window.Property(Hourly.2.FeelsLike),99)">Conditional</animation>
                        <animation effect="slide" start="0,0" end="-21,0" time="0" condition="IntegerGreaterThan(Window.Property(Hourly.2.FeelsLike),-10) + !IntegerGreaterThan(Window.Property(Hourly.2.FeelsLike),9)">Conditional</animation>
                        <animation effect="slide" start="0,0" end="-12,0" time="0" condition="IntegerGreaterThan(Window.Property(Hourly.2.FeelsLike),-100) + !IntegerGreaterThan(Window.Property(Hourly.2.FeelsLike),-10)">Conditional</animation>
                        <visible>!StringCompare(Window.Property(Hourly.2.FeelsLike),n/a)</visible>
                    </control>
                    <control type="label">
                        <description>precip label</description>
                        <include>TWC.Current.DailyPrecipitationCommon</include>
                        <label>$INFO[Window.Property(Hourly.2.Precipitation)]</label>
                    </control>
                    <control type="label">
                        <description>precip units label</description>
                        <include>TWC.Current.DailyPrecipUnitsCommon</include>
                        <animation effect="slide" start="0,0" end="-9,0" time="0" condition="StringCompare(Window.Property(Hourly.2.Precipitation),0)">Conditional</animation>
                        <animation effect="slide" start="0,0" end="8,0" time="0" condition="StringCompare(Window.Property(Hourly.2.Precipitation),100)">Conditional</animation>
                    </control>
                    <!--include>TWC.Current.DailySeperator</include-->
                </control>
                <control type="group">
                    <width>120</width>
                    <control type="image">
                        <description>weekday image</description>
                        <include>TWC.Current.DailyWeekdayBG</include>
                    </control>
                    <control type="label">
                        <description>Time label</description>
                        <include>TWC.Current.DailyDayLabelsCommon</include>
                        <label>[B]$INFO[Window.Property(Hourly.3.Time)][/B]</label>
                    </control>
                    <control type="label">
                        <description>Date label</description>
                        <include>TWC.Current.DailyDateLabelsCommon</include>
                        <label>$INFO[Window.Property(Hourly.3.ShortDate)]</label>
                    </control>
                    <control type="image">
                        <description>Weather image</description>
                        <include>TWC.Current.DailyIconCommon</include>
                        <texture>$INFO[Window.Property(Hourly.3.OutlookIcon)]</texture>
                    </control>
                    <control type="label">
                        <description>High Temp label</description>
                        <include>TWC.Current.DailyHighLabelsCommon</include>
                        <label>$INFO[Window.Property(Hourly.3.Temperature)]</label>
                        <animation effect="slide" start="0,0" end="-7,0" time="0" condition="IntegerGreaterThan(Window.Property(Hourly.3.Temperature),-100) + !IntegerGreaterThan(Window.Property(Hourly.3.Temperature),-1)">Conditional</animation>
                    </control>
                    <control type="label">
                        <description>High Temp label</description>
                        <include>TWC.Current.DailyHighUnitsCommon</include>
                        <info>System.TemperatureUnits</info>
                        <animation effect="slide" start="0,0" end="-12,0" time="0" condition="IntegerGreaterThan(Window.Property(Hourly.3.Temperature),9) + !IntegerGreaterThan(Window.Property(Hourly.3.Temperature),99)">Conditional</animation>
                        <animation effect="slide" start="0,0" end="-24,0" time="0" condition="IntegerGreaterThan(Window.Property(Hourly.3.Temperature),-10) + !IntegerGreaterThan(Window.Property(Hourly.3.Temperature),9)">Conditional</animation>
                        <animation effect="slide" start="0,0" end="-12,0" time="0" condition="IntegerGreaterThan(Window.Property(Hourly.3.Temperature),-100) + !IntegerGreaterThan(Window.Property(Hourly.3.Temperature),-10)">Conditional</animation>
                        <visible>!StringCompare(Window.Property(Hourly.3.Temperature),n/a)</visible>
                    </control>
                    <control type="label">
                        <description>Low Temp label</description>
                        <include>TWC.Current.DailyLowLabelsCommon</include>
                        <label>$INFO[Window.Property(Hourly.3.FeelsLike)]</label>
                        <animation effect="slide" start="0,0" end="-6,0" time="0" condition="IntegerGreaterThan(Window.Property(Hourly.3.FeelsLike),-100) + !IntegerGreaterThan(Window.Property(Hourly.3.FeelsLike),-1)">Conditional</animation>
                    </control>
                    <control type="label">
                        <description>Low Temp label</description>
                        <include>TWC.Current.DailyLowUnitsCommon</include>
                        <animation effect="slide" start="0,0" end="-10,0" time="0" condition="IntegerGreaterThan(Window.Property(Hourly.3.FeelsLike),9) + !IntegerGreaterThan(Window.Property(Hourly.3.FeelsLike),99)">Conditional</animation>
                        <animation effect="slide" start="0,0" end="-21,0" time="0" condition="IntegerGreaterThan(Window.Property(Hourly.3.FeelsLike),-10) + !IntegerGreaterThan(Window.Property(Hourly.3.FeelsLike),9)">Conditional</animation>
                        <animation effect="slide" start="0,0" end="-12,0" time="0" condition="IntegerGreaterThan(Window.Property(Hourly.3.FeelsLike),-100) + !IntegerGreaterThan(Window.Property(Hourly.3.FeelsLike),-10)">Conditional</animation>
                        <visible>!StringCompare(Window.Property(Hourly.3.FeelsLike),n/a)</visible>
                    </control>
                    <control type="label">
                        <description>precip label</description>
                        <include>TWC.Current.DailyPrecipitationCommon</include>
                        <label>$INFO[Window.Property(Hourly.3.Precipitation)]</label>
                    </control>
                    <control type="label">
                        <description>precip units label</description>
                        <include>TWC.Current.DailyPrecipUnitsCommon</include>
                        <animation effect="slide" start="0,0" end="-9,0" time="0" condition="StringCompare(Window.Property(Hourly.3.Precipitation),0)">Conditional</animation>
                        <animation effect="slide" start="0,0" end="8,0" time="0" condition="StringCompare(Window.Property(Hourly.3.Precipitation),100)">Conditional</animation>
                    </control>
                    <!--include>TWC.Current.DailySeperator</include-->
                </control>
                <control type="group">
                    <width>120</width>
                    <control type="image">
                        <description>weekday image</description>
                        <include>TWC.Current.DailyWeekdayBG</include>
                    </control>
                    <control type="label">
                        <description>Time label</description>
                        <include>TWC.Current.DailyDayLabelsCommon</include>
                        <label>[B]$INFO[Window.Property(Hourly.4.Time)][/B]</label>
                    </control>
                    <control type="label">
                        <description>Date label</description>
                        <include>TWC.Current.DailyDateLabelsCommon</include>
                        <label>$INFO[Window.Property(Hourly.4.ShortDate)]</label>
                    </control>
                    <control type="image">
                        <description>Weather image</description>
                        <include>TWC.Current.DailyIconCommon</include>
                        <texture>$INFO[Window.Property(Hourly.4.OutlookIcon)]</texture>
                    </control>
                    <control type="label">
                        <description>High Temp label</description>
                        <include>TWC.Current.DailyHighLabelsCommon</include>
                        <label>$INFO[Window.Property(Hourly.4.Temperature)]</label>
                        <animation effect="slide" start="0,0" end="-7,0" time="0" condition="IntegerGreaterThan(Window.Property(Hourly.4.Temperature),-100) + !IntegerGreaterThan(Window.Property(Hourly.4.Temperature),-1)">Conditional</animation>
                    </control>
                    <control type="label">
                        <description>High Temp label</description>
                        <include>TWC.Current.DailyHighUnitsCommon</include>
                        <info>System.TemperatureUnits</info>
                        <animation effect="slide" start="0,0" end="-12,0" time="0" condition="IntegerGreaterThan(Window.Property(Hourly.4.Temperature),9) + !IntegerGreaterThan(Window.Property(Hourly.4.Temperature),99)">Conditional</animation>
                        <animation effect="slide" start="0,0" end="-24,0" time="0" condition="IntegerGreaterThan(Window.Property(Hourly.4.Temperature),-10) + !IntegerGreaterThan(Window.Property(Hourly.4.Temperature),9)">Conditional</animation>
                        <animation effect="slide" start="0,0" end="-12,0" time="0" condition="IntegerGreaterThan(Window.Property(Hourly.4.Temperature),-100) + !IntegerGreaterThan(Window.Property(Hourly.4.Temperature),-10)">Conditional</animation>
                        <visible>!StringCompare(Window.Property(Hourly.4.Temperature),n/a)</visible>
                    </control>
                    <control type="label">
                        <description>Low Temp label</description>
                        <include>TWC.Current.DailyLowLabelsCommon</include>
                        <label>$INFO[Window.Property(Hourly.4.FeelsLike)]</label>
                        <animation effect="slide" start="0,0" end="-6,0" time="0" condition="IntegerGreaterThan(Window.Property(Hourly.4.FeelsLike),-100) + !IntegerGreaterThan(Window.Property(Hourly.4.FeelsLike),-1)">Conditional</animation>
                    </control>
                    <control type="label">
                        <description>Low Temp label</description>
                        <include>TWC.Current.DailyLowUnitsCommon</include>
                        <animation effect="slide" start="0,0" end="-10,0" time="0" condition="IntegerGreaterThan(Window.Property(Hourly.4.FeelsLike),9) + !IntegerGreaterThan(Window.Property(Hourly.4.FeelsLike),99)">Conditional</animation>
                        <animation effect="slide" start="0,0" end="-21,0" time="0" condition="IntegerGreaterThan(Window.Property(Hourly.4.FeelsLike),-10) + !IntegerGreaterThan(Window.Property(Hourly.4.FeelsLike),9)">Conditional</animation>
                        <animation effect="slide" start="0,0" end="-12,0" time="0" condition="IntegerGreaterThan(Window.Property(Hourly.4.FeelsLike),-100) + !IntegerGreaterThan(Window.Property(Hourly.4.FeelsLike),-10)">Conditional</animation>
                        <visible>!StringCompare(Window.Property(Hourly.4.FeelsLike),n/a)</visible>
                    </control>
                    <control type="label">
                        <description>precip label</description>
                        <include>TWC.Current.DailyPrecipitationCommon</include>
                        <label>$INFO[Window.Property(Hourly.4.Precipitation)]</label>
                    </control>
                    <control type="label">
                        <description>precip units label</description>
                        <include>TWC.Current.DailyPrecipUnitsCommon</include>
                        <animation effect="slide" start="0,0" end="-9,0" time="0" condition="StringCompare(Window.Property(Hourly.4.Precipitation),0)">Conditional</animation>
                        <animation effect="slide" start="0,0" end="8,0" time="0" condition="StringCompare(Window.Property(Hourly.4.Precipitation),100)">Conditional</animation>
                    </control>
                    <!--include>TWC.Current.DailySeperator</include-->
                </control>
                <control type="group">
                    <width>120</width>
                    <control type="image">
                        <description>weekday image</description>
                        <include>TWC.Current.DailyWeekdayBG</include>
                    </control>
                    <control type="label">
                        <description>Time label</description>
                        <include>TWC.Current.DailyDayLabelsCommon</include>
                        <label>[B]$INFO[Window.Property(Hourly.5.Time)][/B]</label>
                    </control>
                    <control type="label">
                        <description>Date label</description>
                        <include>TWC.Current.DailyDateLabelsCommon</include>
                        <label>$INFO[Window.Property(Hourly.5.ShortDate)]</label>
                    </control>
                    <control type="image">
                        <description>Weather image</description>
                        <include>TWC.Current.DailyIconCommon</include>
                        <texture>$INFO[Window.Property(Hourly.5.OutlookIcon)]</texture>
                    </control>
                    <control type="label">
                        <description>High Temp label</description>
                        <include>TWC.Current.DailyHighLabelsCommon</include>
                        <label>$INFO[Window.Property(Hourly.5.Temperature)]</label>
                        <animation effect="slide" start="0,0" end="-7,0" time="0" condition="IntegerGreaterThan(Window.Property(Hourly.5.Temperature),-100) + !IntegerGreaterThan(Window.Property(Hourly.5.Temperature),-1)">Conditional</animation>
                    </control>
                    <control type="label">
                        <description>High Temp label</description>
                        <include>TWC.Current.DailyHighUnitsCommon</include>
                        <info>System.TemperatureUnits</info>
                        <animation effect="slide" start="0,0" end="-12,0" time="0" condition="IntegerGreaterThan(Window.Property(Hourly.5.Temperature),9) + !IntegerGreaterThan(Window.Property(Hourly.5.Temperature),99)">Conditional</animation>
                        <animation effect="slide" start="0,0" end="-24,0" time="0" condition="IntegerGreaterThan(Window.Property(Hourly.5.Temperature),-10) + !IntegerGreaterThan(Window.Property(Hourly.5.Temperature),9)">Conditional</animation>
                        <animation effect="slide" start="0,0" end="-12,0" time="0" condition="IntegerGreaterThan(Window.Property(Hourly.5.Temperature),-100) + !IntegerGreaterThan(Window.Property(Hourly.5.Temperature),-10)">Conditional</animation>
                        <visible>!StringCompare(Window.Property(Hourly.5.Temperature),n/a)</visible>
                    </control>
                    <control type="label">
                        <description>Low Temp label</description>
                        <include>TWC.Current.DailyLowLabelsCommon</include>
                        <label>$INFO[Window.Property(Hourly.5.FeelsLike)]</label>
                        <animation effect="slide" start="0,0" end="-6,0" time="0" condition="IntegerGreaterThan(Window.Property(Hourly.5.FeelsLike),-100) + !IntegerGreaterThan(Window.Property(Hourly.5.FeelsLike),-1)">Conditional</animation>
                    </control>
                    <control type="label">
                        <description>Low Temp label</description>
                        <include>TWC.Current.DailyLowUnitsCommon</include>
                        <animation effect="slide" start="0,0" end="-10,0" time="0" condition="IntegerGreaterThan(Window.Property(Hourly.5.FeelsLike),9) + !IntegerGreaterThan(Window.Property(Hourly.5.FeelsLike),99)">Conditional</animation>
                        <animation effect="slide" start="0,0" end="-21,0" time="0" condition="IntegerGreaterThan(Window.Property(Hourly.5.FeelsLike),-10) + !IntegerGreaterThan(Window.Property(Hourly.5.FeelsLike),9)">Conditional</animation>
                        <animation effect="slide" start="0,0" end="-12,0" time="0" condition="IntegerGreaterThan(Window.Property(Hourly.5.FeelsLike),-100) + !IntegerGreaterThan(Window.Property(Hourly.5.FeelsLike),-10)">Conditional</animation>
                        <visible>!StringCompare(Window.Property(Hourly.5.FeelsLike),n/a)</visible>
                    </control>
                    <control type="label">
                        <description>precip label</description>
                        <include>TWC.Current.DailyPrecipitationCommon</include>
                        <label>$INFO[Window.Property(Hourly.5.Precipitation)]</label>
                    </control>
                    <control type="label">
                        <description>precip units label</description>
                        <include>TWC.Current.DailyPrecipUnitsCommon</include>
                        <animation effect="slide" start="0,0" end="-9,0" time="0" condition="StringCompare(Window.Property(Hourly.5.Precipitation),0)">Conditional</animation>
                        <animation effect="slide" start="0,0" end="8,0" time="0" condition="StringCompare(Window.Property(Hourly.5.Precipitation),100)">Conditional</animation>
                    </control>
                    <!--include>TWC.Current.DailySeperator</include-->
                </control>
                <control type="group">
                    <width>120</width>
                    <control type="image">
                        <description>weekday image</description>
                        <include>TWC.Current.DailyWeekdayBG</include>
                    </control>
                    <control type="label">
                        <description>Time label</description>
                        <include>TWC.Current.DailyDayLabelsCommon</include>
                        <label>[B]$INFO[Window.Property(Hourly.6.Time)][/B]</label>
                    </control>
                    <control type="label">
                        <description>Date label</description>
                        <include>TWC.Current.DailyDateLabelsCommon</include>
                        <label>$INFO[Window.Property(Hourly.6.ShortDate)]</label>
                    </control>
                    <control type="image">
                        <description>Weather image</description>
                        <include>TWC.Current.DailyIconCommon</include>
                        <texture>$INFO[Window.Property(Hourly.6.OutlookIcon)]</texture>
                    </control>
                    <control type="label">
                        <description>High Temp label</description>
                        <include>TWC.Current.DailyHighLabelsCommon</include>
                        <label>$INFO[Window.Property(Hourly.6.Temperature)]</label>
                        <animation effect="slide" start="0,0" end="-7,0" time="0" condition="IntegerGreaterThan(Window.Property(Hourly.6.Temperature),-100) + !IntegerGreaterThan(Window.Property(Hourly.6.Temperature),-1)">Conditional</animation>
                    </control>
                    <control type="label">
                        <description>High Temp label</description>
                        <include>TWC.Current.DailyHighUnitsCommon</include>
                        <info>System.TemperatureUnits</info>
                        <animation effect="slide" start="0,0" end="-12,0" time="0" condition="IntegerGreaterThan(Window.Property(Hourly.6.Temperature),9) + !IntegerGreaterThan(Window.Property(Hourly.6.Temperature),99)">Conditional</animation>
                        <animation effect="slide" start="0,0" end="-24,0" time="0" condition="IntegerGreaterThan(Window.Property(Hourly.6.Temperature),-10) + !IntegerGreaterThan(Window.Property(Hourly.6.Temperature),9)">Conditional</animation>
                        <animation effect="slide" start="0,0" end="-12,0" time="0" condition="IntegerGreaterThan(Window.Property(Hourly.6.Temperature),-100) + !IntegerGreaterThan(Window.Property(Hourly.6.Temperature),-10)">Conditional</animation>
                        <visible>!StringCompare(Window.Property(Hourly.6.Temperature),n/a)</visible>
                    </control>
                    <control type="label">
                        <description>Low Temp label</description>
                        <include>TWC.Current.DailyLowLabelsCommon</include>
                        <label>$INFO[Window.Property(Hourly.6.FeelsLike)]</label>
                        <animation effect="slide" start="0,0" end="-6,0" time="0" condition="IntegerGreaterThan(Window.Property(Hourly.6.FeelsLike),-100) + !IntegerGreaterThan(Window.Property(Hourly.6.FeelsLike),-1)">Conditional</animation>
                    </control>
                    <control type="label">
                        <description>Low Temp label</description>
                        <include>TWC.Current.DailyLowUnitsCommon</include>
                        <animation effect="slide" start="0,0" end="-10,0" time="0" condition="IntegerGreaterThan(Window.Property(Hourly.6.FeelsLike),9) + !IntegerGreaterThan(Window.Property(Hourly.6.FeelsLike),99)">Conditional</animation>
                        <animation effect="slide" start="0,0" end="-21,0" time="0" condition="IntegerGreaterThan(Window.Property(Hourly.6.FeelsLike),-10) + !IntegerGreaterThan(Window.Property(Hourly.6.FeelsLike),9)">Conditional</animation>
                        <animation effect="slide" start="0,0" end="-12,0" time="0" condition="IntegerGreaterThan(Window.Property(Hourly.6.FeelsLike),-100) + !IntegerGreaterThan(Window.Property(Hourly.6.FeelsLike),-10)">Conditional</animation>
                        <visible>!StringCompare(Window.Property(Hourly.6.FeelsLike),n/a)</visible>
                    </control>
                    <control type="label">
                        <description>precip label</description>
                        <include>TWC.Current.DailyPrecipitationCommon</include>
                        <label>$INFO[Window.Property(Hourly.6.Precipitation)]</label>
                    </control>
                    <control type="label">
                        <description>precip units label</description>
                        <include>TWC.Current.DailyPrecipUnitsCommon</include>
                        <animation effect="slide" start="0,0" end="-9,0" time="0" condition="StringCompare(Window.Property(Hourly.6.Precipitation),0)">Conditional</animation>
                        <animation effect="slide" start="0,0" end="8,0" time="0" condition="StringCompare(Window.Property(Hourly.6.Precipitation),100)">Conditional</animation>
                    </control>
                    <!--include>TWC.Current.DailySeperator</include-->
                </control>
                <control type="group">
                    <width>120</width>
                    <control type="image">
                        <description>weekday image</description>
                        <include>TWC.Current.DailyWeekdayBG</include>
                    </control>
                    <control type="label">
                        <description>Time label</description>
                        <include>TWC.Current.DailyDayLabelsCommon</include>
                        <label>[B]$INFO[Window.Property(Hourly.7.Time)][/B]</label>
                    </control>
                    <control type="label">
                        <description>Date label</description>
                        <include>TWC.Current.DailyDateLabelsCommon</include>
                        <label>$INFO[Window.Property(Hourly.7.ShortDate)]</label>
                    </control>
                    <control type="image">
                        <description>Weather image</description>
                        <include>TWC.Current.DailyIconCommon</include>
                        <texture>$INFO[Window.Property(Hourly.7.OutlookIcon)]</texture>
                    </control>
                    <control type="label">
                        <description>High Temp label</description>
                        <include>TWC.Current.DailyHighLabelsCommon</include>
                        <label>$INFO[Window.Property(Hourly.7.Temperature)]</label>
                        <animation effect="slide" start="0,0" end="-7,0" time="0" condition="IntegerGreaterThan(Window.Property(Hourly.7.Temperature),-100) + !IntegerGreaterThan(Window.Property(Hourly.7.Temperature),-1)">Conditional</animation>
                    </control>
                    <control type="label">
                        <description>High Temp label</description>
                        <include>TWC.Current.DailyHighUnitsCommon</include>
                        <info>System.TemperatureUnits</info>
                        <animation effect="slide" start="0,0" end="-12,0" time="0" condition="IntegerGreaterThan(Window.Property(Hourly.7.Temperature),9) + !IntegerGreaterThan(Window.Property(Hourly.7.Temperature),99)">Conditional</animation>
                        <animation effect="slide" start="0,0" end="-24,0" time="0" condition="IntegerGreaterThan(Window.Property(Hourly.7.Temperature),-10) + !IntegerGreaterThan(Window.Property(Hourly.7.Temperature),9)">Conditional</animation>
                        <animation effect="slide" start="0,0" end="-12,0" time="0" condition="IntegerGreaterThan(Window.Property(Hourly.7.Temperature),-100) + !IntegerGreaterThan(Window.Property(Hourly.7.Temperature),-10)">Conditional</animation>
                        <visible>!StringCompare(Window.Property(Hourly.7.Temperature),n/a)</visible>
                    </control>
                    <control type="label">
                        <description>Low Temp label</description>
                        <include>TWC.Current.DailyLowLabelsCommon</include>
                        <label>$INFO[Window.Property(Hourly.7.FeelsLike)]</label>
                        <animation effect="slide" start="0,0" end="-6,0" time="0" condition="IntegerGreaterThan(Window.Property(Hourly.7.FeelsLike),-100) + !IntegerGreaterThan(Window.Property(Hourly.7.FeelsLike),-1)">Conditional</animation>
                    </control>
                    <control type="label">
                        <description>Low Temp label</description>
                        <include>TWC.Current.DailyLowUnitsCommon</include>
                        <animation effect="slide" start="0,0" end="-10,0" time="0" condition="IntegerGreaterThan(Window.Property(Hourly.7.FeelsLike),9) + !IntegerGreaterThan(Window.Property(Hourly.7.FeelsLike),99)">Conditional</animation>
                        <animation effect="slide" start="0,0" end="-21,0" time="0" condition="IntegerGreaterThan(Window.Property(Hourly.7.FeelsLike),-10) + !IntegerGreaterThan(Window.Property(Hourly.7.FeelsLike),9)">Conditional</animation>
                        <animation effect="slide" start="0,0" end="-12,0" time="0" condition="IntegerGreaterThan(Window.Property(Hourly.7.FeelsLike),-100) + !IntegerGreaterThan(Window.Property(Hourly.7.FeelsLike),-10)">Conditional</animation>
                        <visible>!StringCompare(Window.Property(Hourly.7.FeelsLike),n/a)</visible>
                    </control>
                    <control type="label">
                        <description>precip label</description>
                        <include>TWC.Current.DailyPrecipitationCommon</include>
                        <label>$INFO[Window.Property(Hourly.7.Precipitation)]</label>
                    </control>
                    <control type="label">
                        <description>precip units label</description>
                        <include>TWC.Current.DailyPrecipUnitsCommon</include>
                        <animation effect="slide" start="0,0" end="-9,0" time="0" condition="StringCompare(Window.Property(Hourly.7.Precipitation),0)">Conditional</animation>
                        <animation effect="slide" start="0,0" end="8,0" time="0" condition="StringCompare(Window.Property(Hourly.7.Precipitation),100)">Conditional</animation>
                    </control>
                </control>
            </control>
        </control>
    </include>
</includes>
