<includes>
    <include name="TWC.Hourly.Button">
        <control type="button" id="13202">
            <include>TWC.ButtonCommon</include>
            <label>31902</label>
            <onclick>SetProperty(Weather.CurrentView,$LOCALIZE[31902] $LOCALIZE[31911])</onclick>
            <onclick>SetProperty(Weather.CurrentViewMenu,$LOCALIZE[31902])</onclick>
        </control>
    </include>
    <include name="TWC.Hourly.ButtonXLabel">
        <control type="button">
            <include>TWC.ButtonXLabelCommon</include>
            <label>31911</label>
        </control>
    </include>
    <!--include name="TWC.Hourly.SettingsButtons">
        <control type="radiobutton" id="91202">
            <description>hourly details</description>
            <include>ButtonMediaSubCommonValues</include>
            <label>31934</label>
            <onclick>Skin.ToggleSetting(TWC.ShowHourlyDetails)</onclick>
            <selected>!Skin.HasSetting(TWC.ShowHourlyDetails)</selected>
            <visible>StringCompare(Window.Property(Weather.CurrentView),$LOCALIZE[31902] $LOCALIZE[31911])</visible>
        </control>
    </include-->
    <include name="TWC.Hourly.HeadingCommon">
        <posx>0</posx>
        <posy>-10</posy>
        <width>110</width>
        <height>40</height>
        <font>font12</font>
        <textcolor>grey2</textcolor>
        <shadowcolor>black</shadowcolor>
        <align>center</align>
        <aligny>top</aligny>
        <wrapmultiline>true</wrapmultiline>
    </include>
    <include name="TWC.Hourly.ListNoFocusTexture">
        <control type="image">
            <posx>0</posx>
            <posy>0</posy>
            <width>785</width>
            <height>80</height>
            <texture border="5">MenuItemNF.png</texture>
        </control>
    </include>
    <include name="TWC.Hourly.ListTime">
        <posx>0</posx>
        <posy>0</posy>
        <width>110</width>
        <height>80</height>
        <font>font12</font>
        <textcolor>white</textcolor>
        <shadowcolor>black</shadowcolor>
        <selectedcolor>selected</selectedcolor>
        <align>center</align>
        <aligny>center</aligny>
    </include>
    <include name="TWC.Hourly.ListConditionTexture">
        <control type="image">
            <posx>120</posx>
            <posy>0</posy>
            <width>220</width>
            <height>80</height>
            <colordiffuse>33FFFFFF</colordiffuse>
            <texture border="5">StackFO.png</texture>
        </control>
    </include>
    <include name="TWC.Hourly.ListOutlookIcon">
        <posx>130</posx>
        <posy>0</posy>
        <width>64</width>
        <height>80</height>
        <align>center</align>
        <aligny>center</aligny>
        <aspectratio>keep</aspectratio>
    </include>
    <include name="TWC.Hourly.ListOutlook">
        <posx>200</posx>
        <posy>0</posy>
        <width>140</width>
        <height>80</height>
        <font>font12</font>
        <textcolor>white</textcolor>
        <selectedcolor>selected</selectedcolor>
        <align>center</align>
        <aligny>center</aligny>
        <wrapmultiline>true</wrapmultiline>
    </include>
    <include name="TWC.Hourly.ListTempFeelsLike">
        <posx>340</posx>
        <posy>0</posy>
        <width>90</width>
        <height>80</height>
        <font>font12</font>
        <textcolor>white</textcolor>
        <selectedcolor>selected</selectedcolor>
        <align>center</align>
        <aligny>center</aligny>
    </include>
    <include name="TWC.Hourly.ListHumidityTexture">
        <control type="image">
            <colordiffuse>33FFFFFF</colordiffuse>
            <texture border="5">StackFO.png</texture>
            <include>TWC.Hourly.ListHumidity</include>
        </control>
    </include>
    <include name="TWC.Hourly.ListPrecipitation">
        <posx>520</posx>
        <posy>0</posy>
        <width>90</width>
        <height>80</height>
        <font>font12</font>
        <textcolor>white</textcolor>
        <selectedcolor>selected</selectedcolor>
        <align>center</align>
        <aligny>center</aligny>
    </include>
    <include name="TWC.Hourly.ListHumidity">
        <posx>430</posx>
        <posy>0</posy>
        <width>90</width>
        <height>80</height>
        <font>font12</font>
        <textcolor>white</textcolor>
        <selectedcolor>selected</selectedcolor>
        <align>center</align>
        <aligny>center</aligny>
    </include>
    <include name="TWC.Hourly.ListWindTexture">
        <control type="image">
            <colordiffuse>33FFFFFF</colordiffuse>
            <texture border="5">StackFO.png</texture>
            <include>TWC.Hourly.ListWind</include>
        </control>
    </include>
    <include name="TWC.Hourly.ListWind">
        <posx>615</posx>
        <posy>0</posy>
        <width>175</width>
        <height>80</height>
        <font>font12</font>
        <textcolor>white</textcolor>
        <selectedcolor>selected</selectedcolor>
        <align>center</align>
        <aligny>center</aligny>
        <wrapmultiline>true</wrapmultiline>
    </include>

    <include name="TWC.Hourly">
        <control type="group">
            <posx>290</posx>
            <posy>60</posy>
            <visible>StringCompare(Window.Property(Weather.CurrentView),$LOCALIZE[31902] $LOCALIZE[31911])</visible>
            <animation effect="fade" reversible="true" time="300">VisibleChange</animation>
            <control type="label">
                <description>loading label</description>
                <include>TWC.LoadingLabelCommon</include>
                <visible>IsEmpty(Window.Property(Hourly.IsFetched))</visible>
            </control>
            <!-- details view -->
            <control type="group">
                <posy>35</posy>
                <visible>!IsEmpty(Window.Property(Hourly.IsFetched))</visible>
                <!-- List Headings -->
                <control type="group">
                    <control type="label">
                        <include>TWC.Hourly.HeadingCommon</include>
                        <label>[CR]$LOCALIZE[555]</label>
                    </control>
                    <control type="label">
                        <posx>120</posx>
                        <width>220</width>
                        <include>TWC.Hourly.HeadingCommon</include>
                        <label>[CR]$LOCALIZE[33020]</label>
                    </control>
                    <control type="label">
                        <posx>340</posx>
                        <width>90</width>
                        <include>TWC.Hourly.HeadingCommon</include>
                        <label>$LOCALIZE[401][CR]$LOCALIZE[402]</label>
                    </control>
                    <control type="label">
                        <posx>430</posx>
                        <width>90</width>
                        <include>TWC.Hourly.HeadingCommon</include>
                        <label>[CR]$LOCALIZE[406]</label>
                    </control>
                    <control type="label">
                        <posx>520</posx>
                        <width>90</width>
                        <include>TWC.Hourly.HeadingCommon</include>
                        <label>31948</label>
                    </control>
                    <control type="label">
                        <posx>610</posx>
                        <width>175</width>
                        <include>TWC.Hourly.HeadingCommon</include>
                        <label>[CR]$LOCALIZE[404]</label>
                    </control>
                </control>
                <!-- Forecast list -->
                <control type="grouplist" id="600">
                    <posx>0</posx>
                    <posy>45</posy>
                    <width>795</width>
                    <height>492</height>
                    <itemgap>0</itemgap>
                    <orientation>vertical</orientation>
                    <onleft>2000</onleft>
                    <onright>6000</onright>
                    <onup>600</onup>
                    <ondown>600</ondown>
                    <pagecontrol>6000</pagecontrol>
                    <scrolltime>200</scrolltime>
                    <!-- Hour 1 -->
                    <control type="group">
                        <visible>!IsEmpty(Window.Property(Hourly.1.Time))</visible>
                        <height>82</height>
                        <include>TWC.Hourly.ListNoFocusTexture</include>
                        <control type="label">
                            <include>TWC.Hourly.ListTime</include>
                            <label>[B]$INFO[Window.Property(Hourly.1.Time)][/B][CR][COLOR=grey2]$INFO[Window.Property(Hourly.1.ShortDate)][/COLOR]</label>
                        </control>
                        <include>TWC.Hourly.ListConditionTexture</include>
                        <control type="image">
                            <include>TWC.Hourly.ListOutlookIcon</include>
                            <info>Window.Property(Hourly.1.OutlookIcon)</info>
                        </control>
                        <control type="label">
                            <include>TWC.Hourly.ListOutlook</include>
                            <label>$INFO[Window.Property(Hourly.1.Outlook)]$INFO[Window.Property(Hourly.1.Sunrise),[CR][COLOR=grey2]$LOCALIZE[33027]: ,[/COLOR]]$INFO[Window.Property(Hourly.1.Sunset),[CR][COLOR=grey2]$LOCALIZE[33028]: ,[/COLOR]]</label>
                        </control>
                        <control type="label">
                            <include>TWC.Hourly.ListTempFeelsLike</include>
                            <label>[B]$INFO[Window.Property(Hourly.1.Temperature)]$INFO[System.TemperatureUnits][/B][CR][COLOR=grey2]$INFO[Window.Property(Hourly.1.FeelsLike)]$INFO[System.TemperatureUnits][/COLOR]</label>
                        </control>
                        <include>TWC.Hourly.ListHumidityTexture</include>
                        <control type="label">
                            <include>TWC.Hourly.ListHumidity</include>
                            <label>$INFO[Window.Property(Hourly.1.Humidity),,%]</label>
                        </control>
                        <control type="label">
                            <include>TWC.Hourly.ListPrecipitation</include>
                            <label>$INFO[Window.Property(Hourly.1.Precipitation),,%]</label>
                        </control>
                        <include>TWC.Hourly.ListWindTexture</include>
                        <control type="label">
                            <include>TWC.Hourly.ListWind</include>
                            <label>$INFO[Window.Property(Hourly.1.WindDirection)][CR]$INFO[Window.Property(Hourly.1.WindSpeed)]</label>
                        </control>
                    </control>
                    <!-- Hour 1 -->
                    <control type="group">
                        <visible>!IsEmpty(Window.Property(Hourly.2.Time))</visible>
                        <height>82</height>
                        <include>TWC.Hourly.ListNoFocusTexture</include>
                        <control type="label">
                            <include>TWC.Hourly.ListTime</include>
                            <label>[B]$INFO[Window.Property(Hourly.2.Time)][/B][CR][COLOR=grey2]$INFO[Window.Property(Hourly.2.ShortDate)][/COLOR]</label>
                        </control>
                        <include>TWC.Hourly.ListConditionTexture</include>
                        <control type="image">
                            <include>TWC.Hourly.ListOutlookIcon</include>
                            <info>Window.Property(Hourly.2.OutlookIcon)</info>
                        </control>
                        <control type="label">
                            <include>TWC.Hourly.ListOutlook</include>
                            <label>$INFO[Window.Property(Hourly.2.Outlook)]$INFO[Window.Property(Hourly.2.Sunrise),[CR][COLOR=grey2]$LOCALIZE[33027]: ,[/COLOR]]$INFO[Window.Property(Hourly.2.Sunset),[CR][COLOR=grey2]$LOCALIZE[33028]: ,[/COLOR]]</label>
                        </control>
                        <control type="label">
                            <include>TWC.Hourly.ListTempFeelsLike</include>
                            <label>[B]$INFO[Window.Property(Hourly.2.Temperature)]$INFO[System.TemperatureUnits][/B][CR][COLOR=grey2]$INFO[Window.Property(Hourly.2.FeelsLike)]$INFO[System.TemperatureUnits][/COLOR]</label>
                        </control>
                        <include>TWC.Hourly.ListHumidityTexture</include>
                        <control type="label">
                            <include>TWC.Hourly.ListHumidity</include>
                            <label>$INFO[Window.Property(Hourly.2.Humidity),,%]</label>
                        </control>
                        <control type="label">
                            <include>TWC.Hourly.ListPrecipitation</include>
                            <label>$INFO[Window.Property(Hourly.2.Precipitation),,%]</label>
                        </control>
                        <include>TWC.Hourly.ListWindTexture</include>
                        <control type="label">
                            <include>TWC.Hourly.ListWind</include>
                            <label>$INFO[Window.Property(Hourly.2.WindDirection)][CR]$INFO[Window.Property(Hourly.2.WindSpeed)]</label>
                        </control>
                    </control>
                    <!-- Hour 1 -->
                    <control type="group">
                        <visible>!IsEmpty(Window.Property(Hourly.3.Time))</visible>
                        <height>82</height>
                        <include>TWC.Hourly.ListNoFocusTexture</include>
                        <control type="label">
                            <include>TWC.Hourly.ListTime</include>
                            <label>[B]$INFO[Window.Property(Hourly.3.Time)][/B][CR][COLOR=grey2]$INFO[Window.Property(Hourly.3.ShortDate)][/COLOR]</label>
                        </control>
                        <include>TWC.Hourly.ListConditionTexture</include>
                        <control type="image">
                            <include>TWC.Hourly.ListOutlookIcon</include>
                            <info>Window.Property(Hourly.3.OutlookIcon)</info>
                        </control>
                        <control type="label">
                            <include>TWC.Hourly.ListOutlook</include>
                            <label>$INFO[Window.Property(Hourly.3.Outlook)]$INFO[Window.Property(Hourly.3.Sunrise),[CR][COLOR=grey2]$LOCALIZE[33027]: ,[/COLOR]]$INFO[Window.Property(Hourly.3.Sunset),[CR][COLOR=grey2]$LOCALIZE[33028]: ,[/COLOR]]</label>
                        </control>
                        <control type="label">
                            <include>TWC.Hourly.ListTempFeelsLike</include>
                            <label>[B]$INFO[Window.Property(Hourly.3.Temperature)]$INFO[System.TemperatureUnits][/B][CR][COLOR=grey2]$INFO[Window.Property(Hourly.3.FeelsLike)]$INFO[System.TemperatureUnits][/COLOR]</label>
                        </control>
                        <include>TWC.Hourly.ListHumidityTexture</include>
                        <control type="label">
                            <include>TWC.Hourly.ListHumidity</include>
                            <label>$INFO[Window.Property(Hourly.3.Humidity),,%]</label>
                        </control>
                        <control type="label">
                            <include>TWC.Hourly.ListPrecipitation</include>
                            <label>$INFO[Window.Property(Hourly.3.Precipitation),,%]</label>
                        </control>
                        <include>TWC.Hourly.ListWindTexture</include>
                        <control type="label">
                            <include>TWC.Hourly.ListWind</include>
                            <label>$INFO[Window.Property(Hourly.3.WindDirection)][CR]$INFO[Window.Property(Hourly.3.WindSpeed)]</label>
                        </control>
                    </control>
                    <!-- Hour 1 -->
                    <control type="group">
                        <visible>!IsEmpty(Window.Property(Hourly.4.Time))</visible>
                        <height>82</height>
                        <include>TWC.Hourly.ListNoFocusTexture</include>
                        <control type="label">
                            <include>TWC.Hourly.ListTime</include>
                            <label>[B]$INFO[Window.Property(Hourly.4.Time)][/B][CR][COLOR=grey2]$INFO[Window.Property(Hourly.4.ShortDate)][/COLOR]</label>
                        </control>
                        <include>TWC.Hourly.ListConditionTexture</include>
                        <control type="image">
                            <include>TWC.Hourly.ListOutlookIcon</include>
                            <info>Window.Property(Hourly.4.OutlookIcon)</info>
                        </control>
                        <control type="label">
                            <include>TWC.Hourly.ListOutlook</include>
                            <label>$INFO[Window.Property(Hourly.4.Outlook)]$INFO[Window.Property(Hourly.4.Sunrise),[CR][COLOR=grey2]$LOCALIZE[33027]: ,[/COLOR]]$INFO[Window.Property(Hourly.4.Sunset),[CR][COLOR=grey2]$LOCALIZE[33028]: ,[/COLOR]]</label>
                        </control>
                        <control type="label">
                            <include>TWC.Hourly.ListTempFeelsLike</include>
                            <label>[B]$INFO[Window.Property(Hourly.4.Temperature)]$INFO[System.TemperatureUnits][/B][CR][COLOR=grey2]$INFO[Window.Property(Hourly.4.FeelsLike)]$INFO[System.TemperatureUnits][/COLOR]</label>
                        </control>
                        <include>TWC.Hourly.ListHumidityTexture</include>
                        <control type="label">
                            <include>TWC.Hourly.ListHumidity</include>
                            <label>$INFO[Window.Property(Hourly.4.Humidity),,%]</label>
                        </control>
                        <control type="label">
                            <include>TWC.Hourly.ListPrecipitation</include>
                            <label>$INFO[Window.Property(Hourly.4.Precipitation),,%]</label>
                        </control>
                        <include>TWC.Hourly.ListWindTexture</include>
                        <control type="label">
                            <include>TWC.Hourly.ListWind</include>
                            <label>$INFO[Window.Property(Hourly.4.WindDirection)][CR]$INFO[Window.Property(Hourly.4.WindSpeed)]</label>
                        </control>
                    </control>
                    <!-- Hour 1 -->
                    <control type="group">
                        <visible>!IsEmpty(Window.Property(Hourly.5.Time))</visible>
                        <height>82</height>
                        <include>TWC.Hourly.ListNoFocusTexture</include>
                        <control type="label">
                            <include>TWC.Hourly.ListTime</include>
                            <label>[B]$INFO[Window.Property(Hourly.5.Time)][/B][CR][COLOR=grey2]$INFO[Window.Property(Hourly.5.ShortDate)][/COLOR]</label>
                        </control>
                        <include>TWC.Hourly.ListConditionTexture</include>
                        <control type="image">
                            <include>TWC.Hourly.ListOutlookIcon</include>
                            <info>Window.Property(Hourly.5.OutlookIcon)</info>
                        </control>
                        <control type="label">
                            <include>TWC.Hourly.ListOutlook</include>
                            <label>$INFO[Window.Property(Hourly.5.Outlook)]$INFO[Window.Property(Hourly.5.Sunrise),[CR][COLOR=grey2]$LOCALIZE[33027]: ,[/COLOR]]$INFO[Window.Property(Hourly.5.Sunset),[CR][COLOR=grey2]$LOCALIZE[33028]: ,[/COLOR]]</label>
                        </control>
                        <control type="label">
                            <include>TWC.Hourly.ListTempFeelsLike</include>
                            <label>[B]$INFO[Window.Property(Hourly.5.Temperature)]$INFO[System.TemperatureUnits][/B][CR][COLOR=grey2]$INFO[Window.Property(Hourly.5.FeelsLike)]$INFO[System.TemperatureUnits][/COLOR]</label>
                        </control>
                        <include>TWC.Hourly.ListHumidityTexture</include>
                        <control type="label">
                            <include>TWC.Hourly.ListHumidity</include>
                            <label>$INFO[Window.Property(Hourly.5.Humidity),,%]</label>
                        </control>
                        <control type="label">
                            <include>TWC.Hourly.ListPrecipitation</include>
                            <label>$INFO[Window.Property(Hourly.5.Precipitation),,%]</label>
                        </control>
                        <include>TWC.Hourly.ListWindTexture</include>
                        <control type="label">
                            <include>TWC.Hourly.ListWind</include>
                            <label>$INFO[Window.Property(Hourly.5.WindDirection)][CR]$INFO[Window.Property(Hourly.5.WindSpeed)]</label>
                        </control>
                    </control>
                    <!-- Hour 1 -->
                    <control type="group">
                        <visible>!IsEmpty(Window.Property(Hourly.6.Time))</visible>
                        <height>82</height>
                        <include>TWC.Hourly.ListNoFocusTexture</include>
                        <control type="label">
                            <include>TWC.Hourly.ListTime</include>
                            <label>[B]$INFO[Window.Property(Hourly.6.Time)][/B][CR][COLOR=grey2]$INFO[Window.Property(Hourly.6.ShortDate)][/COLOR]</label>
                        </control>
                        <include>TWC.Hourly.ListConditionTexture</include>
                        <control type="image">
                            <include>TWC.Hourly.ListOutlookIcon</include>
                            <info>Window.Property(Hourly.6.OutlookIcon)</info>
                        </control>
                        <control type="label">
                            <include>TWC.Hourly.ListOutlook</include>
                            <label>$INFO[Window.Property(Hourly.6.Outlook)]$INFO[Window.Property(Hourly.6.Sunrise),[CR][COLOR=grey2]$LOCALIZE[33027]: ,[/COLOR]]$INFO[Window.Property(Hourly.6.Sunset),[CR][COLOR=grey2]$LOCALIZE[33028]: ,[/COLOR]]</label>
                        </control>
                        <control type="label">
                            <include>TWC.Hourly.ListTempFeelsLike</include>
                            <label>[B]$INFO[Window.Property(Hourly.6.Temperature)]$INFO[System.TemperatureUnits][/B][CR][COLOR=grey2]$INFO[Window.Property(Hourly.6.FeelsLike)]$INFO[System.TemperatureUnits][/COLOR]</label>
                        </control>
                        <include>TWC.Hourly.ListHumidityTexture</include>
                        <control type="label">
                            <include>TWC.Hourly.ListHumidity</include>
                            <label>$INFO[Window.Property(Hourly.6.Humidity),,%]</label>
                        </control>
                        <control type="label">
                            <include>TWC.Hourly.ListPrecipitation</include>
                            <label>$INFO[Window.Property(Hourly.6.Precipitation),,%]</label>
                        </control>
                        <include>TWC.Hourly.ListWindTexture</include>
                        <control type="label">
                            <include>TWC.Hourly.ListWind</include>
                            <label>$INFO[Window.Property(Hourly.6.WindDirection)][CR]$INFO[Window.Property(Hourly.6.WindSpeed)]</label>
                        </control>
                    </control>
                    <!-- Hour 1 -->
                    <control type="group">
                        <visible>!IsEmpty(Window.Property(Hourly.7.Time))</visible>
                        <height>82</height>
                        <include>TWC.Hourly.ListNoFocusTexture</include>
                        <control type="label">
                            <include>TWC.Hourly.ListTime</include>
                            <label>[B]$INFO[Window.Property(Hourly.7.Time)][/B][CR][COLOR=grey2]$INFO[Window.Property(Hourly.7.ShortDate)][/COLOR]</label>
                        </control>
                        <include>TWC.Hourly.ListConditionTexture</include>
                        <control type="image">
                            <include>TWC.Hourly.ListOutlookIcon</include>
                            <info>Window.Property(Hourly.7.OutlookIcon)</info>
                        </control>
                        <control type="label">
                            <include>TWC.Hourly.ListOutlook</include>
                            <label>$INFO[Window.Property(Hourly.7.Outlook)]$INFO[Window.Property(Hourly.7.Sunrise),[CR][COLOR=grey2]$LOCALIZE[33027]: ,[/COLOR]]$INFO[Window.Property(Hourly.7.Sunset),[CR][COLOR=grey2]$LOCALIZE[33028]: ,[/COLOR]]</label>
                        </control>
                        <control type="label">
                            <include>TWC.Hourly.ListTempFeelsLike</include>
                            <label>[B]$INFO[Window.Property(Hourly.7.Temperature)]$INFO[System.TemperatureUnits][/B][CR][COLOR=grey2]$INFO[Window.Property(Hourly.7.FeelsLike)]$INFO[System.TemperatureUnits][/COLOR]</label>
                        </control>
                        <include>TWC.Hourly.ListHumidityTexture</include>
                        <control type="label">
                            <include>TWC.Hourly.ListHumidity</include>
                            <label>$INFO[Window.Property(Hourly.7.Humidity),,%]</label>
                        </control>
                        <control type="label">
                            <include>TWC.Hourly.ListPrecipitation</include>
                            <label>$INFO[Window.Property(Hourly.7.Precipitation),,%]</label>
                        </control>
                        <include>TWC.Hourly.ListWindTexture</include>
                        <control type="label">
                            <include>TWC.Hourly.ListWind</include>
                            <label>$INFO[Window.Property(Hourly.7.WindDirection)][CR]$INFO[Window.Property(Hourly.7.WindSpeed)]</label>
                        </control>
                    </control>
                    <!-- Hour 1 -->
                    <control type="group">
                        <visible>!IsEmpty(Window.Property(Hourly.8.Time))</visible>
                        <height>82</height>
                        <include>TWC.Hourly.ListNoFocusTexture</include>
                        <control type="label">
                            <include>TWC.Hourly.ListTime</include>
                            <label>[B]$INFO[Window.Property(Hourly.8.Time)][/B][CR][COLOR=grey2]$INFO[Window.Property(Hourly.8.ShortDate)][/COLOR]</label>
                        </control>
                        <include>TWC.Hourly.ListConditionTexture</include>
                        <control type="image">
                            <include>TWC.Hourly.ListOutlookIcon</include>
                            <info>Window.Property(Hourly.8.OutlookIcon)</info>
                        </control>
                        <control type="label">
                            <include>TWC.Hourly.ListOutlook</include>
                            <label>$INFO[Window.Property(Hourly.8.Outlook)]$INFO[Window.Property(Hourly.8.Sunrise),[CR][COLOR=grey2]$LOCALIZE[33027]: ,[/COLOR]]$INFO[Window.Property(Hourly.8.Sunset),[CR][COLOR=grey2]$LOCALIZE[33028]: ,[/COLOR]]</label>
                        </control>
                        <control type="label">
                            <include>TWC.Hourly.ListTempFeelsLike</include>
                            <label>[B]$INFO[Window.Property(Hourly.8.Temperature)]$INFO[System.TemperatureUnits][/B][CR][COLOR=grey2]$INFO[Window.Property(Hourly.8.FeelsLike)]$INFO[System.TemperatureUnits][/COLOR]</label>
                        </control>
                        <include>TWC.Hourly.ListHumidityTexture</include>
                        <control type="label">
                            <include>TWC.Hourly.ListHumidity</include>
                            <label>$INFO[Window.Property(Hourly.8.Humidity),,%]</label>
                        </control>
                        <control type="label">
                            <include>TWC.Hourly.ListPrecipitation</include>
                            <label>$INFO[Window.Property(Hourly.8.Precipitation),,%]</label>
                        </control>
                        <include>TWC.Hourly.ListWindTexture</include>
                        <control type="label">
                            <include>TWC.Hourly.ListWind</include>
                            <label>$INFO[Window.Property(Hourly.8.WindDirection)][CR]$INFO[Window.Property(Hourly.8.WindSpeed)]</label>
                        </control>
                    </control>
                    <!-- Hour 1 -->
                    <control type="group">
                        <visible>!IsEmpty(Window.Property(Hourly.9.Time))</visible>
                        <height>82</height>
                        <include>TWC.Hourly.ListNoFocusTexture</include>
                        <control type="label">
                            <include>TWC.Hourly.ListTime</include>
                            <label>[B]$INFO[Window.Property(Hourly.9.Time)][/B][CR][COLOR=grey2]$INFO[Window.Property(Hourly.9.ShortDate)][/COLOR]</label>
                        </control>
                        <include>TWC.Hourly.ListConditionTexture</include>
                        <control type="image">
                            <include>TWC.Hourly.ListOutlookIcon</include>
                            <info>Window.Property(Hourly.9.OutlookIcon)</info>
                        </control>
                        <control type="label">
                            <include>TWC.Hourly.ListOutlook</include>
                            <label>$INFO[Window.Property(Hourly.9.Outlook)]$INFO[Window.Property(Hourly.9.Sunrise),[CR][COLOR=grey2]$LOCALIZE[33027]: ,[/COLOR]]$INFO[Window.Property(Hourly.9.Sunset),[CR][COLOR=grey2]$LOCALIZE[33028]: ,[/COLOR]]</label>
                        </control>
                        <control type="label">
                            <include>TWC.Hourly.ListTempFeelsLike</include>
                            <label>[B]$INFO[Window.Property(Hourly.9.Temperature)]$INFO[System.TemperatureUnits][/B][CR][COLOR=grey2]$INFO[Window.Property(Hourly.9.FeelsLike)]$INFO[System.TemperatureUnits][/COLOR]</label>
                        </control>
                        <include>TWC.Hourly.ListHumidityTexture</include>
                        <control type="label">
                            <include>TWC.Hourly.ListHumidity</include>
                            <label>$INFO[Window.Property(Hourly.9.Humidity),,%]</label>
                        </control>
                        <control type="label">
                            <include>TWC.Hourly.ListPrecipitation</include>
                            <label>$INFO[Window.Property(Hourly.9.Precipitation),,%]</label>
                        </control>
                        <include>TWC.Hourly.ListWindTexture</include>
                        <control type="label">
                            <include>TWC.Hourly.ListWind</include>
                            <label>$INFO[Window.Property(Hourly.9.WindDirection)][CR]$INFO[Window.Property(Hourly.9.WindSpeed)]</label>
                        </control>
                    </control>
                    <!-- Hour 1 -->
                    <control type="group">
                        <visible>!IsEmpty(Window.Property(Hourly.10.Time))</visible>
                        <height>82</height>
                        <include>TWC.Hourly.ListNoFocusTexture</include>
                        <control type="label">
                            <include>TWC.Hourly.ListTime</include>
                            <label>[B]$INFO[Window.Property(Hourly.10.Time)][/B][CR][COLOR=grey2]$INFO[Window.Property(Hourly.10.ShortDate)][/COLOR]</label>
                        </control>
                        <include>TWC.Hourly.ListConditionTexture</include>
                        <control type="image">
                            <include>TWC.Hourly.ListOutlookIcon</include>
                            <info>Window.Property(Hourly.10.OutlookIcon)</info>
                        </control>
                        <control type="label">
                            <include>TWC.Hourly.ListOutlook</include>
                            <label>$INFO[Window.Property(Hourly.10.Outlook)]$INFO[Window.Property(Hourly.10.Sunrise),[CR][COLOR=grey2]$LOCALIZE[33027]: ,[/COLOR]]$INFO[Window.Property(Hourly.10.Sunset),[CR][COLOR=grey2]$LOCALIZE[33028]: ,[/COLOR]]</label>
                        </control>
                        <control type="label">
                            <include>TWC.Hourly.ListTempFeelsLike</include>
                            <label>[B]$INFO[Window.Property(Hourly.10.Temperature)]$INFO[System.TemperatureUnits][/B][CR][COLOR=grey2]$INFO[Window.Property(Hourly.10.FeelsLike)]$INFO[System.TemperatureUnits][/COLOR]</label>
                        </control>
                        <include>TWC.Hourly.ListHumidityTexture</include>
                        <control type="label">
                            <include>TWC.Hourly.ListHumidity</include>
                            <label>$INFO[Window.Property(Hourly.10.Humidity),,%]</label>
                        </control>
                        <control type="label">
                            <include>TWC.Hourly.ListPrecipitation</include>
                            <label>$INFO[Window.Property(Hourly.10.Precipitation),,%]</label>
                        </control>
                        <include>TWC.Hourly.ListWindTexture</include>
                        <control type="label">
                            <include>TWC.Hourly.ListWind</include>
                            <label>$INFO[Window.Property(Hourly.10.WindDirection)][CR]$INFO[Window.Property(Hourly.10.WindSpeed)]</label>
                        </control>
                    </control>
                    <!-- Hour 1 -->
                    <control type="group">
                        <visible>!IsEmpty(Window.Property(Hourly.11.Time))</visible>
                        <height>82</height>
                        <include>TWC.Hourly.ListNoFocusTexture</include>
                        <control type="label">
                            <include>TWC.Hourly.ListTime</include>
                            <label>[B]$INFO[Window.Property(Hourly.11.Time)][/B][CR][COLOR=grey2]$INFO[Window.Property(Hourly.11.ShortDate)][/COLOR]</label>
                        </control>
                        <include>TWC.Hourly.ListConditionTexture</include>
                        <control type="image">
                            <include>TWC.Hourly.ListOutlookIcon</include>
                            <info>Window.Property(Hourly.11.OutlookIcon)</info>
                        </control>
                        <control type="label">
                            <include>TWC.Hourly.ListOutlook</include>
                            <label>$INFO[Window.Property(Hourly.11.Outlook)]$INFO[Window.Property(Hourly.11.Sunrise),[CR][COLOR=grey2]$LOCALIZE[33027]: ,[/COLOR]]$INFO[Window.Property(Hourly.11.Sunset),[CR][COLOR=grey2]$LOCALIZE[33028]: ,[/COLOR]]</label>
                        </control>
                        <control type="label">
                            <include>TWC.Hourly.ListTempFeelsLike</include>
                            <label>[B]$INFO[Window.Property(Hourly.11.Temperature)]$INFO[System.TemperatureUnits][/B][CR][COLOR=grey2]$INFO[Window.Property(Hourly.11.FeelsLike)]$INFO[System.TemperatureUnits][/COLOR]</label>
                        </control>
                        <include>TWC.Hourly.ListHumidityTexture</include>
                        <control type="label">
                            <include>TWC.Hourly.ListHumidity</include>
                            <label>$INFO[Window.Property(Hourly.11.Humidity),,%]</label>
                        </control>
                        <control type="label">
                            <include>TWC.Hourly.ListPrecipitation</include>
                            <label>$INFO[Window.Property(Hourly.11.Precipitation),,%]</label>
                        </control>
                        <include>TWC.Hourly.ListWindTexture</include>
                        <control type="label">
                            <include>TWC.Hourly.ListWind</include>
                            <label>$INFO[Window.Property(Hourly.11.WindDirection)][CR]$INFO[Window.Property(Hourly.11.WindSpeed)]</label>
                        </control>
                    </control>
                    <!-- Hour 1 -->
                    <control type="group">
                        <visible>!IsEmpty(Window.Property(Hourly.12.Time))</visible>
                        <height>82</height>
                        <include>TWC.Hourly.ListNoFocusTexture</include>
                        <control type="label">
                            <include>TWC.Hourly.ListTime</include>
                            <label>[B]$INFO[Window.Property(Hourly.12.Time)][/B][CR][COLOR=grey2]$INFO[Window.Property(Hourly.12.ShortDate)][/COLOR]</label>
                        </control>
                        <include>TWC.Hourly.ListConditionTexture</include>
                        <control type="image">
                            <include>TWC.Hourly.ListOutlookIcon</include>
                            <info>Window.Property(Hourly.12.OutlookIcon)</info>
                        </control>
                        <control type="label">
                            <include>TWC.Hourly.ListOutlook</include>
                            <label>$INFO[Window.Property(Hourly.12.Outlook)]$INFO[Window.Property(Hourly.12.Sunrise),[CR][COLOR=grey2]$LOCALIZE[33027]: ,[/COLOR]]$INFO[Window.Property(Hourly.12.Sunset),[CR][COLOR=grey2]$LOCALIZE[33028]: ,[/COLOR]]</label>
                        </control>
                        <control type="label">
                            <include>TWC.Hourly.ListTempFeelsLike</include>
                            <label>[B]$INFO[Window.Property(Hourly.12.Temperature)]$INFO[System.TemperatureUnits][/B][CR][COLOR=grey2]$INFO[Window.Property(Hourly.12.FeelsLike)]$INFO[System.TemperatureUnits][/COLOR]</label>
                        </control>
                        <include>TWC.Hourly.ListHumidityTexture</include>
                        <control type="label">
                            <include>TWC.Hourly.ListHumidity</include>
                            <label>$INFO[Window.Property(Hourly.12.Humidity),,%]</label>
                        </control>
                        <control type="label">
                            <include>TWC.Hourly.ListPrecipitation</include>
                            <label>$INFO[Window.Property(Hourly.12.Precipitation),,%]</label>
                        </control>
                        <include>TWC.Hourly.ListWindTexture</include>
                        <control type="label">
                            <include>TWC.Hourly.ListWind</include>
                            <label>$INFO[Window.Property(Hourly.12.WindDirection)][CR]$INFO[Window.Property(Hourly.12.WindSpeed)]</label>
                        </control>
                    </control>
                </control>
                <!-- Scrollbar for forecast list -->
                <control type="scrollbar" id="6000">
                    <description>Scroll Bar</description>
                    <posx>800</posx>
                    <posy>45</posy>
                    <height>492</height>
                    <include>TWC.ScrollbarCommon</include>
                    <onleft>2000</onleft>
                    <onright>2000</onright>
                </control>
            </control>
        </control>
    </include>
</includes>
