<includes>
    <include name="MapsList1.Content">
        <content>
            <item>
                <label>$INFO[Window.Property(MapList.1.MapLabel.1)]</label>
                <label2>$INFO[Window.Property(MapList.1.MapLabel2.1)]</label2>
                <icon>$INFO[Skin.String(TWC.MapIconPath)]$INFO[Window.Property(MapList.1.MapIcon.1)]</icon>
                <onclick>SetProperty(Weather.CurrentMap,$INFO[Window.Property(MapList.1.MapLabel.1)])</onclick>
                <onclick>$INFO[Window.Property(MapList.1.MapOnclick.1)]</onclick>
                <onclick>SetFocus(2000)</onclick>
                <visible>!IsEmpty(Window.Property(MapList.1.MapLabel.1))</visible>
            </item>
            <item>
                <label>$INFO[Window.Property(MapList.1.MapLabel.2)]</label>
                <label2>$INFO[Window.Property(MapList.1.MapLabel2.2)]</label2>
                <icon>$INFO[Skin.String(TWC.MapIconPath)]$INFO[Window.Property(MapList.1.MapIcon.2)]</icon>
                <onclick>SetProperty(Weather.CurrentMap,$INFO[Window.Property(MapList.1.MapLabel.2)])</onclick>
                <onclick>$INFO[Window.Property(MapList.1.MapOnclick.2)]</onclick>
                <onclick>SetFocus(2000)</onclick>
                <visible>!IsEmpty(Window.Property(MapList.1.MapLabel.2))</visible>
            </item>
            <item>
                <label>$INFO[Window.Property(MapList.1.MapLabel.3)]</label>
                <label2>$INFO[Window.Property(MapList.1.MapLabel2.3)]</label2>
                <icon>$INFO[Skin.String(TWC.MapIconPath)]$INFO[Window.Property(MapList.1.MapIcon.3)]</icon>
                <onclick>SetProperty(Weather.CurrentMap,$INFO[Window.Property(MapList.1.MapLabel.3)])</onclick>
                <onclick>$INFO[Window.Property(MapList.1.MapOnclick.3)]</onclick>
                <onclick>SetFocus(2000)</onclick>
                <visible>!IsEmpty(Window.Property(MapList.1.MapLabel.3))</visible>
            </item>
            <item>
                <label>$INFO[Window.Property(MapList.1.MapLabel.4)]</label>
                <label2>$INFO[Window.Property(MapList.1.MapLabel2.4)]</label2>
                <icon>$INFO[Skin.String(TWC.MapIconPath)]$INFO[Window.Property(MapList.1.MapIcon.4)]</icon>
                <onclick>SetProperty(Weather.CurrentMap,$INFO[Window.Property(MapList.1.MapLabel.4)])</onclick>
                <onclick>$INFO[Window.Property(MapList.1.MapOnclick.4)]</onclick>
                <onclick>SetFocus(2000)</onclick>
                <visible>!IsEmpty(Window.Property(MapList.1.MapLabel.4))</visible>
            </item>
            <item>
                <label>$INFO[Window.Property(MapList.1.MapLabel.5)]</label>
                <label2>$INFO[Window.Property(MapList.1.MapLabel2.5)]</label2>
                <icon>$INFO[Skin.String(TWC.MapIconPath)]$INFO[Window.Property(MapList.1.MapIcon.5)]</icon>
                <onclick>SetProperty(Weather.CurrentMap,$INFO[Window.Property(MapList.1.MapLabel.5)])</onclick>
                <onclick>$INFO[Window.Property(MapList.1.MapOnclick.5)]</onclick>
                <onclick>SetFocus(2000)</onclick>
                <visible>!IsEmpty(Window.Property(MapList.1.MapLabel.5))</visible>
            </item>
            <item>
                <label>$INFO[Window.Property(MapList.1.MapLabel.6)]</label>
                <label2>$INFO[Window.Property(MapList.1.MapLabel2.6)]</label2>
                <icon>$INFO[Skin.String(TWC.MapIconPath)]$INFO[Window.Property(MapList.1.MapIcon.6)]</icon>
                <onclick>SetProperty(Weather.CurrentMap,$INFO[Window.Property(MapList.1.MapLabel.6)])</onclick>
                <onclick>$INFO[Window.Property(MapList.1.MapOnclick.6)]</onclick>
                <onclick>SetFocus(2000)</onclick>
                <visible>!IsEmpty(Window.Property(MapList.1.MapLabel.6))</visible>
            </item>
            <item>
                <label>$INFO[Window.Property(MapList.1.MapLabel.7)]</label>
                <label2>$INFO[Window.Property(MapList.1.MapLabel2.7)]</label2>
                <icon>$INFO[Skin.String(TWC.MapIconPath)]$INFO[Window.Property(MapList.1.MapIcon.7)]</icon>
                <onclick>SetProperty(Weather.CurrentMap,$INFO[Window.Property(MapList.1.MapLabel.7)])</onclick>
                <onclick>$INFO[Window.Property(MapList.1.MapOnclick.7)]</onclick>
                <onclick>SetFocus(2000)</onclick>
                <visible>!IsEmpty(Window.Property(MapList.1.MapLabel.7))</visible>
            </item>
            <item>
                <label>$INFO[Window.Property(MapList.1.MapLabel.8)]</label>
                <label2>$INFO[Window.Property(MapList.1.MapLabel2.8)]</label2>
                <icon>$INFO[Skin.String(TWC.MapIconPath)]$INFO[Window.Property(MapList.1.MapIcon.8)]</icon>
                <onclick>SetProperty(Weather.CurrentMap,$INFO[Window.Property(MapList.1.MapLabel.8)])</onclick>
                <onclick>$INFO[Window.Property(MapList.1.MapOnclick.8)]</onclick>
                <onclick>SetFocus(2000)</onclick>
                <visible>!IsEmpty(Window.Property(MapList.1.MapLabel.8))</visible>
            </item>
            <item>
                <label>$INFO[Window.Property(MapList.1.MapLabel.9)]</label>
                <label2>$INFO[Window.Property(MapList.1.MapLabel2.9)]</label2>
                <icon>$INFO[Skin.String(TWC.MapIconPath)]$INFO[Window.Property(MapList.1.MapIcon.9)]</icon>
                <onclick>SetProperty(Weather.CurrentMap,$INFO[Window.Property(MapList.1.MapLabel.9)])</onclick>
                <onclick>$INFO[Window.Property(MapList.1.MapOnclick.9)]</onclick>
                <onclick>SetFocus(2000)</onclick>
                <visible>!IsEmpty(Window.Property(MapList.1.MapLabel.9))</visible>
            </item>
            <item>
                <label>$INFO[Window.Property(MapList.1.MapLabel.10)]</label>
                <label2>$INFO[Window.Property(MapList.1.MapLabel2.10)]</label2>
                <icon>$INFO[Skin.String(TWC.MapIconPath)]$INFO[Window.Property(MapList.1.MapIcon.10)]</icon>
                <onclick>SetProperty(Weather.CurrentMap,$INFO[Window.Property(MapList.1.MapLabel.10)])</onclick>
                <onclick>$INFO[Window.Property(MapList.1.MapOnclick.10)]</onclick>
                <onclick>SetFocus(2000)</onclick>
                <visible>!IsEmpty(Window.Property(MapList.1.MapLabel.10))</visible>
            </item>
            <item>
                <label>$INFO[Window.Property(MapList.1.MapLabel.11)]</label>
                <label2>$INFO[Window.Property(MapList.1.MapLabel2.11)]</label2>
                <icon>$INFO[Skin.String(TWC.MapIconPath)]$INFO[Window.Property(MapList.1.MapIcon.11)]</icon>
                <onclick>SetProperty(Weather.CurrentMap,$INFO[Window.Property(MapList.1.MapLabel.11)])</onclick>
                <onclick>$INFO[Window.Property(MapList.1.MapOnclick.11)]</onclick>
                <onclick>SetFocus(2000)</onclick>
                <visible>!IsEmpty(Window.Property(MapList.1.MapLabel.11))</visible>
            </item>
            <item>
                <label>$INFO[Window.Property(MapList.1.MapLabel.12)]</label>
                <label2>$INFO[Window.Property(MapList.1.MapLabel2.12)]</label2>
                <icon>$INFO[Skin.String(TWC.MapIconPath)]$INFO[Window.Property(MapList.1.MapIcon.12)]</icon>
                <onclick>SetProperty(Weather.CurrentMap,$INFO[Window.Property(MapList.1.MapLabel.12)])</onclick>
                <onclick>$INFO[Window.Property(MapList.1.MapOnclick.12)]</onclick>
                <onclick>SetFocus(2000)</onclick>
                <visible>!IsEmpty(Window.Property(MapList.1.MapLabel.12))</visible>
            </item>
            <item>
                <label>$INFO[Window.Property(MapList.1.MapLabel.13)]</label>
                <label2>$INFO[Window.Property(MapList.1.MapLabel2.13)]</label2>
                <icon>$INFO[Skin.String(TWC.MapIconPath)]$INFO[Window.Property(MapList.1.MapIcon.13)]</icon>
                <onclick>SetProperty(Weather.CurrentMap,$INFO[Window.Property(MapList.1.MapLabel.13)])</onclick>
                <onclick>$INFO[Window.Property(MapList.1.MapOnclick.13)]</onclick>
                <onclick>SetFocus(2000)</onclick>
                <visible>!IsEmpty(Window.Property(MapList.1.MapLabel.13))</visible>
            </item>
            <item>
                <label>$INFO[Window.Property(MapList.1.MapLabel.14)]</label>
                <label2>$INFO[Window.Property(MapList.1.MapLabel2.14)]</label2>
                <icon>$INFO[Skin.String(TWC.MapIconPath)]$INFO[Window.Property(MapList.1.MapIcon.14)]</icon>
                <onclick>SetProperty(Weather.CurrentMap,$INFO[Window.Property(MapList.1.MapLabel.14)])</onclick>
                <onclick>$INFO[Window.Property(MapList.1.MapOnclick.14)]</onclick>
                <onclick>SetFocus(2000)</onclick>
                <visible>!IsEmpty(Window.Property(MapList.1.MapLabel.14))</visible>
            </item>
            <item>
                <label>$INFO[Window.Property(MapList.1.MapLabel.15)]</label>
                <label2>$INFO[Window.Property(MapList.1.MapLabel2.15)]</label2>
                <icon>$INFO[Skin.String(TWC.MapIconPath)]$INFO[Window.Property(MapList.1.MapIcon.15)]</icon>
                <onclick>SetProperty(Weather.CurrentMap,$INFO[Window.Property(MapList.1.MapLabel.15)])</onclick>
                <onclick>$INFO[Window.Property(MapList.1.MapOnclick.15)]</onclick>
                <onclick>SetFocus(2000)</onclick>
                <visible>!IsEmpty(Window.Property(MapList.1.MapLabel.15))</visible>
            </item>
            <item>
                <label>$INFO[Window.Property(MapList.1.MapLabel.16)]</label>
                <label2>$INFO[Window.Property(MapList.1.MapLabel2.16)]</label2>
                <icon>$INFO[Skin.String(TWC.MapIconPath)]$INFO[Window.Property(MapList.1.MapIcon.16)]</icon>
                <onclick>SetProperty(Weather.CurrentMap,$INFO[Window.Property(MapList.1.MapLabel.16)])</onclick>
                <onclick>$INFO[Window.Property(MapList.1.MapOnclick.16)]</onclick>
                <onclick>SetFocus(2000)</onclick>
                <visible>!IsEmpty(Window.Property(MapList.1.MapLabel.16))</visible>
            </item>
            <item>
                <label>$INFO[Window.Property(MapList.1.MapLabel.17)]</label>
                <label2>$INFO[Window.Property(MapList.1.MapLabel2.17)]</label2>
                <icon>$INFO[Skin.String(TWC.MapIconPath)]$INFO[Window.Property(MapList.1.MapIcon.17)]</icon>
                <onclick>SetProperty(Weather.CurrentMap,$INFO[Window.Property(MapList.1.MapLabel.17)])</onclick>
                <onclick>$INFO[Window.Property(MapList.1.MapOnclick.17)]</onclick>
                <onclick>SetFocus(2000)</onclick>
                <visible>!IsEmpty(Window.Property(MapList.1.MapLabel.17))</visible>
            </item>
            <item>
                <label>$INFO[Window.Property(MapList.1.MapLabel.18)]</label>
                <label2>$INFO[Window.Property(MapList.1.MapLabel2.18)]</label2>
                <icon>$INFO[Skin.String(TWC.MapIconPath)]$INFO[Window.Property(MapList.1.MapIcon.18)]</icon>
                <onclick>SetProperty(Weather.CurrentMap,$INFO[Window.Property(MapList.1.MapLabel.18)])</onclick>
                <onclick>$INFO[Window.Property(MapList.1.MapOnclick.18)]</onclick>
                <onclick>SetFocus(2000)</onclick>
                <visible>!IsEmpty(Window.Property(MapList.1.MapLabel.18))</visible>
            </item>
            <item>
                <label>$INFO[Window.Property(MapList.1.MapLabel.19)]</label>
                <label2>$INFO[Window.Property(MapList.1.MapLabel2.19)]</label2>
                <icon>$INFO[Skin.String(TWC.MapIconPath)]$INFO[Window.Property(MapList.1.MapIcon.19)]</icon>
                <onclick>SetProperty(Weather.CurrentMap,$INFO[Window.Property(MapList.1.MapLabel.19)])</onclick>
                <onclick>$INFO[Window.Property(MapList.1.MapOnclick.19)]</onclick>
                <onclick>SetFocus(2000)</onclick>
                <visible>!IsEmpty(Window.Property(MapList.1.MapLabel.19))</visible>
            </item>
            <item>
                <label>$INFO[Window.Property(MapList.1.MapLabel.20)]</label>
                <label2>$INFO[Window.Property(MapList.1.MapLabel2.20)]</label2>
                <icon>$INFO[Skin.String(TWC.MapIconPath)]$INFO[Window.Property(MapList.1.MapIcon.20)]</icon>
                <onclick>SetProperty(Weather.CurrentMap,$INFO[Window.Property(MapList.1.MapLabel.20)])</onclick>
                <onclick>$INFO[Window.Property(MapList.1.MapOnclick.20)]</onclick>
                <onclick>SetFocus(2000)</onclick>
                <visible>!IsEmpty(Window.Property(MapList.1.MapLabel.20))</visible>
            </item>
            <item>
                <label>$INFO[Window.Property(MapList.1.MapLabel.21)]</label>
                <label2>$INFO[Window.Property(MapList.1.MapLabel2.21)]</label2>
                <icon>$INFO[Skin.String(TWC.MapIconPath)]$INFO[Window.Property(MapList.1.MapIcon.21)]</icon>
                <onclick>SetProperty(Weather.CurrentMap,$INFO[Window.Property(MapList.1.MapLabel.21)])</onclick>
                <onclick>$INFO[Window.Property(MapList.1.MapOnclick.21)]</onclick>
                <onclick>SetFocus(2000)</onclick>
                <visible>!IsEmpty(Window.Property(MapList.1.MapLabel.21))</visible>
            </item>
            <item>
                <label>$INFO[Window.Property(MapList.1.MapLabel.22)]</label>
                <label2>$INFO[Window.Property(MapList.1.MapLabel2.22)]</label2>
                <icon>$INFO[Skin.String(TWC.MapIconPath)]$INFO[Window.Property(MapList.1.MapIcon.22)]</icon>
                <onclick>SetProperty(Weather.CurrentMap,$INFO[Window.Property(MapList.1.MapLabel.22)])</onclick>
                <onclick>$INFO[Window.Property(MapList.1.MapOnclick.22)]</onclick>
                <onclick>SetFocus(2000)</onclick>
                <visible>!IsEmpty(Window.Property(MapList.1.MapLabel.22))</visible>
            </item>
            <item>
                <label>$INFO[Window.Property(MapList.1.MapLabel.23)]</label>
                <label2>$INFO[Window.Property(MapList.1.MapLabel2.23)]</label2>
                <icon>$INFO[Skin.String(TWC.MapIconPath)]$INFO[Window.Property(MapList.1.MapIcon.23)]</icon>
                <onclick>SetProperty(Weather.CurrentMap,$INFO[Window.Property(MapList.1.MapLabel.23)])</onclick>
                <onclick>$INFO[Window.Property(MapList.1.MapOnclick.23)]</onclick>
                <onclick>SetFocus(2000)</onclick>
                <visible>!IsEmpty(Window.Property(MapList.1.MapLabel.23))</visible>
            </item>
            <item>
                <label>$INFO[Window.Property(MapList.1.MapLabel.24)]</label>
                <label2>$INFO[Window.Property(MapList.1.MapLabel2.24)]</label2>
                <icon>$INFO[Skin.String(TWC.MapIconPath)]$INFO[Window.Property(MapList.1.MapIcon.24)]</icon>
                <onclick>SetProperty(Weather.CurrentMap,$INFO[Window.Property(MapList.1.MapLabel.24)])</onclick>
                <onclick>$INFO[Window.Property(MapList.1.MapOnclick.24)]</onclick>
                <onclick>SetFocus(2000)</onclick>
                <visible>!IsEmpty(Window.Property(MapList.1.MapLabel.24))</visible>
            </item>
            <item>
                <label>$INFO[Window.Property(MapList.1.MapLabel.25)]</label>
                <label2>$INFO[Window.Property(MapList.1.MapLabel2.25)]</label2>
                <icon>$INFO[Skin.String(TWC.MapIconPath)]$INFO[Window.Property(MapList.1.MapIcon.25)]</icon>
                <onclick>SetProperty(Weather.CurrentMap,$INFO[Window.Property(MapList.1.MapLabel.25)])</onclick>
                <onclick>$INFO[Window.Property(MapList.1.MapOnclick.25)]</onclick>
                <onclick>SetFocus(2000)</onclick>
                <visible>!IsEmpty(Window.Property(MapList.1.MapLabel.25))</visible>
            </item>
            <item>
                <label>$INFO[Window.Property(MapList.1.MapLabel.26)]</label>
                <label2>$INFO[Window.Property(MapList.1.MapLabel2.26)]</label2>
                <icon>$INFO[Skin.String(TWC.MapIconPath)]$INFO[Window.Property(MapList.1.MapIcon.26)]</icon>
                <onclick>SetProperty(Weather.CurrentMap,$INFO[Window.Property(MapList.1.MapLabel.26)])</onclick>
                <onclick>$INFO[Window.Property(MapList.1.MapOnclick.26)]</onclick>
                <onclick>SetFocus(2000)</onclick>
                <visible>!IsEmpty(Window.Property(MapList.1.MapLabel.26))</visible>
            </item>
            <item>
                <label>$INFO[Window.Property(MapList.1.MapLabel.27)]</label>
                <label2>$INFO[Window.Property(MapList.1.MapLabel2.27)]</label2>
                <icon>$INFO[Skin.String(TWC.MapIconPath)]$INFO[Window.Property(MapList.1.MapIcon.27)]</icon>
                <onclick>SetProperty(Weather.CurrentMap,$INFO[Window.Property(MapList.1.MapLabel.27)])</onclick>
                <onclick>$INFO[Window.Property(MapList.1.MapOnclick.27)]</onclick>
                <onclick>SetFocus(2000)</onclick>
                <visible>!IsEmpty(Window.Property(MapList.1.MapLabel.27))</visible>
            </item>
            <item>
                <label>$INFO[Window.Property(MapList.1.MapLabel.28)]</label>
                <label2>$INFO[Window.Property(MapList.1.MapLabel2.28)]</label2>
                <icon>$INFO[Skin.String(TWC.MapIconPath)]$INFO[Window.Property(MapList.1.MapIcon.28)]</icon>
                <onclick>SetProperty(Weather.CurrentMap,$INFO[Window.Property(MapList.1.MapLabel.28)])</onclick>
                <onclick>$INFO[Window.Property(MapList.1.MapOnclick.28)]</onclick>
                <onclick>SetFocus(2000)</onclick>
                <visible>!IsEmpty(Window.Property(MapList.1.MapLabel.28))</visible>
            </item>
            <item>
                <label>$INFO[Window.Property(MapList.1.MapLabel.29)]</label>
                <label2>$INFO[Window.Property(MapList.1.MapLabel2.29)]</label2>
                <icon>$INFO[Skin.String(TWC.MapIconPath)]$INFO[Window.Property(MapList.1.MapIcon.29)]</icon>
                <onclick>SetProperty(Weather.CurrentMap,$INFO[Window.Property(MapList.1.MapLabel.29)])</onclick>
                <onclick>$INFO[Window.Property(MapList.1.MapOnclick.29)]</onclick>
                <onclick>SetFocus(2000)</onclick>
                <visible>!IsEmpty(Window.Property(MapList.1.MapLabel.29))</visible>
            </item>
            <item>
                <label>$INFO[Window.Property(MapList.1.MapLabel.30)]</label>
                <label2>$INFO[Window.Property(MapList.1.MapLabel2.30)]</label2>
                <icon>$INFO[Skin.String(TWC.MapIconPath)]$INFO[Window.Property(MapList.1.MapIcon.30)]</icon>
                <onclick>SetProperty(Weather.CurrentMap,$INFO[Window.Property(MapList.1.MapLabel.30)])</onclick>
                <onclick>$INFO[Window.Property(MapList.1.MapOnclick.30)]</onclick>
                <onclick>SetFocus(2000)</onclick>
                <visible>!IsEmpty(Window.Property(MapList.1.MapLabel.30))</visible>
            </item>
        </content>
    </include>

    <include name="MapsList2.Content">
        <content>
            <item>
                <label>$INFO[Window.Property(MapList.2.MapLabel.1)]</label>
                <label2>$INFO[Window.Property(MapList.2.MapLabel2.1)]</label2>
                <icon>$INFO[Skin.String(TWC.MapIconPath)]$INFO[Window.Property(MapList.2.MapIcon.1)]</icon>
                <onclick>SetProperty(Weather.CurrentMap,$INFO[Window.Property(MapList.2.MapLabel.1)])</onclick>
                <onclick>$INFO[Window.Property(MapList.2.MapOnclick.1)]</onclick>
                <onclick>SetFocus(2000)</onclick>
                <visible>!IsEmpty(Window.Property(MapList.2.MapLabel.1))</visible>
            </item>
            <item>
                <label>$INFO[Window.Property(MapList.2.MapLabel.2)]</label>
                <label2>$INFO[Window.Property(MapList.2.MapLabel2.2)]</label2>
                <icon>$INFO[Skin.String(TWC.MapIconPath)]$INFO[Window.Property(MapList.2.MapIcon.2)]</icon>
                <onclick>SetProperty(Weather.CurrentMap,$INFO[Window.Property(MapList.2.MapLabel.2)])</onclick>
                <onclick>$INFO[Window.Property(MapList.2.MapOnclick.2)]</onclick>
                <onclick>SetFocus(2000)</onclick>
                <visible>!IsEmpty(Window.Property(MapList.2.MapLabel.2))</visible>
            </item>
            <item>
                <label>$INFO[Window.Property(MapList.2.MapLabel.3)]</label>
                <label2>$INFO[Window.Property(MapList.2.MapLabel2.3)]</label2>
                <icon>$INFO[Skin.String(TWC.MapIconPath)]$INFO[Window.Property(MapList.2.MapIcon.3)]</icon>
                <onclick>SetProperty(Weather.CurrentMap,$INFO[Window.Property(MapList.2.MapLabel.3)])</onclick>
                <onclick>$INFO[Window.Property(MapList.2.MapOnclick.3)]</onclick>
                <onclick>SetFocus(2000)</onclick>
                <visible>!IsEmpty(Window.Property(MapList.2.MapLabel.3))</visible>
            </item>
            <item>
                <label>$INFO[Window.Property(MapList.2.MapLabel.4)]</label>
                <label2>$INFO[Window.Property(MapList.2.MapLabel2.4)]</label2>
                <icon>$INFO[Skin.String(TWC.MapIconPath)]$INFO[Window.Property(MapList.2.MapIcon.4)]</icon>
                <onclick>SetProperty(Weather.CurrentMap,$INFO[Window.Property(MapList.2.MapLabel.4)])</onclick>
                <onclick>$INFO[Window.Property(MapList.2.MapOnclick.4)]</onclick>
                <onclick>SetFocus(2000)</onclick>
                <visible>!IsEmpty(Window.Property(MapList.2.MapLabel.4))</visible>
            </item>
            <item>
                <label>$INFO[Window.Property(MapList.2.MapLabel.5)]</label>
                <label2>$INFO[Window.Property(MapList.2.MapLabel2.5)]</label2>
                <icon>$INFO[Skin.String(TWC.MapIconPath)]$INFO[Window.Property(MapList.2.MapIcon.5)]</icon>
                <onclick>SetProperty(Weather.CurrentMap,$INFO[Window.Property(MapList.2.MapLabel.5)])</onclick>
                <onclick>$INFO[Window.Property(MapList.2.MapOnclick.5)]</onclick>
                <onclick>SetFocus(2000)</onclick>
                <visible>!IsEmpty(Window.Property(MapList.2.MapLabel.5))</visible>
            </item>
            <item>
                <label>$INFO[Window.Property(MapList.2.MapLabel.6)]</label>
                <label2>$INFO[Window.Property(MapList.2.MapLabel2.6)]</label2>
                <icon>$INFO[Skin.String(TWC.MapIconPath)]$INFO[Window.Property(MapList.2.MapIcon.6)]</icon>
                <onclick>SetProperty(Weather.CurrentMap,$INFO[Window.Property(MapList.2.MapLabel.6)])</onclick>
                <onclick>$INFO[Window.Property(MapList.2.MapOnclick.6)]</onclick>
                <onclick>SetFocus(2000)</onclick>
                <visible>!IsEmpty(Window.Property(MapList.2.MapLabel.6))</visible>
            </item>
            <item>
                <label>$INFO[Window.Property(MapList.2.MapLabel.7)]</label>
                <label2>$INFO[Window.Property(MapList.2.MapLabel2.7)]</label2>
                <icon>$INFO[Skin.String(TWC.MapIconPath)]$INFO[Window.Property(MapList.2.MapIcon.7)]</icon>
                <onclick>SetProperty(Weather.CurrentMap,$INFO[Window.Property(MapList.2.MapLabel.7)])</onclick>
                <onclick>$INFO[Window.Property(MapList.2.MapOnclick.7)]</onclick>
                <onclick>SetFocus(2000)</onclick>
                <visible>!IsEmpty(Window.Property(MapList.2.MapLabel.7))</visible>
            </item>
            <item>
                <label>$INFO[Window.Property(MapList.2.MapLabel.8)]</label>
                <label2>$INFO[Window.Property(MapList.2.MapLabel2.8)]</label2>
                <icon>$INFO[Skin.String(TWC.MapIconPath)]$INFO[Window.Property(MapList.2.MapIcon.8)]</icon>
                <onclick>SetProperty(Weather.CurrentMap,$INFO[Window.Property(MapList.2.MapLabel.8)])</onclick>
                <onclick>$INFO[Window.Property(MapList.2.MapOnclick.8)]</onclick>
                <onclick>SetFocus(2000)</onclick>
                <visible>!IsEmpty(Window.Property(MapList.2.MapLabel.8))</visible>
            </item>
            <item>
                <label>$INFO[Window.Property(MapList.2.MapLabel.9)]</label>
                <label2>$INFO[Window.Property(MapList.2.MapLabel2.9)]</label2>
                <icon>$INFO[Skin.String(TWC.MapIconPath)]$INFO[Window.Property(MapList.2.MapIcon.9)]</icon>
                <onclick>SetProperty(Weather.CurrentMap,$INFO[Window.Property(MapList.2.MapLabel.9)])</onclick>
                <onclick>$INFO[Window.Property(MapList.2.MapOnclick.9)]</onclick>
                <onclick>SetFocus(2000)</onclick>
                <visible>!IsEmpty(Window.Property(MapList.2.MapLabel.9))</visible>
            </item>
            <item>
                <label>$INFO[Window.Property(MapList.2.MapLabel.10)]</label>
                <label2>$INFO[Window.Property(MapList.2.MapLabel2.10)]</label2>
                <icon>$INFO[Skin.String(TWC.MapIconPath)]$INFO[Window.Property(MapList.2.MapIcon.10)]</icon>
                <onclick>SetProperty(Weather.CurrentMap,$INFO[Window.Property(MapList.2.MapLabel.10)])</onclick>
                <onclick>$INFO[Window.Property(MapList.2.MapOnclick.10)]</onclick>
                <onclick>SetFocus(2000)</onclick>
                <visible>!IsEmpty(Window.Property(MapList.2.MapLabel.10))</visible>
            </item>
            <item>
                <label>$INFO[Window.Property(MapList.2.MapLabel.11)]</label>
                <label2>$INFO[Window.Property(MapList.2.MapLabel2.11)]</label2>
                <icon>$INFO[Skin.String(TWC.MapIconPath)]$INFO[Window.Property(MapList.2.MapIcon.11)]</icon>
                <onclick>SetProperty(Weather.CurrentMap,$INFO[Window.Property(MapList.2.MapLabel.11)])</onclick>
                <onclick>$INFO[Window.Property(MapList.2.MapOnclick.11)]</onclick>
                <onclick>SetFocus(2000)</onclick>
                <visible>!IsEmpty(Window.Property(MapList.2.MapLabel.11))</visible>
            </item>
            <item>
                <label>$INFO[Window.Property(MapList.2.MapLabel.12)]</label>
                <label2>$INFO[Window.Property(MapList.2.MapLabel2.12)]</label2>
                <icon>$INFO[Skin.String(TWC.MapIconPath)]$INFO[Window.Property(MapList.2.MapIcon.12)]</icon>
                <onclick>SetProperty(Weather.CurrentMap,$INFO[Window.Property(MapList.2.MapLabel.12)])</onclick>
                <onclick>$INFO[Window.Property(MapList.2.MapOnclick.12)]</onclick>
                <onclick>SetFocus(2000)</onclick>
                <visible>!IsEmpty(Window.Property(MapList.2.MapLabel.12))</visible>
            </item>
            <item>
                <label>$INFO[Window.Property(MapList.2.MapLabel.13)]</label>
                <label2>$INFO[Window.Property(MapList.2.MapLabel2.13)]</label2>
                <icon>$INFO[Skin.String(TWC.MapIconPath)]$INFO[Window.Property(MapList.2.MapIcon.13)]</icon>
                <onclick>SetProperty(Weather.CurrentMap,$INFO[Window.Property(MapList.2.MapLabel.13)])</onclick>
                <onclick>$INFO[Window.Property(MapList.2.MapOnclick.13)]</onclick>
                <onclick>SetFocus(2000)</onclick>
                <visible>!IsEmpty(Window.Property(MapList.2.MapLabel.13))</visible>
            </item>
            <item>
                <label>$INFO[Window.Property(MapList.2.MapLabel.14)]</label>
                <label2>$INFO[Window.Property(MapList.2.MapLabel2.14)]</label2>
                <icon>$INFO[Skin.String(TWC.MapIconPath)]$INFO[Window.Property(MapList.2.MapIcon.14)]</icon>
                <onclick>SetProperty(Weather.CurrentMap,$INFO[Window.Property(MapList.2.MapLabel.14)])</onclick>
                <onclick>$INFO[Window.Property(MapList.2.MapOnclick.14)]</onclick>
                <onclick>SetFocus(2000)</onclick>
                <visible>!IsEmpty(Window.Property(MapList.2.MapLabel.14))</visible>
            </item>
            <item>
                <label>$INFO[Window.Property(MapList.2.MapLabel.15)]</label>
                <label2>$INFO[Window.Property(MapList.2.MapLabel2.15)]</label2>
                <icon>$INFO[Skin.String(TWC.MapIconPath)]$INFO[Window.Property(MapList.2.MapIcon.15)]</icon>
                <onclick>SetProperty(Weather.CurrentMap,$INFO[Window.Property(MapList.2.MapLabel.15)])</onclick>
                <onclick>$INFO[Window.Property(MapList.2.MapOnclick.15)]</onclick>
                <onclick>SetFocus(2000)</onclick>
                <visible>!IsEmpty(Window.Property(MapList.2.MapLabel.15))</visible>
            </item>
            <item>
                <label>$INFO[Window.Property(MapList.2.MapLabel.16)]</label>
                <label2>$INFO[Window.Property(MapList.2.MapLabel2.16)]</label2>
                <icon>$INFO[Skin.String(TWC.MapIconPath)]$INFO[Window.Property(MapList.2.MapIcon.16)]</icon>
                <onclick>SetProperty(Weather.CurrentMap,$INFO[Window.Property(MapList.2.MapLabel.16)])</onclick>
                <onclick>$INFO[Window.Property(MapList.2.MapOnclick.16)]</onclick>
                <onclick>SetFocus(2000)</onclick>
                <visible>!IsEmpty(Window.Property(MapList.2.MapLabel.16))</visible>
            </item>
            <item>
                <label>$INFO[Window.Property(MapList.2.MapLabel.17)]</label>
                <label2>$INFO[Window.Property(MapList.2.MapLabel2.17)]</label2>
                <icon>$INFO[Skin.String(TWC.MapIconPath)]$INFO[Window.Property(MapList.2.MapIcon.17)]</icon>
                <onclick>SetProperty(Weather.CurrentMap,$INFO[Window.Property(MapList.2.MapLabel.17)])</onclick>
                <onclick>$INFO[Window.Property(MapList.2.MapOnclick.17)]</onclick>
                <onclick>SetFocus(2000)</onclick>
                <visible>!IsEmpty(Window.Property(MapList.2.MapLabel.17))</visible>
            </item>
            <item>
                <label>$INFO[Window.Property(MapList.2.MapLabel.18)]</label>
                <label2>$INFO[Window.Property(MapList.2.MapLabel2.18)]</label2>
                <icon>$INFO[Skin.String(TWC.MapIconPath)]$INFO[Window.Property(MapList.2.MapIcon.18)]</icon>
                <onclick>SetProperty(Weather.CurrentMap,$INFO[Window.Property(MapList.2.MapLabel.18)])</onclick>
                <onclick>$INFO[Window.Property(MapList.2.MapOnclick.18)]</onclick>
                <onclick>SetFocus(2000)</onclick>
                <visible>!IsEmpty(Window.Property(MapList.2.MapLabel.18))</visible>
            </item>
            <item>
                <label>$INFO[Window.Property(MapList.2.MapLabel.19)]</label>
                <label2>$INFO[Window.Property(MapList.2.MapLabel2.19)]</label2>
                <icon>$INFO[Skin.String(TWC.MapIconPath)]$INFO[Window.Property(MapList.2.MapIcon.19)]</icon>
                <onclick>SetProperty(Weather.CurrentMap,$INFO[Window.Property(MapList.2.MapLabel.19)])</onclick>
                <onclick>$INFO[Window.Property(MapList.2.MapOnclick.19)]</onclick>
                <onclick>SetFocus(2000)</onclick>
                <visible>!IsEmpty(Window.Property(MapList.2.MapLabel.19))</visible>
            </item>
            <item>
                <label>$INFO[Window.Property(MapList.2.MapLabel.20)]</label>
                <label2>$INFO[Window.Property(MapList.2.MapLabel2.20)]</label2>
                <icon>$INFO[Skin.String(TWC.MapIconPath)]$INFO[Window.Property(MapList.2.MapIcon.20)]</icon>
                <onclick>SetProperty(Weather.CurrentMap,$INFO[Window.Property(MapList.2.MapLabel.20)])</onclick>
                <onclick>$INFO[Window.Property(MapList.2.MapOnclick.20)]</onclick>
                <onclick>SetFocus(2000)</onclick>
                <visible>!IsEmpty(Window.Property(MapList.2.MapLabel.20))</visible>
            </item>
            <item>
                <label>$INFO[Window.Property(MapList.2.MapLabel.21)]</label>
                <label2>$INFO[Window.Property(MapList.2.MapLabel2.21)]</label2>
                <icon>$INFO[Skin.String(TWC.MapIconPath)]$INFO[Window.Property(MapList.2.MapIcon.21)]</icon>
                <onclick>SetProperty(Weather.CurrentMap,$INFO[Window.Property(MapList.2.MapLabel.21)])</onclick>
                <onclick>$INFO[Window.Property(MapList.2.MapOnclick.21)]</onclick>
                <onclick>SetFocus(2000)</onclick>
                <visible>!IsEmpty(Window.Property(MapList.2.MapLabel.21))</visible>
            </item>
            <item>
                <label>$INFO[Window.Property(MapList.2.MapLabel.22)]</label>
                <label2>$INFO[Window.Property(MapList.2.MapLabel2.22)]</label2>
                <icon>$INFO[Skin.String(TWC.MapIconPath)]$INFO[Window.Property(MapList.2.MapIcon.22)]</icon>
                <onclick>SetProperty(Weather.CurrentMap,$INFO[Window.Property(MapList.2.MapLabel.22)])</onclick>
                <onclick>$INFO[Window.Property(MapList.2.MapOnclick.22)]</onclick>
                <onclick>SetFocus(2000)</onclick>
                <visible>!IsEmpty(Window.Property(MapList.2.MapLabel.22))</visible>
            </item>
            <item>
                <label>$INFO[Window.Property(MapList.2.MapLabel.23)]</label>
                <label2>$INFO[Window.Property(MapList.2.MapLabel2.23)]</label2>
                <icon>$INFO[Skin.String(TWC.MapIconPath)]$INFO[Window.Property(MapList.2.MapIcon.23)]</icon>
                <onclick>SetProperty(Weather.CurrentMap,$INFO[Window.Property(MapList.2.MapLabel.23)])</onclick>
                <onclick>$INFO[Window.Property(MapList.2.MapOnclick.23)]</onclick>
                <onclick>SetFocus(2000)</onclick>
                <visible>!IsEmpty(Window.Property(MapList.2.MapLabel.23))</visible>
            </item>
            <item>
                <label>$INFO[Window.Property(MapList.2.MapLabel.24)]</label>
                <label2>$INFO[Window.Property(MapList.2.MapLabel2.24)]</label2>
                <icon>$INFO[Skin.String(TWC.MapIconPath)]$INFO[Window.Property(MapList.2.MapIcon.24)]</icon>
                <onclick>SetProperty(Weather.CurrentMap,$INFO[Window.Property(MapList.2.MapLabel.24)])</onclick>
                <onclick>$INFO[Window.Property(MapList.2.MapOnclick.24)]</onclick>
                <onclick>SetFocus(2000)</onclick>
                <visible>!IsEmpty(Window.Property(MapList.2.MapLabel.24))</visible>
            </item>
            <item>
                <label>$INFO[Window.Property(MapList.2.MapLabel.25)]</label>
                <label2>$INFO[Window.Property(MapList.2.MapLabel2.25)]</label2>
                <icon>$INFO[Skin.String(TWC.MapIconPath)]$INFO[Window.Property(MapList.2.MapIcon.25)]</icon>
                <onclick>SetProperty(Weather.CurrentMap,$INFO[Window.Property(MapList.2.MapLabel.25)])</onclick>
                <onclick>$INFO[Window.Property(MapList.2.MapOnclick.25)]</onclick>
                <onclick>SetFocus(2000)</onclick>
                <visible>!IsEmpty(Window.Property(MapList.2.MapLabel.25))</visible>
            </item>
            <item>
                <label>$INFO[Window.Property(MapList.2.MapLabel.26)]</label>
                <label2>$INFO[Window.Property(MapList.2.MapLabel2.26)]</label2>
                <icon>$INFO[Skin.String(TWC.MapIconPath)]$INFO[Window.Property(MapList.2.MapIcon.26)]</icon>
                <onclick>SetProperty(Weather.CurrentMap,$INFO[Window.Property(MapList.2.MapLabel.26)])</onclick>
                <onclick>$INFO[Window.Property(MapList.2.MapOnclick.26)]</onclick>
                <onclick>SetFocus(2000)</onclick>
                <visible>!IsEmpty(Window.Property(MapList.2.MapLabel.26))</visible>
            </item>
            <item>
                <label>$INFO[Window.Property(MapList.2.MapLabel.27)]</label>
                <label2>$INFO[Window.Property(MapList.2.MapLabel2.27)]</label2>
                <icon>$INFO[Skin.String(TWC.MapIconPath)]$INFO[Window.Property(MapList.2.MapIcon.27)]</icon>
                <onclick>SetProperty(Weather.CurrentMap,$INFO[Window.Property(MapList.2.MapLabel.27)])</onclick>
                <onclick>$INFO[Window.Property(MapList.2.MapOnclick.27)]</onclick>
                <onclick>SetFocus(2000)</onclick>
                <visible>!IsEmpty(Window.Property(MapList.2.MapLabel.27))</visible>
            </item>
            <item>
                <label>$INFO[Window.Property(MapList.2.MapLabel.28)]</label>
                <label2>$INFO[Window.Property(MapList.2.MapLabel2.28)]</label2>
                <icon>$INFO[Skin.String(TWC.MapIconPath)]$INFO[Window.Property(MapList.2.MapIcon.28)]</icon>
                <onclick>SetProperty(Weather.CurrentMap,$INFO[Window.Property(MapList.2.MapLabel.28)])</onclick>
                <onclick>$INFO[Window.Property(MapList.2.MapOnclick.28)]</onclick>
                <onclick>SetFocus(2000)</onclick>
                <visible>!IsEmpty(Window.Property(MapList.2.MapLabel.28))</visible>
            </item>
            <item>
                <label>$INFO[Window.Property(MapList.2.MapLabel.29)]</label>
                <label2>$INFO[Window.Property(MapList.2.MapLabel2.29)]</label2>
                <icon>$INFO[Skin.String(TWC.MapIconPath)]$INFO[Window.Property(MapList.2.MapIcon.29)]</icon>
                <onclick>SetProperty(Weather.CurrentMap,$INFO[Window.Property(MapList.2.MapLabel.29)])</onclick>
                <onclick>$INFO[Window.Property(MapList.2.MapOnclick.29)]</onclick>
                <onclick>SetFocus(2000)</onclick>
                <visible>!IsEmpty(Window.Property(MapList.2.MapLabel.29))</visible>
            </item>
            <item>
                <label>$INFO[Window.Property(MapList.2.MapLabel.30)]</label>
                <label2>$INFO[Window.Property(MapList.2.MapLabel2.30)]</label2>
                <icon>$INFO[Skin.String(TWC.MapIconPath)]$INFO[Window.Property(MapList.2.MapIcon.30)]</icon>
                <onclick>SetProperty(Weather.CurrentMap,$INFO[Window.Property(MapList.2.MapLabel.30)])</onclick>
                <onclick>$INFO[Window.Property(MapList.2.MapOnclick.30)]</onclick>
                <onclick>SetFocus(2000)</onclick>
                <visible>!IsEmpty(Window.Property(MapList.2.MapLabel.30))</visible>
            </item>
        </content>
    </include>

    <include name="MapsList3.Content">
        <content>
            <item>
                <label>$INFO[Window.Property(MapList.3.MapLabel.1)]</label>
                <label2>$INFO[Window.Property(MapList.3.MapLabel2.1)]</label2>
                <icon>$INFO[Skin.String(TWC.MapIconPath)]$INFO[Window.Property(MapList.3.MapIcon.1)]</icon>
                <onclick>SetProperty(Weather.CurrentMap,$INFO[Window.Property(MapList.3.MapLabel.1)])</onclick>
                <onclick>$INFO[Window.Property(MapList.3.MapOnclick.1)]</onclick>
                <onclick>SetFocus(2000)</onclick>
                <visible>!IsEmpty(Window.Property(MapList.3.MapLabel.1))</visible>
            </item>
            <item>
                <label>$INFO[Window.Property(MapList.3.MapLabel.2)]</label>
                <label2>$INFO[Window.Property(MapList.3.MapLabel2.2)]</label2>
                <icon>$INFO[Skin.String(TWC.MapIconPath)]$INFO[Window.Property(MapList.3.MapIcon.2)]</icon>
                <onclick>SetProperty(Weather.CurrentMap,$INFO[Window.Property(MapList.3.MapLabel.2)])</onclick>
                <onclick>$INFO[Window.Property(MapList.3.MapOnclick.2)]</onclick>
                <onclick>SetFocus(2000)</onclick>
                <visible>!IsEmpty(Window.Property(MapList.3.MapLabel.2))</visible>
            </item>
            <item>
                <label>$INFO[Window.Property(MapList.3.MapLabel.3)]</label>
                <label2>$INFO[Window.Property(MapList.3.MapLabel2.3)]</label2>
                <icon>$INFO[Skin.String(TWC.MapIconPath)]$INFO[Window.Property(MapList.3.MapIcon.3)]</icon>
                <onclick>SetProperty(Weather.CurrentMap,$INFO[Window.Property(MapList.3.MapLabel.3)])</onclick>
                <onclick>$INFO[Window.Property(MapList.3.MapOnclick.3)]</onclick>
                <onclick>SetFocus(2000)</onclick>
                <visible>!IsEmpty(Window.Property(MapList.3.MapLabel.3))</visible>
            </item>
            <item>
                <label>$INFO[Window.Property(MapList.3.MapLabel.4)]</label>
                <label2>$INFO[Window.Property(MapList.3.MapLabel2.4)]</label2>
                <icon>$INFO[Skin.String(TWC.MapIconPath)]$INFO[Window.Property(MapList.3.MapIcon.4)]</icon>
                <onclick>SetProperty(Weather.CurrentMap,$INFO[Window.Property(MapList.3.MapLabel.4)])</onclick>
                <onclick>$INFO[Window.Property(MapList.3.MapOnclick.4)]</onclick>
                <onclick>SetFocus(2000)</onclick>
                <visible>!IsEmpty(Window.Property(MapList.3.MapLabel.4))</visible>
            </item>
            <item>
                <label>$INFO[Window.Property(MapList.3.MapLabel.5)]</label>
                <label2>$INFO[Window.Property(MapList.3.MapLabel2.5)]</label2>
                <icon>$INFO[Skin.String(TWC.MapIconPath)]$INFO[Window.Property(MapList.3.MapIcon.5)]</icon>
                <onclick>SetProperty(Weather.CurrentMap,$INFO[Window.Property(MapList.3.MapLabel.5)])</onclick>
                <onclick>$INFO[Window.Property(MapList.3.MapOnclick.5)]</onclick>
                <onclick>SetFocus(2000)</onclick>
                <visible>!IsEmpty(Window.Property(MapList.3.MapLabel.5))</visible>
            </item>
            <item>
                <label>$INFO[Window.Property(MapList.3.MapLabel.6)]</label>
                <label2>$INFO[Window.Property(MapList.3.MapLabel2.6)]</label2>
                <icon>$INFO[Skin.String(TWC.MapIconPath)]$INFO[Window.Property(MapList.3.MapIcon.6)]</icon>
                <onclick>SetProperty(Weather.CurrentMap,$INFO[Window.Property(MapList.3.MapLabel.6)])</onclick>
                <onclick>$INFO[Window.Property(MapList.3.MapOnclick.6)]</onclick>
                <onclick>SetFocus(2000)</onclick>
                <visible>!IsEmpty(Window.Property(MapList.3.MapLabel.6))</visible>
            </item>
            <item>
                <label>$INFO[Window.Property(MapList.3.MapLabel.7)]</label>
                <label2>$INFO[Window.Property(MapList.3.MapLabel2.7)]</label2>
                <icon>$INFO[Skin.String(TWC.MapIconPath)]$INFO[Window.Property(MapList.3.MapIcon.7)]</icon>
                <onclick>SetProperty(Weather.CurrentMap,$INFO[Window.Property(MapList.3.MapLabel.7)])</onclick>
                <onclick>$INFO[Window.Property(MapList.3.MapOnclick.7)]</onclick>
                <onclick>SetFocus(2000)</onclick>
                <visible>!IsEmpty(Window.Property(MapList.3.MapLabel.7))</visible>
            </item>
            <item>
                <label>$INFO[Window.Property(MapList.3.MapLabel.8)]</label>
                <label2>$INFO[Window.Property(MapList.3.MapLabel2.8)]</label2>
                <icon>$INFO[Skin.String(TWC.MapIconPath)]$INFO[Window.Property(MapList.3.MapIcon.8)]</icon>
                <onclick>SetProperty(Weather.CurrentMap,$INFO[Window.Property(MapList.3.MapLabel.8)])</onclick>
                <onclick>$INFO[Window.Property(MapList.3.MapOnclick.8)]</onclick>
                <onclick>SetFocus(2000)</onclick>
                <visible>!IsEmpty(Window.Property(MapList.3.MapLabel.8))</visible>
            </item>
            <item>
                <label>$INFO[Window.Property(MapList.3.MapLabel.9)]</label>
                <label2>$INFO[Window.Property(MapList.3.MapLabel2.9)]</label2>
                <icon>$INFO[Skin.String(TWC.MapIconPath)]$INFO[Window.Property(MapList.3.MapIcon.9)]</icon>
                <onclick>SetProperty(Weather.CurrentMap,$INFO[Window.Property(MapList.3.MapLabel.9)])</onclick>
                <onclick>$INFO[Window.Property(MapList.3.MapOnclick.9)]</onclick>
                <onclick>SetFocus(2000)</onclick>
                <visible>!IsEmpty(Window.Property(MapList.3.MapLabel.9))</visible>
            </item>
            <item>
                <label>$INFO[Window.Property(MapList.3.MapLabel.10)]</label>
                <label2>$INFO[Window.Property(MapList.3.MapLabel2.10)]</label2>
                <icon>$INFO[Skin.String(TWC.MapIconPath)]$INFO[Window.Property(MapList.3.MapIcon.10)]</icon>
                <onclick>SetProperty(Weather.CurrentMap,$INFO[Window.Property(MapList.3.MapLabel.10)])</onclick>
                <onclick>$INFO[Window.Property(MapList.3.MapOnclick.10)]</onclick>
                <onclick>SetFocus(2000)</onclick>
                <visible>!IsEmpty(Window.Property(MapList.3.MapLabel.10))</visible>
            </item>
            <item>
                <label>$INFO[Window.Property(MapList.3.MapLabel.11)]</label>
                <label2>$INFO[Window.Property(MapList.3.MapLabel2.11)]</label2>
                <icon>$INFO[Skin.String(TWC.MapIconPath)]$INFO[Window.Property(MapList.3.MapIcon.11)]</icon>
                <onclick>SetProperty(Weather.CurrentMap,$INFO[Window.Property(MapList.3.MapLabel.11)])</onclick>
                <onclick>$INFO[Window.Property(MapList.3.MapOnclick.11)]</onclick>
                <onclick>SetFocus(2000)</onclick>
                <visible>!IsEmpty(Window.Property(MapList.3.MapLabel.11))</visible>
            </item>
            <item>
                <label>$INFO[Window.Property(MapList.3.MapLabel.12)]</label>
                <label2>$INFO[Window.Property(MapList.3.MapLabel2.12)]</label2>
                <icon>$INFO[Skin.String(TWC.MapIconPath)]$INFO[Window.Property(MapList.3.MapIcon.12)]</icon>
                <onclick>SetProperty(Weather.CurrentMap,$INFO[Window.Property(MapList.3.MapLabel.12)])</onclick>
                <onclick>$INFO[Window.Property(MapList.3.MapOnclick.12)]</onclick>
                <onclick>SetFocus(2000)</onclick>
                <visible>!IsEmpty(Window.Property(MapList.3.MapLabel.12))</visible>
            </item>
            <item>
                <label>$INFO[Window.Property(MapList.3.MapLabel.13)]</label>
                <label2>$INFO[Window.Property(MapList.3.MapLabel2.13)]</label2>
                <icon>$INFO[Skin.String(TWC.MapIconPath)]$INFO[Window.Property(MapList.3.MapIcon.13)]</icon>
                <onclick>SetProperty(Weather.CurrentMap,$INFO[Window.Property(MapList.3.MapLabel.13)])</onclick>
                <onclick>$INFO[Window.Property(MapList.3.MapOnclick.13)]</onclick>
                <onclick>SetFocus(2000)</onclick>
                <visible>!IsEmpty(Window.Property(MapList.3.MapLabel.13))</visible>
            </item>
            <item>
                <label>$INFO[Window.Property(MapList.3.MapLabel.14)]</label>
                <label2>$INFO[Window.Property(MapList.3.MapLabel2.14)]</label2>
                <icon>$INFO[Skin.String(TWC.MapIconPath)]$INFO[Window.Property(MapList.3.MapIcon.14)]</icon>
                <onclick>SetProperty(Weather.CurrentMap,$INFO[Window.Property(MapList.3.MapLabel.14)])</onclick>
                <onclick>$INFO[Window.Property(MapList.3.MapOnclick.14)]</onclick>
                <onclick>SetFocus(2000)</onclick>
                <visible>!IsEmpty(Window.Property(MapList.3.MapLabel.14))</visible>
            </item>
            <item>
                <label>$INFO[Window.Property(MapList.3.MapLabel.15)]</label>
                <label2>$INFO[Window.Property(MapList.3.MapLabel2.15)]</label2>
                <icon>$INFO[Skin.String(TWC.MapIconPath)]$INFO[Window.Property(MapList.3.MapIcon.15)]</icon>
                <onclick>SetProperty(Weather.CurrentMap,$INFO[Window.Property(MapList.3.MapLabel.15)])</onclick>
                <onclick>$INFO[Window.Property(MapList.3.MapOnclick.15)]</onclick>
                <onclick>SetFocus(2000)</onclick>
                <visible>!IsEmpty(Window.Property(MapList.3.MapLabel.15))</visible>
            </item>
            <item>
                <label>$INFO[Window.Property(MapList.3.MapLabel.16)]</label>
                <label2>$INFO[Window.Property(MapList.3.MapLabel2.16)]</label2>
                <icon>$INFO[Skin.String(TWC.MapIconPath)]$INFO[Window.Property(MapList.3.MapIcon.16)]</icon>
                <onclick>SetProperty(Weather.CurrentMap,$INFO[Window.Property(MapList.3.MapLabel.16)])</onclick>
                <onclick>$INFO[Window.Property(MapList.3.MapOnclick.16)]</onclick>
                <onclick>SetFocus(2000)</onclick>
                <visible>!IsEmpty(Window.Property(MapList.3.MapLabel.16))</visible>
            </item>
            <item>
                <label>$INFO[Window.Property(MapList.3.MapLabel.17)]</label>
                <label2>$INFO[Window.Property(MapList.3.MapLabel2.17)]</label2>
                <icon>$INFO[Skin.String(TWC.MapIconPath)]$INFO[Window.Property(MapList.3.MapIcon.17)]</icon>
                <onclick>SetProperty(Weather.CurrentMap,$INFO[Window.Property(MapList.3.MapLabel.17)])</onclick>
                <onclick>$INFO[Window.Property(MapList.3.MapOnclick.17)]</onclick>
                <onclick>SetFocus(2000)</onclick>
                <visible>!IsEmpty(Window.Property(MapList.3.MapLabel.17))</visible>
            </item>
            <item>
                <label>$INFO[Window.Property(MapList.3.MapLabel.18)]</label>
                <label2>$INFO[Window.Property(MapList.3.MapLabel2.18)]</label2>
                <icon>$INFO[Skin.String(TWC.MapIconPath)]$INFO[Window.Property(MapList.3.MapIcon.18)]</icon>
                <onclick>SetProperty(Weather.CurrentMap,$INFO[Window.Property(MapList.3.MapLabel.18)])</onclick>
                <onclick>$INFO[Window.Property(MapList.3.MapOnclick.18)]</onclick>
                <onclick>SetFocus(2000)</onclick>
                <visible>!IsEmpty(Window.Property(MapList.3.MapLabel.18))</visible>
            </item>
            <item>
                <label>$INFO[Window.Property(MapList.3.MapLabel.19)]</label>
                <label2>$INFO[Window.Property(MapList.3.MapLabel2.19)]</label2>
                <icon>$INFO[Skin.String(TWC.MapIconPath)]$INFO[Window.Property(MapList.3.MapIcon.19)]</icon>
                <onclick>SetProperty(Weather.CurrentMap,$INFO[Window.Property(MapList.3.MapLabel.19)])</onclick>
                <onclick>$INFO[Window.Property(MapList.3.MapOnclick.19)]</onclick>
                <onclick>SetFocus(2000)</onclick>
                <visible>!IsEmpty(Window.Property(MapList.3.MapLabel.19))</visible>
            </item>
            <item>
                <label>$INFO[Window.Property(MapList.3.MapLabel.20)]</label>
                <label2>$INFO[Window.Property(MapList.3.MapLabel2.20)]</label2>
                <icon>$INFO[Skin.String(TWC.MapIconPath)]$INFO[Window.Property(MapList.3.MapIcon.20)]</icon>
                <onclick>SetProperty(Weather.CurrentMap,$INFO[Window.Property(MapList.3.MapLabel.20)])</onclick>
                <onclick>$INFO[Window.Property(MapList.3.MapOnclick.20)]</onclick>
                <onclick>SetFocus(2000)</onclick>
                <visible>!IsEmpty(Window.Property(MapList.3.MapLabel.20))</visible>
            </item>
            <item>
                <label>$INFO[Window.Property(MapList.3.MapLabel.21)]</label>
                <label2>$INFO[Window.Property(MapList.3.MapLabel2.21)]</label2>
                <icon>$INFO[Skin.String(TWC.MapIconPath)]$INFO[Window.Property(MapList.3.MapIcon.21)]</icon>
                <onclick>SetProperty(Weather.CurrentMap,$INFO[Window.Property(MapList.3.MapLabel.21)])</onclick>
                <onclick>$INFO[Window.Property(MapList.3.MapOnclick.21)]</onclick>
                <onclick>SetFocus(2000)</onclick>
                <visible>!IsEmpty(Window.Property(MapList.3.MapLabel.21))</visible>
            </item>
            <item>
                <label>$INFO[Window.Property(MapList.3.MapLabel.22)]</label>
                <label2>$INFO[Window.Property(MapList.3.MapLabel2.22)]</label2>
                <icon>$INFO[Skin.String(TWC.MapIconPath)]$INFO[Window.Property(MapList.3.MapIcon.22)]</icon>
                <onclick>SetProperty(Weather.CurrentMap,$INFO[Window.Property(MapList.3.MapLabel.22)])</onclick>
                <onclick>$INFO[Window.Property(MapList.3.MapOnclick.22)]</onclick>
                <onclick>SetFocus(2000)</onclick>
                <visible>!IsEmpty(Window.Property(MapList.3.MapLabel.22))</visible>
            </item>
            <item>
                <label>$INFO[Window.Property(MapList.3.MapLabel.23)]</label>
                <label2>$INFO[Window.Property(MapList.3.MapLabel2.23)]</label2>
                <icon>$INFO[Skin.String(TWC.MapIconPath)]$INFO[Window.Property(MapList.3.MapIcon.23)]</icon>
                <onclick>SetProperty(Weather.CurrentMap,$INFO[Window.Property(MapList.3.MapLabel.23)])</onclick>
                <onclick>$INFO[Window.Property(MapList.3.MapOnclick.23)]</onclick>
                <onclick>SetFocus(2000)</onclick>
                <visible>!IsEmpty(Window.Property(MapList.3.MapLabel.23))</visible>
            </item>
            <item>
                <label>$INFO[Window.Property(MapList.3.MapLabel.24)]</label>
                <label2>$INFO[Window.Property(MapList.3.MapLabel2.24)]</label2>
                <icon>$INFO[Skin.String(TWC.MapIconPath)]$INFO[Window.Property(MapList.3.MapIcon.24)]</icon>
                <onclick>SetProperty(Weather.CurrentMap,$INFO[Window.Property(MapList.3.MapLabel.24)])</onclick>
                <onclick>$INFO[Window.Property(MapList.3.MapOnclick.24)]</onclick>
                <onclick>SetFocus(2000)</onclick>
                <visible>!IsEmpty(Window.Property(MapList.3.MapLabel.24))</visible>
            </item>
            <item>
                <label>$INFO[Window.Property(MapList.3.MapLabel.25)]</label>
                <label2>$INFO[Window.Property(MapList.3.MapLabel2.25)]</label2>
                <icon>$INFO[Skin.String(TWC.MapIconPath)]$INFO[Window.Property(MapList.3.MapIcon.25)]</icon>
                <onclick>SetProperty(Weather.CurrentMap,$INFO[Window.Property(MapList.3.MapLabel.25)])</onclick>
                <onclick>$INFO[Window.Property(MapList.3.MapOnclick.25)]</onclick>
                <onclick>SetFocus(2000)</onclick>
                <visible>!IsEmpty(Window.Property(MapList.3.MapLabel.25))</visible>
            </item>
            <item>
                <label>$INFO[Window.Property(MapList.3.MapLabel.26)]</label>
                <label2>$INFO[Window.Property(MapList.3.MapLabel2.26)]</label2>
                <icon>$INFO[Skin.String(TWC.MapIconPath)]$INFO[Window.Property(MapList.3.MapIcon.26)]</icon>
                <onclick>SetProperty(Weather.CurrentMap,$INFO[Window.Property(MapList.3.MapLabel.26)])</onclick>
                <onclick>$INFO[Window.Property(MapList.3.MapOnclick.26)]</onclick>
                <onclick>SetFocus(2000)</onclick>
                <visible>!IsEmpty(Window.Property(MapList.3.MapLabel.26))</visible>
            </item>
            <item>
                <label>$INFO[Window.Property(MapList.3.MapLabel.27)]</label>
                <label2>$INFO[Window.Property(MapList.3.MapLabel2.27)]</label2>
                <icon>$INFO[Skin.String(TWC.MapIconPath)]$INFO[Window.Property(MapList.3.MapIcon.27)]</icon>
                <onclick>SetProperty(Weather.CurrentMap,$INFO[Window.Property(MapList.3.MapLabel.27)])</onclick>
                <onclick>$INFO[Window.Property(MapList.3.MapOnclick.27)]</onclick>
                <onclick>SetFocus(2000)</onclick>
                <visible>!IsEmpty(Window.Property(MapList.3.MapLabel.27))</visible>
            </item>
            <item>
                <label>$INFO[Window.Property(MapList.3.MapLabel.28)]</label>
                <label2>$INFO[Window.Property(MapList.3.MapLabel2.28)]</label2>
                <icon>$INFO[Skin.String(TWC.MapIconPath)]$INFO[Window.Property(MapList.3.MapIcon.28)]</icon>
                <onclick>SetProperty(Weather.CurrentMap,$INFO[Window.Property(MapList.3.MapLabel.28)])</onclick>
                <onclick>$INFO[Window.Property(MapList.3.MapOnclick.28)]</onclick>
                <onclick>SetFocus(2000)</onclick>
                <visible>!IsEmpty(Window.Property(MapList.3.MapLabel.28))</visible>
            </item>
            <item>
                <label>$INFO[Window.Property(MapList.3.MapLabel.29)]</label>
                <label2>$INFO[Window.Property(MapList.3.MapLabel2.29)]</label2>
                <icon>$INFO[Skin.String(TWC.MapIconPath)]$INFO[Window.Property(MapList.3.MapIcon.29)]</icon>
                <onclick>SetProperty(Weather.CurrentMap,$INFO[Window.Property(MapList.3.MapLabel.29)])</onclick>
                <onclick>$INFO[Window.Property(MapList.3.MapOnclick.29)]</onclick>
                <onclick>SetFocus(2000)</onclick>
                <visible>!IsEmpty(Window.Property(MapList.3.MapLabel.29))</visible>
            </item>
            <item>
                <label>$INFO[Window.Property(MapList.3.MapLabel.30)]</label>
                <label2>$INFO[Window.Property(MapList.3.MapLabel2.30)]</label2>
                <icon>$INFO[Skin.String(TWC.MapIconPath)]$INFO[Window.Property(MapList.3.MapIcon.30)]</icon>
                <onclick>SetProperty(Weather.CurrentMap,$INFO[Window.Property(MapList.3.MapLabel.30)])</onclick>
                <onclick>$INFO[Window.Property(MapList.3.MapOnclick.30)]</onclick>
                <onclick>SetFocus(2000)</onclick>
                <visible>!IsEmpty(Window.Property(MapList.3.MapLabel.30))</visible>
            </item>
        </content>
    </include>

</includes>
