<includes>
    <include name="TWC.Maps.Button">
        <control type="button" id="13200">
            <include>TWC.ButtonCommon</include>
            <label>31900</label>
            <onclick>SetProperty(Weather.CurrentView,$LOCALIZE[31900] - $LOCALIZE[31910])</onclick>
            <onclick>SetProperty(Weather.CurrentViewMenu,$LOCALIZE[31900])</onclick>
        </control>
    </include>
    <include name="TWC.Maps.ButtonXLabel">
        <control type="button">
            <include>TWC.ButtonXLabelCommon</include>
            <label>31910</label>
        </control>
    </include>
    <include name="TWC.Maps.DummyButtons">
        <!-- dummy buttons for defaultmap -->
        <control type="button" id="90200">
            <posy>-1000</posy>
            <onfocus>SetFocus(9010)</onfocus>
            <onfocus>Skin.Reset(TWC.DefaultMap)</onfocus>
            <visible>StringCompare(Window.Property(Weather.CurrentMap),Skin.String(TWC.DefaultMap))</visible>
        </control>
        <control type="button" id="90200">
            <posy>-1000</posy>
            <onfocus>SetFocus(9010)</onfocus>
            <onfocus>Skin.SetString(TWC.DefaultMap,$INFO[Window.Property(Weather.CurrentMap)])</onfocus>
            <visible>!StringCompare(Window.Property(Weather.CurrentMap),Skin.String(TWC.DefaultMap))</visible>
        </control>
    </include>
    <include name="TWC.Maps.SettingsButtons">
        <control type="radiobutton" id="91200">
            <description>Default Map Toggle</description>
            <include>ButtonMediaSubCommonValues</include>
            <label>31931</label>
            <onclick>SetFocus(90200)</onclick>
            <selected>StringCompare(Window.Property(Weather.CurrentMap),Skin.String(TWC.DefaultMap))</selected>
            <visible>StringCompare(Window.Property(Weather.CurrentView),$LOCALIZE[31900] - $LOCALIZE[31910])</visible>
        </control>
        <control type="radiobutton" id="92200">
            <description>zoom map</description>
            <include>ButtonMediaSubCommonValues</include>
            <label>31932</label>
            <onclick>Skin.ToggleSetting(TWC.ZoomWeatherMap)</onclick>
            <selected>Skin.HasSetting(TWC.ZoomWeatherMap)</selected>
            <visible>StringCompare(Window.Property(Weather.CurrentView),$LOCALIZE[31900] - $LOCALIZE[31910])</visible>
        </control>
        <control type="button" id="93200">
            <description>Search</description>
            <include>ButtonMediaSubCommonValues</include>
            <label>31933</label>
            <onclick>Skin.SetPath(TWC.MapIconPath)</onclick>
            <visible>StringCompare(Window.Property(Weather.CurrentView),$LOCALIZE[31900] - $LOCALIZE[31910])</visible>
        </control>
    </include>
    <include name="TWC.Maps.ListCommon">
        <posx>-80</posx>
        <posy>50</posy>
        <width>705</width>
        <height>465</height>
        <onleft>2000</onleft>
        <viewtype label="536">icon</viewtype>
        <scrolltime>200</scrolltime>
        <preloaditems>2</preloaditems>
        <itemlayout width="235" height="155">
            <control type="image">
                <posx>0</posx>
                <posy>0</posy>
                <width>230</width>
                <height>155</height>
                <aspectratio>stretch</aspectratio>
                <bordertexture border="10">ThumbShadow.png</bordertexture>
                <bordersize>8</bordersize>
                <fadetime>200</fadetime>
                <texture border="2">ThumbBG.png</texture>
            </control>
            <control type="image">
                <posx>10</posx>
                <posy>10</posy>
                <width>210</width>
                <height>135</height>
                <aspectratio>keep</aspectratio>
                <texture background="true" fallback="special://skin/media/weather.com plus/na.jpg">$INFO[ListItem.Icon]</texture>
            </control>
        </itemlayout>
        <focusedlayout height="230" width="155">
            <control type="image">
                <posx>0</posx>
                <posy>0</posy>
                <width>230</width>
                <height>155</height>
                <aspectratio>stretch</aspectratio>
                <bordertexture border="10">folder-Focus.png</bordertexture>
                <bordersize>8</bordersize>
                <fadetime>200</fadetime>
                <texture border="2">ThumbBG.png</texture>
            </control>
            <control type="image">
                <posx>10</posx>
                <posy>10</posy>
                <width>210</width>
                <height>135</height>
                <aspectratio>keep</aspectratio>
                <texture background="true" fallback="special://skin/media/weather.com plus/na.jpg">$INFO[ListItem.Icon]</texture>
            </control>
        </focusedlayout>
    </include>
    <include name="TWC.Maps.ListTitleCommon">
        <posx>-70</posx>
        <posy>515</posy>
        <width>720</width>
        <height>30</height>
        <font>font13caps</font>
        <textcolor>grey2</textcolor>
        <shadowcolor>black</shadowcolor>
        <align>center</align>
        <aligny>center</aligny>
    </include>
    <include name="TWC.Maps.ListButtonsCommon">
        <posy>-10</posy>
        <width>240</width>
        <height>50</height>
        <align>left</align>
        <aligny>center</aligny>
        <font>font12_title</font>
        <textcolor>white</textcolor>
        <disabledcolor>grey3</disabledcolor>
        <pulseonselect>false</pulseonselect>
        <texturenofocus border="5">MenuItemNF.png</texturenofocus>
        <texturefocus border="5">button-focus.png</texturefocus>
        <textoffsetx>20</textoffsetx>
    </include>

    <include name="TWC.Maps">
        <control type="group">
            <posx>290</posx>
            <posy>60</posy>
            <onright>5200</onright>
            <visible>StringCompare(Window.Property(Weather.CurrentView),$LOCALIZE[31900] - $LOCALIZE[31910])</visible>
            <animation effect="fade" reversible="true" time="300">VisibleChange</animation>
            <!-- Category buttons and other controls -->
            <control type="group" id="5200">
                <posx>120</posx>
                <posy>40</posy>
                <control type="image">
                    <posx>-90</posx>
                    <posy>-10</posy>
                    <width>760</width>
                    <height>550</height>
                    <texture>black-back.png</texture>
                </control>
                <control type="radiobutton" id="5201">
                    <description>Map List Button</description>
                    <include>TWC.Maps.ListButtonsCommon</include>
                    <posx>-80</posx>
                    <label>$INFO[Window.Property(MapList.1.ShortTitle)]</label>
                    <onleft>2000</onleft>
                    <onright>5202</onright>
                    <onup>5100</onup>
                    <ondown>5100</ondown>
                    <visible>!IsEmpty(Window.Property(MapList.1.ShortTitle))</visible>
                    <onfocus>SetProperty(CurrentMapList,1)</onfocus>
                    <selected>StringCompare(Window.Property(CurrentMapList),1)</selected>
                </control>
                <control type="radiobutton" id="5202">
                    <description>Map List Button</description>
                    <include>TWC.Maps.ListButtonsCommon</include>
                    <posx>170</posx>
                    <label>$INFO[Window.Property(MapList.2.ShortTitle)]</label>
                    <onleft>5201</onleft>
                    <onright>5203</onright>
                    <onup>5100</onup>
                    <ondown>5100</ondown>
                    <visible>!IsEmpty(Window.Property(MapList.2.ShortTitle))</visible>
                    <onfocus>SetProperty(CurrentMapList,2)</onfocus>
                    <selected>StringCompare(Window.Property(CurrentMapList),2)</selected>
                </control>
                <control type="radiobutton" id="5203">
                    <description>Map List Button</description>
                    <include>TWC.Maps.ListButtonsCommon</include>
                    <posx>420</posx>
                    <label>$INFO[Window.Property(MapList.3.ShortTitle)]</label>
                    <onleft>5202</onleft>
                    <onright>5201</onright>
                    <onup>5100</onup>
                    <ondown>5100</ondown>
                    <visible>!IsEmpty(Window.Property(MapList.3.ShortTitle))</visible>
                    <onfocus>SetProperty(CurrentMapList,3)</onfocus>
                    <selected>StringCompare(Window.Property(CurrentMapList),3)</selected>
                </control>
                <control type="image">
                    <posx>165</posx>
                    <posy>-10</posy>
                    <width>4</width>
                    <height>50</height>
                    <texture>separator_vertical.png</texture>
                    <visible>!IsEmpty(Window.Property(MapList.2.ShortTitle))</visible>
                </control>
                <control type="image">
                    <posx>415</posx>
                    <posy>-10</posy>
                    <width>4</width>
                    <height>50</height>
                    <texture>separator_vertical.png</texture>
                    <visible>!IsEmpty(Window.Property(MapList.3.ShortTitle))</visible>
                </control>
                <control type="multiimage">
                    <description>maps multiimage</description>
                    <posx>-70</posx>
                    <posy>40</posy>
                    <width>720</width>
                    <height>486</height>
                    <imagepath>$INFO[Window.Property(MapPath)]</imagepath>
                    <timeperimage>500</timeperimage>
                    <pauseatend>1000</pauseatend>
                    <fadetime>0</fadetime>
                    <randomize>false</randomize>
                    <loop>yes</loop>
                    <aspectratio>keep</aspectratio>
                    <aligny>center</aligny>
                    <animation effect="fade" time="200" start="100" end="15" condition="Control.HasFocus(5201) | Control.HasFocus(5202) | Control.HasFocus(5203) | ControlGroup(5100).HasFocus">Conditional</animation>
                    <animation effect="zoom" reversible="true" center="325,360" start="100" end="117" time="100" condition="Skin.HasSetting(TWC.ZoomWeatherMap)">Conditional</animation>
                </control>
                <control type="image">
                    <description>legend image</description>
                    <posx>205</posx>
                    <posy>470</posy>
                    <width>400</width>
                    <height>50</height>
                    <texture>$INFO[Window.Property(LegendPath)]</texture>
                    <align>right</align>
                    <aligny>top</aligny>
                    <aspectratio>keep</aspectratio>
                    <colordiffuse>BFFFFFFF</colordiffuse>
                    <animation effect="fade" time="200" start="100" end="15" condition="Control.HasFocus(5201) | Control.HasFocus(5202) | Control.HasFocus(5203) | ControlGroup(5100).HasFocus">Conditional</animation>
                    <animation effect="zoom" reversible="true" center="325,360" start="100" end="117" time="100" condition="Skin.HasSetting(TWC.ZoomWeatherMap)">Conditional</animation>
                </control>
            </control>
            <!-- Category Lists  -->
            <control type="group" id="5100">
                <posx>120</posx>
                <posy>35</posy>
                <visible>Control.HasFocus(5201) | Control.HasFocus(5202) | Control.HasFocus(5203) | ControlGroup(5100).HasFocus</visible>
                <!-- Maps List #1 -->
                <control type="group">
                    <visible>StringCompare(Window.Property(CurrentMapList),1)</visible>
                    <control type="label">
                        <include>TWC.Maps.ListTitleCommon</include>
                        <label>$INFO[Container(501).ListItem.Label]</label>
                    </control>
                    <control type="panel" id="501">
                        <include>MapsList1.Content</include>
                        <include>TWC.Maps.ListCommon</include>
                        <onright>5001</onright>
                        <onup>5200</onup>
                        <ondown>501</ondown>
                        <pagecontrol>5001</pagecontrol>
                    </control>
                    <control type="scrollbar" id="5001">
                        <description>Scroll Bar</description>
                        <include>TWC.ScrollbarCommon</include>
                        <onleft>501</onleft>
                        <onright>501</onright>
                    </control>
                </control>
                <!-- Maps List #2 -->
                <control type="group">
                    <visible>StringCompare(Window.Property(CurrentMapList),2)</visible>
                    <control type="label">
                        <include>TWC.Maps.ListTitleCommon</include>
                        <label>$INFO[Container(502).ListItem.Label]</label>
                    </control>
                    <control type="panel" id="502">
                        <include>MapsList2.Content</include>
                        <include>TWC.Maps.ListCommon</include>
                        <onright>5020</onright>
                        <onup>5200</onup>
                        <ondown>502</ondown>
                        <pagecontrol>5020</pagecontrol>
                    </control>
                    <control type="scrollbar" id="5020">
                        <description>Scroll Bar</description>
                        <include>TWC.ScrollbarCommon</include>
                        <onleft>502</onleft>
                        <onright>502</onright>
                    </control>
                </control>
                <!-- Maps List #3 -->
                <control type="group">
                    <visible>StringCompare(Window.Property(CurrentMapList),3)</visible>
                    <control type="label">
                        <include>TWC.Maps.ListTitleCommon</include>
                        <label>$INFO[Container(503).ListItem.Label]</label>
                    </control>
                    <control type="panel" id="503">
                        <include>MapsList3.Content</include>
                        <include>TWC.Maps.ListCommon</include>
                        <onright>5030</onright>
                        <onup>5200</onup>
                        <ondown>503</ondown>
                        <pagecontrol>5030</pagecontrol>
                    </control>
                    <control type="scrollbar" id="5030">
                        <description>Scroll Bar</description>
                        <include>TWC.ScrollbarCommon</include>
                        <onleft>503</onleft>
                        <onright>503</onright>
                    </control>
                </control>
            </control>
        </control>
    </include>
</includes>
