<includes>
    <include name="TWC.Video.Button">
        <control type="button" id="13207">
            <include>TWC.ButtonCommon</include>
            <label>31907</label>
            <onclick>SetProperty(Weather.CurrentView,$LOCALIZE[31907] - $LOCALIZE[31914])</onclick>
            <onclick>SetProperty(Weather.CurrentViewMenu,$LOCALIZE[31907])</onclick>
            <onclick>SetFocus(14207)</onclick>
            <enable>!IsEmpty(Window.Property(Video))</enable>
        </control>
    </include>
    <include name="TWC.Video.ButtonXLabel">
        <control type="button">
            <include>TWC.ButtonXLabelCommon</include>
            <label>31914</label>
            <enable>!IsEmpty(Window.Property(Video))</enable>
        </control>
    </include>
    <include name="TWC.Video.FakeButtons">
        <control type="button" id="14207">
            <posy>-1000</posy>
            <onfocus>SetFocus(2000)</onfocus>
            <onfocus>PlayMedia($INFO[Window.Property(Video)],1,noresume)</onfocus>
            <visible>!Player.HasVideo</visible>
        </control>
        <control type="button" id="14207">
            <posy>-1000</posy>
            <onfocus>SetFocus(2000)</onfocus>
            <visible>Player.HasVideo</visible>
        </control>
    </include>
    <include name="TWC.Video.VideoWindowDimensions">
        <posx>45</posx>
        <posy>40</posy>
        <width>720</width>
        <height>540</height>
    </include>

    <include name="TWC.Video">
        <control type="group">
            <posx>290</posx>
            <posy>60</posy>
            <visible>StringCompare(Window.Property(Weather.CurrentView),$LOCALIZE[31907] - $LOCALIZE[31914])</visible>
            <animation effect="fade" reversible="true" time="300">VisibleChange</animation>
            <control type="image">
                <description>Border</description>
                <posx>40</posx>
                <posy>35</posy>
                <width>730</width>
                <height>550</height>
                <texture border="5">button-nofocus.png</texture>
            </control>
            <control type="image">
                <description>background</description>
                <include>TWC.Video.VideoWindowDimensions</include>
                <texture>black-back.png</texture>
            </control>
            <control type="label">
                <description>no video label</description>
                <label>$LOCALIZE[31971][CR][CR]$LOCALIZE[31914]</label>
                <include>TWC.LoadingLabelCommon</include>
            </control>
            <control type="videowindow">
                <include>TWC.Video.VideoWindowDimensions</include>
                <visible>Player.HasVideo</visible>
            </control>
        </control>
    </include>
</includes>
