<includes>
    <include name="TWC.Weekend.Button">
        <control type="button" id="13203">
            <include>TWC.ButtonCommon</include>
            <label>31903</label>
            <onclick>SetProperty(Weather.CurrentView,$LOCALIZE[31903] $LOCALIZE[31911])</onclick>
            <onclick>SetProperty(Weather.CurrentViewMenu,$LOCALIZE[31903])</onclick>
        </control>
    </include>
    <include name="TWC.Weekend.ButtonXLabel">
        <control type="button">
            <include>TWC.ButtonXLabelCommon</include>
            <label>31911</label>
        </control>
    </include>
    <include name="TWC.Weekend.SettingsButtons">
        <control type="radiobutton" id="91203">
            <description>weekend details</description>
            <include>ButtonMediaSubCommonValues</include>
            <label>31934</label>
            <onclick>Skin.ToggleSetting(TWC.ShowWeekendDetails)</onclick>
            <selected>!Skin.HasSetting(TWC.ShowWeekendDetails)</selected>
            <visible>StringCompare(Window.Property(Weather.CurrentView),$LOCALIZE[31903] $LOCALIZE[31911])</visible>
        </control>
    </include>
    <include name="TWC.Weekend.DayCommon">
        <posx>0</posx>
        <posy>15</posy>
        <width>260</width>
        <height>24</height>
        <font>font16</font>
        <textcolor>white</textcolor>
        <shadowcolor>black</shadowcolor>
        <aligny>center</aligny>
        <align>center</align>
    </include>
    <include name="TWC.Weekend.DateCommon">
        <posx>250</posx>
        <posy>0</posy>
        <width>260</width>
        <height>15</height>
        <font>font12</font>
        <textcolor>grey2</textcolor>
        <shadowcolor>black</shadowcolor>
        <aligny>center</aligny>
        <align>right</align>
    </include>
    <include name="TWC.Weekend.DayIconCommon">
        <posx>0</posx>
        <posy>70</posy>
        <width>128</width>
        <height>120</height>
        <aspectratio>keep</aspectratio>
    </include>
    <include name="TWC.Weekend.DayOutlookCommon">
        <posx>0</posx>
        <posy>200</posy>
        <width>128</width>
        <height>128</height>
        <font>font12</font>
        <textcolor>grey</textcolor>
        <shadowcolor>black</shadowcolor>
        <aligny>top</aligny>
        <align>center</align>
        <wrapmultiline>true</wrapmultiline>
    </include>
    <include name="TWC.Weekend.HighTemperatureHeadingCommon">
        <posx>130</posx>
        <posy>69</posy>
        <width>130</width>
        <height>20</height>
        <font>font13</font>
        <textcolor>grey2</textcolor>
        <shadowcolor>black</shadowcolor>
        <aligny>center</aligny>
        <align>center</align>
    </include>
    <include name="TWC.Weekend.HighTemperatureCommon">
        <posy>99</posy>
        <font>font35_title</font>
        <textcolor>white</textcolor>
        <include>TWC.Weekend.HighTemperatureHeadingCommon</include>
    </include>
    <include name="TWC.Weekend.HighTempUnitsCommon">
        <posx>162</posx>
        <posy>91</posy>
        <font>font12</font>
        <textcolor>white</textcolor>
        <info>System.TemperatureUnits</info>
        <include>TWC.Weekend.HighTemperatureHeadingCommon</include>
    </include>
    <include name="TWC.Weekend.LowTempHeadingCommon">
        <control type="label">
            <description>high temp title</description>
            <posy>143</posy>
            <label>[B]$LOCALIZE[391][/B]</label>
            <include>TWC.Weekend.HighTemperatureHeadingCommon</include>
        </control>
    </include>
    <include name="TWC.Weekend.LowTempCommon">
        <posy>170</posy>
        <font>font30_title</font>
        <textcolor>grey</textcolor>
        <include>TWC.Weekend.HighTemperatureHeadingCommon</include>
    </include>
    <include name="TWC.Weekend.LowTempUnitsCommon">
        <posx>159</posx>
        <posy>163</posy>
        <font>font12</font>
        <textcolor>grey</textcolor>
        <info>System.TemperatureUnits</info>
        <include>TWC.Weekend.HighTemperatureHeadingCommon</include>
    </include>
    <include name="TWC.Weekend.ForecastHeadingCommon">
        <posy>410</posy>
        <font>font13</font>
        <textcolor>grey2</textcolor>
        <align>center</align>
        <aligny>center</aligny>
        <label>[B]$LOCALIZE[31911][/B]</label>
        <include>TWC.Weekend.DayCommon</include>
    </include>
    <include name="TWC.Weekend.ForecastCommon">
        <posy>430</posy>
        <height>120</height>
        <font>font12</font>
        <align>left</align>
        <aligny>top</aligny>
        <autoscroll time="2000" delay="6000" repeat="6000">VisibleChange</autoscroll>
        <include>TWC.Weekend.DayCommon</include>
    </include>
    <include name="TWC.Weekend.DaySeparator">
        <control type="image">
            <posx>264</posx>
            <posy>0</posy>
            <width>4</width>
            <height>580</height>
            <texture>separator_vertical.png</texture>
        </control>
    </include>
    <include name="TWC.Weekend.DetailsHeadingCommon">
        <posy>252</posy>
        <font>font13</font>
        <textcolor>grey2</textcolor>
        <align>center</align>
        <aligny>center</aligny>
        <include>TWC.Weekend.DayCommon</include>
    </include>
    <include name="TWC.Weekend.DetailsValuesCommon">
        <posx>128</posx>
        <align>left</align>
        <textcolor>white</textcolor>
        <include>TWC.Weekend.DetailsLabelsCommon</include>
    </include>
    <include name="TWC.Weekend.DetailsLabelsCommon">
        <posx>0</posx>
        <posy>277</posy>
        <width>140</width>
        <height>20</height>
        <font>font12</font>
        <align>right</align>
        <aligny>center</aligny>
        <textoffsetx>17</textoffsetx>
        <textcolor>grey2</textcolor>
        <shadowcolor>black</shadowcolor>
        <focusedcolor>grey2</focusedcolor>
        <texturefocus>-</texturefocus>
        <texturenofocus>-</texturenofocus>
    </include>
    <include name="TWC.Weekend.DetailsLabels">
        <posy>277</posy>
        <width>130</width>
        <height>150</height>
        <itemgap>0</itemgap>
        <orientation>vertical</orientation>
        <control type="button">
            <include>TWC.Weekend.DetailsLabelsCommon</include>
            <label>$LOCALIZE[406]:</label>
        </control>
        <control type="button">
            <include>TWC.Weekend.DetailsLabelsCommon</include>
            <label>$LOCALIZE[403]:</label>
        </control>
        <control type="button">
            <include>TWC.Weekend.DetailsLabelsCommon</include>
            <label>$LOCALIZE[383]:</label>
        </control>
        <control type="button">
            <include>TWC.Weekend.DetailsLabelsCommon</include>
            <label>$LOCALIZE[33021]:</label>
        </control>
        <control type="button">
            <include>TWC.Weekend.DetailsLabelsCommon</include>
            <label>$LOCALIZE[33027]:</label>
        </control>
        <control type="button">
            <include>TWC.Weekend.DetailsLabelsCommon</include>
            <label>$LOCALIZE[33028]:</label>
        </control>
    </include>
    <include name="TWC.Weekend.ObservedLabels">
        <posy>277</posy>
        <width>130</width>
        <height>170</height>
        <itemgap>0</itemgap>
        <orientation>vertical</orientation>
        <control type="button">
            <include>TWC.Weekend.DetailsLabelsCommon</include>
            <label>$LOCALIZE[31923]:</label>
        </control>
        <control type="button">
            <include>TWC.Weekend.DetailsLabelsCommon</include>
            <label>$LOCALIZE[31924]:</label>
        </control>
        <control type="button">
            <include>TWC.Weekend.DetailsLabelsCommon</include>
            <label>-</label>
        </control>
        <control type="button">
            <include>TWC.Weekend.DetailsLabelsCommon</include>
            <label>$LOCALIZE[31927]:</label>
        </control>
        <control type="button">
            <include>TWC.Weekend.DetailsLabelsCommon</include>
            <label>$LOCALIZE[31928]:</label>
        </control>
        <control type="button">
            <include>TWC.Weekend.DetailsLabelsCommon</include>
            <label>-</label>
        </control>
        <control type="button">
            <include>TWC.Weekend.DetailsLabelsCommon</include>
            <label>$LOCALIZE[31925]:</label>
        </control>
        <control type="button">
            <include>TWC.Weekend.DetailsLabelsCommon</include>
            <label>$LOCALIZE[31926]:</label>
        </control>
    </include>

    <include name="TWC.Weekend">
        <control type="group">
            <posx>290</posx>
            <posy>60</posy>
            <visible>StringCompare(Window.Property(Weather.CurrentView),$LOCALIZE[31903] $LOCALIZE[31911])</visible>
            <animation effect="fade" reversible="true" time="300">VisibleChange</animation>
            <control type="label">
                <description>loading label</description>
                <include>TWC.LoadingLabelCommon</include>
                <visible>IsEmpty(Window.Property(Weekend.IsFetched))</visible>
            </control>
            <control type="grouplist">
                <visible>!IsEmpty(Window.Property(Weekend.IsFetched))</visible>
                <posx>0</posx>
                <posy>25</posy>
                <width>920</width>
                <itemgap>0</itemgap>
                <orientation>horizontal</orientation>
                <!-- friday -->
                <control type="group">
                    <width>275</width>
                    <control type="label">
                        <description>heading</description>
                        <include>TWC.Weekend.DateCommon</include>
                        <label>$INFO[Window.Property(Weekend.1.Date)]</label>
                    </control>
                    <control type="label">
                        <description>heading</description>
                        <include>TWC.Weekend.DayCommon</include>
                        <label>[B]$LOCALIZE[15][/B]</label>
                    </control>
                    <control type="image">
                        <description>forecast icon</description>
                        <include>TWC.Weekend.DayIconCommon</include>
                        <info>Window.Property(Weekend.1.OutlookIcon)</info>
                    </control>
                    <control type="label">
                        <description>outlook label</description>
                        <include>TWC.Weekend.DayOutlookCommon</include>
                        <info>Window.Property(Weekend.1.Outlook)</info>
                    </control>
                    <control type="label">
                        <description>high temp label</description>
                        <label>[B]$LOCALIZE[393][/B]</label>
                        <include>TWC.Weekend.HighTemperatureHeadingCommon</include>
                    </control>
                    <control type="label">
                        <description>temp label</description>
                        <label fallback="N/A">$INFO[Window.Property(Weekend.1.HighTemperature)]</label>
                        <include>TWC.Weekend.HighTemperatureCommon</include>
                        <animation effect="slide" start="0,0" end="-7,0" time="0" condition="IntegerGreaterThan(Window.Property(Weekend.1.HighTemperature),-100) + !IntegerGreaterThan(Window.Property(Weekend.1.HighTemperature),-1)">Conditional</animation>
                    </control>
                    <control type="label">
                        <description>Temp label units</description>
                        <include>TWC.Weekend.HighTempUnitsCommon</include>
                        <visible>!IsEmpty(Window.Property(Weekend.1.HighTemperature))</visible>
                        <animation effect="slide" start="0,0" end="12,0" time="0" condition="IntegerGreaterThan(Window.Property(Weekend.1.HighTemperature),99)">Conditional</animation>
                        <animation effect="slide" start="0,0" end="-12,0" time="0" condition="IntegerGreaterThan(Window.Property(Weekend.1.HighTemperature),-10) + !IntegerGreaterThan(Window.Property(Weekend.1.HighTemperature),9)">Conditional</animation>
                    </control>
                    <include>TWC.Weekend.LowTempHeadingCommon</include>
                    <control type="label">
                        <description>low temp</description>
                        <info>Window.Property(Weekend.1.LowTemperature)</info>
                        <include>TWC.Weekend.LowTempCommon</include>
                        <animation effect="slide" start="0,0" end="-6,0" time="0" condition="IntegerGreaterThan(Window.Property(Weekend.1.LowTemperature),-100) + !IntegerGreaterThan(Window.Property(Weekend.1.LowTemperature),-1)">Conditional</animation>
                    </control>
                    <control type="label">
                        <description>temp units</description>
                        <include>TWC.Weekend.LowTempUnitsCommon</include>
                        <visible>!StringCompare(Window.Property(Weekend.1.LowTemperature),N/A)</visible>
                        <animation effect="slide" start="0,0" end="10,0" time="0" condition="IntegerGreaterThan(Window.Property(Weekend.1.LowTemperature),99)">Conditional</animation>
                        <animation effect="slide" start="0,0" end="-11,0" time="0" condition="IntegerGreaterThan(Window.Property(Weekend.1.LowTemperature),-10) + !IntegerGreaterThan(Window.Property(Weekend.1.LowTemperature),9)">Conditional</animation>
                        <animation effect="slide" start="0,0" end="-1,0" time="0" condition="IntegerGreaterThan(Window.Property(Weekend.1.LowTemperature),-100) + !IntegerGreaterThan(Window.Property(Weekend.1.LowTemperature),-10)">Conditional</animation>
                    </control>
                    <control type="label">
                        <label>[B]$LOCALIZE[33029][/B]</label>
                        <include>TWC.Weekend.DetailsHeadingCommon</include>
                        <visible>!Skin.HasSetting(TWC.ShowWeekendDetails) + IsEmpty(Window.Property(Weekend.1.Observed))</visible>
                    </control>
                    <control type="label">
                        <description>precip</description>
                        <label>$INFO[Window.Property(Weekend.1.ObservedPrecipitation),$LOCALIZE[33021] ,]</label>
                        <posx>130</posx>
                        <include>TWC.Weekend.DayOutlookCommon</include>
                        <visible>!IsEmpty(Window.Property(Weekend.1.Observed))</visible>
                    </control>
                    <control type="label">
                        <label>[B]$LOCALIZE[31943][/B]</label>
                        <include>TWC.Weekend.DetailsHeadingCommon</include>
                        <visible>!IsEmpty(Window.Property(Weekend.1.Observed))</visible>
                    </control>
                    <control type="label">
                        <description>observed</description>
                        <posy>525</posy>
                        <font>font13</font>
                        <label>[I][B]($LOCALIZE[33025])[/B][/I]</label>
                        <include>TWC.Weekend.DetailsHeadingCommon</include>
                        <visible>!IsEmpty(Window.Property(Weekend.1.Observed))</visible>
                    </control>
                    <!-- details -->
                    <control type="grouplist">
                        <description>details labels</description>
                        <visible>!Skin.HasSetting(TWC.ShowWeekendDetails) + IsEmpty(Window.Property(Weekend.1.Observed))</visible>
                        <include>TWC.Weekend.DetailsLabels</include>
                    </control>
                    <control type="grouplist">
                        <description>details values</description>
                        <itemgap>0</itemgap>
                        <orientation>vertical</orientation>
                        <height>150</height>
                        <include>TWC.Weekend.DetailsValuesCommon</include>
                        <visible>!Skin.HasSetting(TWC.ShowWeekendDetails) + IsEmpty(Window.Property(Weekend.1.Observed))</visible>
                        <control type="label">
                            <include>TWC.Weekend.DetailsValuesCommon</include>
                            <label>$INFO[Window.Property(Weekend.1.Humidity),,%]</label>
                        </control>
                        <control type="label">
                            <include>TWC.Weekend.DetailsValuesCommon</include>
                            <label>$INFO[Window.Property(Weekend.1.UV)]</label>
                        </control>
                        <control type="label">
                            <include>TWC.Weekend.DetailsValuesCommon</include>
                            <label>$INFO[Window.Property(Weekend.1.Wind)]</label>
                        </control>
                        <control type="label">
                            <include>TWC.Weekend.DetailsValuesCommon</include>
                            <label>$INFO[Window.Property(Weekend.1.Precipitation),,%]</label>
                        </control>
                        <control type="label">
                            <include>TWC.Weekend.DetailsValuesCommon</include>
                            <label>$INFO[Window.Property(Weekend.1.Sunrise)]</label>
                        </control>
                        <control type="label">
                            <include>TWC.Weekend.DetailsValuesCommon</include>
                            <label>$INFO[Window.Property(Weekend.1.Sunset)]</label>
                        </control>
                    </control>
                    <!-- observed -->
                    <control type="grouplist">
                        <description>observed labels</description>
                        <visible>!IsEmpty(Window.Property(Weekend.1.Observed))</visible>
                        <include>TWC.Weekend.ObservedLabels</include>
                    </control>
                    <control type="grouplist">
                        <description>observed</description>
                        <height>170</height>
                        <itemgap>0</itemgap>
                        <orientation>vertical</orientation>
                        <include>TWC.Weekend.DetailsValuesCommon</include>
                        <visible>!IsEmpty(Window.Property(Weekend.1.Observed))</visible>
                        <control type="label">
                            <include>TWC.Weekend.DetailsValuesCommon</include>
                            <label>$INFO[Window.Property(Weekend.1.ObservedAvgHighTemperature)]$INFO[System.TemperatureUnits]</label>
                        </control>
                        <control type="label">
                            <include>TWC.Weekend.DetailsValuesCommon</include>
                            <label>$INFO[Window.Property(Weekend.1.ObservedAvgLowTemperature)]$INFO[System.TemperatureUnits]</label>
                        </control>
                        <control type="label">
                            <include>TWC.Weekend.DetailsLabelsCommon</include>
                            <label>-</label>
                        </control>
                        <control type="label">
                            <include>TWC.Weekend.DetailsValuesCommon</include>
                            <label>$INFO[Window.Property(Weekend.1.HighTemperature)]$INFO[System.TemperatureUnits]  ($INFO[Window.Property(Weekend.1.DepartureHigh)]$INFO[System.TemperatureUnits])</label>
                        </control>
                        <control type="label">
                            <include>TWC.Weekend.DetailsValuesCommon</include>
                            <label>$INFO[Window.Property(Weekend.1.LowTemperature)]$INFO[System.TemperatureUnits]  ($INFO[Window.Property(Weekend.1.DepartureLow)]$INFO[System.TemperatureUnits])</label>
                        </control>
                        <control type="label">
                            <include>TWC.Weekend.DetailsLabelsCommon</include>
                            <label>-</label>
                        </control>
                        <control type="label">
                            <include>TWC.Weekend.DetailsValuesCommon</include>
                            <label>$INFO[Window.Property(Weekend.1.ObservedRecordHighTemperature)]$INFO[System.TemperatureUnits]</label>
                        </control>
                        <control type="label">
                            <include>TWC.Weekend.DetailsValuesCommon</include>
                            <label>$INFO[Window.Property(Weekend.1.ObservedRecordLowTemperature)]$INFO[System.TemperatureUnits]</label>
                        </control>
                    </control>
                    <!-- forecast no details-->
                    <control type="group">
                        <visible>!Skin.HasSetting(TWC.ShowWeekendDetails) + IsEmpty(Window.Property(Weekend.1.Observed))</visible>
                        <control type="label">
                            <description>forecast label</description>
                            <include>TWC.Weekend.ForecastHeadingCommon</include>
                        </control>
                        <control type="textbox">
                            <description>forecast</description>
                            <include>TWC.Weekend.ForecastCommon</include>
                            <info>Window.Property(Weekend.1.Forecast)</info>
                            <visible>!IsEmpty(Window.Property(Weekend.IsFetched))</visible>
                        </control>
                    </control>
                    <!-- forecast w/ details-->
                    <control type="group">
                        <visible>Skin.HasSetting(TWC.ShowWeekendDetails) + IsEmpty(Window.Property(Weekend.1.Observed))</visible>
                        <control type="label">
                            <description>forecast label</description>
                            <posy>253</posy>
                            <include>TWC.Weekend.ForecastHeadingCommon</include>
                        </control>
                        <control type="textbox">
                            <description>forecast</description>
                            <posy>274</posy>
                            <height>236</height>
                            <include>TWC.Weekend.ForecastCommon</include>
                            <info>Window.Property(Weekend.1.Forecast)</info>
                            <visible>!IsEmpty(Window.Property(Weekend.IsFetched))</visible>
                        </control>
                        <control type="label">
                            <description>precip</description>
                            <posy>525</posy>
                            <font>font13</font>
                            <textcolor>grey</textcolor>
                            <label>$INFO[Window.Property(Weekend.1.Precipitation),$LOCALIZE[33021] ,%]</label>
                            <include>TWC.Weekend.ForecastHeadingCommon</include>
                        </control>
                    </control>
                    <include>TWC.Weekend.DaySeparator</include>
                </control>
                <!-- saturday -->
                <control type="group">
                    <width>275</width>
                    <control type="label">
                        <description>heading</description>
                        <include>TWC.Weekend.DateCommon</include>
                        <label>$INFO[Window.Property(Weekend.2.Date)]</label>
                    </control>
                    <control type="label">
                        <description>heading</description>
                        <include>TWC.Weekend.DayCommon</include>
                        <label>[B]$LOCALIZE[16][/B]</label>
                    </control>
                    <control type="image">
                        <description>forecast icon</description>
                        <include>TWC.Weekend.DayIconCommon</include>
                        <info>Window.Property(Weekend.2.OutlookIcon)</info>
                    </control>
                    <control type="label">
                        <description>outlook label</description>
                        <include>TWC.Weekend.DayOutlookCommon</include>
                        <info>Window.Property(Weekend.2.Outlook)</info>
                    </control>
                    <control type="label">
                        <description>high temp label</description>
                        <label>[B]$LOCALIZE[393][/B]</label>
                        <include>TWC.Weekend.HighTemperatureHeadingCommon</include>
                    </control>
                    <control type="label">
                        <description>temp label</description>
                        <label fallback="N/A">$INFO[Window.Property(Weekend.2.HighTemperature)]</label>
                        <include>TWC.Weekend.HighTemperatureCommon</include>
                        <animation effect="slide" start="0,0" end="-7,0" time="0" condition="IntegerGreaterThan(Window.Property(Weekend.2.HighTemperature),-100) + !IntegerGreaterThan(Window.Property(Weekend.2.HighTemperature),-1)">Conditional</animation>
                    </control>
                    <control type="label">
                        <description>Temp label units</description>
                        <include>TWC.Weekend.HighTempUnitsCommon</include>
                        <visible>!IsEmpty(Window.Property(Weekend.2.HighTemperature))</visible>
                        <animation effect="slide" start="0,0" end="12,0" time="0" condition="IntegerGreaterThan(Window.Property(Weekend.2.HighTemperature),99)">Conditional</animation>
                        <animation effect="slide" start="0,0" end="-12,0" time="0" condition="IntegerGreaterThan(Window.Property(Weekend.2.HighTemperature),-10) + !IntegerGreaterThan(Window.Property(Weekend.2.HighTemperature),9)">Conditional</animation>
                    </control>
                    <include>TWC.Weekend.LowTempHeadingCommon</include>
                    <control type="label">
                        <description>low temp</description>
                        <info>Window.Property(Weekend.2.LowTemperature)</info>
                        <include>TWC.Weekend.LowTempCommon</include>
                        <animation effect="slide" start="0,0" end="-6,0" time="0" condition="IntegerGreaterThan(Window.Property(Weekend.2.LowTemperature),-100) + !IntegerGreaterThan(Window.Property(Weekend.2.LowTemperature),-1)">Conditional</animation>
                    </control>
                    <control type="label">
                        <description>temp units</description>
                        <include>TWC.Weekend.LowTempUnitsCommon</include>
                        <visible>!StringCompare(Window.Property(Weekend.2.LowTemperature),N/A)</visible>
                        <animation effect="slide" start="0,0" end="10,0" time="0" condition="IntegerGreaterThan(Window.Property(Weekend.2.LowTemperature),99)">Conditional</animation>
                        <animation effect="slide" start="0,0" end="-11,0" time="0" condition="IntegerGreaterThan(Window.Property(Weekend.2.LowTemperature),-10) + !IntegerGreaterThan(Window.Property(Weekend.2.LowTemperature),9)">Conditional</animation>
                        <animation effect="slide" start="0,0" end="-1,0" time="0" condition="IntegerGreaterThan(Window.Property(Weekend.2.LowTemperature),-100) + !IntegerGreaterThan(Window.Property(Weekend.2.LowTemperature),-10)">Conditional</animation>
                    </control>
                    <control type="label">
                        <label>[B]$LOCALIZE[33029][/B]</label>
                        <include>TWC.Weekend.DetailsHeadingCommon</include>
                        <visible>!Skin.HasSetting(TWC.ShowWeekendDetails) + IsEmpty(Window.Property(Weekend.2.Observed))</visible>
                    </control>
                    <control type="label">
                        <description>precip</description>
                        <label>$INFO[Window.Property(Weekend.2.ObservedPrecipitation),$LOCALIZE[33021] ,]</label>
                        <posx>130</posx>
                        <include>TWC.Weekend.DayOutlookCommon</include>
                        <visible>!IsEmpty(Window.Property(Weekend.2.Observed))</visible>
                    </control>
                    <control type="label">
                        <label>[B]$LOCALIZE[31943][/B]</label>
                        <include>TWC.Weekend.DetailsHeadingCommon</include>
                        <visible>!IsEmpty(Window.Property(Weekend.2.Observed))</visible>
                    </control>
                    <control type="label">
                        <description>observed</description>
                        <posy>525</posy>
                        <font>font13</font>
                        <label>[I][B]($LOCALIZE[33025])[/B][/I]</label>
                        <include>TWC.Weekend.DetailsHeadingCommon</include>
                        <visible>!IsEmpty(Window.Property(Weekend.2.Observed))</visible>
                    </control>
                    <!-- details -->
                    <control type="grouplist">
                        <description>details labels</description>
                        <visible>!Skin.HasSetting(TWC.ShowWeekendDetails) + IsEmpty(Window.Property(Weekend.2.Observed))</visible>
                        <include>TWC.Weekend.DetailsLabels</include>
                    </control>
                    <control type="grouplist">
                        <description>details values</description>
                        <itemgap>0</itemgap>
                        <orientation>vertical</orientation>
                        <height>150</height>
                        <include>TWC.Weekend.DetailsValuesCommon</include>
                        <visible>!Skin.HasSetting(TWC.ShowWeekendDetails) + IsEmpty(Window.Property(Weekend.2.Observed))</visible>
                        <control type="label">
                            <include>TWC.Weekend.DetailsValuesCommon</include>
                            <label>$INFO[Window.Property(Weekend.2.Humidity),,%]</label>
                        </control>
                        <control type="label">
                            <include>TWC.Weekend.DetailsValuesCommon</include>
                            <label>$INFO[Window.Property(Weekend.2.UV)]</label>
                        </control>
                        <control type="label">
                            <include>TWC.Weekend.DetailsValuesCommon</include>
                            <label>$INFO[Window.Property(Weekend.2.Wind)]</label>
                        </control>
                        <control type="label">
                            <include>TWC.Weekend.DetailsValuesCommon</include>
                            <label>$INFO[Window.Property(Weekend.2.Precipitation),,%]</label>
                        </control>
                        <control type="label">
                            <include>TWC.Weekend.DetailsValuesCommon</include>
                            <label>$INFO[Window.Property(Weekend.2.Sunrise)]</label>
                        </control>
                        <control type="label">
                            <include>TWC.Weekend.DetailsValuesCommon</include>
                            <label>$INFO[Window.Property(Weekend.2.Sunset)]</label>
                        </control>
                    </control>
                    <!-- observed -->
                    <control type="grouplist">
                        <description>observed labels</description>
                        <visible>!IsEmpty(Window.Property(Weekend.2.Observed))</visible>
                        <include>TWC.Weekend.ObservedLabels</include>
                    </control>
                    <control type="grouplist">
                        <description>observed</description>
                        <height>170</height>
                        <itemgap>0</itemgap>
                        <orientation>vertical</orientation>
                        <include>TWC.Weekend.DetailsValuesCommon</include>
                        <visible>!IsEmpty(Window.Property(Weekend.2.Observed))</visible>
                        <control type="label">
                            <include>TWC.Weekend.DetailsValuesCommon</include>
                            <label>$INFO[Window.Property(Weekend.2.ObservedAvgHighTemperature)]$INFO[System.TemperatureUnits]</label>
                        </control>
                        <control type="label">
                            <include>TWC.Weekend.DetailsValuesCommon</include>
                            <label>$INFO[Window.Property(Weekend.2.ObservedAvgLowTemperature)]$INFO[System.TemperatureUnits]</label>
                        </control>
                        <control type="label">
                            <include>TWC.Weekend.DetailsLabelsCommon</include>
                            <label>-</label>
                        </control>
                        <control type="label">
                            <include>TWC.Weekend.DetailsValuesCommon</include>
                            <label>$INFO[Window.Property(Weekend.2.HighTemperature)]$INFO[System.TemperatureUnits]  ($INFO[Window.Property(Weekend.2.DepartureHigh)]$INFO[System.TemperatureUnits])</label>
                        </control>
                        <control type="label">
                            <include>TWC.Weekend.DetailsValuesCommon</include>
                            <label>$INFO[Window.Property(Weekend.2.LowTemperature)]$INFO[System.TemperatureUnits]  ($INFO[Window.Property(Weekend.2.DepartureLow)]$INFO[System.TemperatureUnits])</label>
                        </control>
                        <control type="label">
                            <include>TWC.Weekend.DetailsLabelsCommon</include>
                            <label>-</label>
                        </control>
                        <control type="label">
                            <include>TWC.Weekend.DetailsValuesCommon</include>
                            <label>$INFO[Window.Property(Weekend.2.ObservedRecordHighTemperature)]$INFO[System.TemperatureUnits]</label>
                        </control>
                        <control type="label">
                            <include>TWC.Weekend.DetailsValuesCommon</include>
                            <label>$INFO[Window.Property(Weekend.2.ObservedRecordLowTemperature)]$INFO[System.TemperatureUnits]</label>
                        </control>
                    </control>
                    <!-- forecast no details-->
                    <control type="group">
                        <visible>!Skin.HasSetting(TWC.ShowWeekendDetails) + IsEmpty(Window.Property(Weekend.2.Observed))</visible>
                        <control type="label">
                            <description>forecast label</description>
                            <include>TWC.Weekend.ForecastHeadingCommon</include>
                        </control>
                        <control type="textbox">
                            <description>forecast</description>
                            <include>TWC.Weekend.ForecastCommon</include>
                            <info>Window.Property(Weekend.2.Forecast)</info>
                            <visible>!IsEmpty(Window.Property(Weekend.IsFetched))</visible>
                        </control>
                    </control>
                    <!-- forecast w/ details-->
                    <control type="group">
                        <visible>Skin.HasSetting(TWC.ShowWeekendDetails) + IsEmpty(Window.Property(Weekend.2.Observed))</visible>
                        <control type="label">
                            <description>forecast label</description>
                            <posy>253</posy>
                            <include>TWC.Weekend.ForecastHeadingCommon</include>
                        </control>
                        <control type="textbox">
                            <description>forecast</description>
                            <posy>274</posy>
                            <height>236</height>
                            <include>TWC.Weekend.ForecastCommon</include>
                            <info>Window.Property(Weekend.2.Forecast)</info>
                            <visible>!IsEmpty(Window.Property(Weekend.IsFetched))</visible>
                        </control>
                        <control type="label">
                            <description>precip</description>
                            <posy>525</posy>
                            <font>font13</font>
                            <textcolor>grey</textcolor>
                            <label>$INFO[Window.Property(Weekend.2.Precipitation),$LOCALIZE[33021] ,%]</label>
                            <include>TWC.Weekend.ForecastHeadingCommon</include>
                        </control>
                    </control>
                    <include>TWC.Weekend.DaySeparator</include>
                </control>
                <!-- sunday -->
                <control type="group">
                    <width>275</width>
                    <control type="label">
                        <description>heading</description>
                        <include>TWC.Weekend.DateCommon</include>
                        <label>$INFO[Window.Property(Weekend.3.Date)]</label>
                    </control>
                    <control type="label">
                        <description>heading</description>
                        <include>TWC.Weekend.DayCommon</include>
                        <label>[B]$LOCALIZE[17][/B]</label>
                    </control>
                    <control type="image">
                        <description>forecast icon</description>
                        <include>TWC.Weekend.DayIconCommon</include>
                        <info>Window.Property(Weekend.3.OutlookIcon)</info>
                    </control>
                    <control type="label">
                        <description>outlook label</description>
                        <include>TWC.Weekend.DayOutlookCommon</include>
                        <info>Window.Property(Weekend.3.Outlook)</info>
                    </control>
                    <control type="label">
                        <description>high temp label</description>
                        <label>[B]$LOCALIZE[393][/B]</label>
                        <include>TWC.Weekend.HighTemperatureHeadingCommon</include>
                    </control>
                    <control type="label">
                        <description>temp label</description>
                        <label fallback="N/A">$INFO[Window.Property(Weekend.3.HighTemperature)]</label>
                        <include>TWC.Weekend.HighTemperatureCommon</include>
                        <animation effect="slide" start="0,0" end="-7,0" time="0" condition="IntegerGreaterThan(Window.Property(Weekend.3.HighTemperature),-100) + !IntegerGreaterThan(Window.Property(Weekend.3.HighTemperature),-1)">Conditional</animation>
                    </control>
                    <control type="label">
                        <description>Temp label units</description>
                        <include>TWC.Weekend.HighTempUnitsCommon</include>
                        <visible>!IsEmpty(Window.Property(Weekend.3.HighTemperature))</visible>
                        <animation effect="slide" start="0,0" end="12,0" time="0" condition="IntegerGreaterThan(Window.Property(Weekend.3.HighTemperature),99)">Conditional</animation>
                        <animation effect="slide" start="0,0" end="-12,0" time="0" condition="IntegerGreaterThan(Window.Property(Weekend.3.HighTemperature),-10) + !IntegerGreaterThan(Window.Property(Weekend.3.HighTemperature),9)">Conditional</animation>
                    </control>
                    <include>TWC.Weekend.LowTempHeadingCommon</include>
                    <control type="label">
                        <description>low temp</description>
                        <info>Window.Property(Weekend.3.LowTemperature)</info>
                        <include>TWC.Weekend.LowTempCommon</include>
                        <animation effect="slide" start="0,0" end="-6,0" time="0" condition="IntegerGreaterThan(Window.Property(Weekend.3.LowTemperature),-100) + !IntegerGreaterThan(Window.Property(Weekend.3.LowTemperature),-1)">Conditional</animation>
                    </control>
                    <control type="label">
                        <description>temp units</description>
                        <include>TWC.Weekend.LowTempUnitsCommon</include>
                        <visible>!StringCompare(Window.Property(Weekend.3.LowTemperature),N/A)</visible>
                        <animation effect="slide" start="0,0" end="10,0" time="0" condition="IntegerGreaterThan(Window.Property(Weekend.3.LowTemperature),99)">Conditional</animation>
                        <animation effect="slide" start="0,0" end="-11,0" time="0" condition="IntegerGreaterThan(Window.Property(Weekend.3.LowTemperature),-10) + !IntegerGreaterThan(Window.Property(Weekend.3.LowTemperature),9)">Conditional</animation>
                        <animation effect="slide" start="0,0" end="-1,0" time="0" condition="IntegerGreaterThan(Window.Property(Weekend.3.LowTemperature),-100) + !IntegerGreaterThan(Window.Property(Weekend.3.LowTemperature),-10)">Conditional</animation>
                    </control>
                    <control type="label">
                        <label>[B]$LOCALIZE[33029][/B]</label>
                        <include>TWC.Weekend.DetailsHeadingCommon</include>
                        <visible>!Skin.HasSetting(TWC.ShowWeekendDetails) + IsEmpty(Window.Property(Weekend.3.Observed))</visible>
                    </control>
                    <control type="label">
                        <description>precip</description>
                        <label>$INFO[Window.Property(Weekend.3.ObservedPrecipitation),$LOCALIZE[33021] ,]</label>
                        <posx>130</posx>
                        <include>TWC.Weekend.DayOutlookCommon</include>
                        <visible>!IsEmpty(Window.Property(Weekend.3.Observed))</visible>
                    </control>
                    <control type="label">
                        <label>[B]$LOCALIZE[31943][/B]</label>
                        <include>TWC.Weekend.DetailsHeadingCommon</include>
                        <visible>!IsEmpty(Window.Property(Weekend.3.Observed))</visible>
                    </control>
                    <control type="label">
                        <description>observed</description>
                        <posy>525</posy>
                        <font>font13</font>
                        <label>[I][B]($LOCALIZE[33025])[/B][/I]</label>
                        <include>TWC.Weekend.DetailsHeadingCommon</include>
                        <visible>!IsEmpty(Window.Property(Weekend.3.Observed))</visible>
                    </control>
                    <!-- details -->
                    <control type="grouplist">
                        <description>details labels</description>
                        <visible>!Skin.HasSetting(TWC.ShowWeekendDetails) + IsEmpty(Window.Property(Weekend.3.Observed))</visible>
                        <include>TWC.Weekend.DetailsLabels</include>
                    </control>
                    <control type="grouplist">
                        <description>details values</description>
                        <itemgap>0</itemgap>
                        <orientation>vertical</orientation>
                        <height>150</height>
                        <include>TWC.Weekend.DetailsValuesCommon</include>
                        <visible>!Skin.HasSetting(TWC.ShowWeekendDetails) + IsEmpty(Window.Property(Weekend.3.Observed))</visible>
                        <control type="label">
                            <include>TWC.Weekend.DetailsValuesCommon</include>
                            <label>$INFO[Window.Property(Weekend.3.Humidity),,%]</label>
                        </control>
                        <control type="label">
                            <include>TWC.Weekend.DetailsValuesCommon</include>
                            <label>$INFO[Window.Property(Weekend.3.UV)]</label>
                        </control>
                        <control type="label">
                            <include>TWC.Weekend.DetailsValuesCommon</include>
                            <label>$INFO[Window.Property(Weekend.3.Wind)]</label>
                        </control>
                        <control type="label">
                            <include>TWC.Weekend.DetailsValuesCommon</include>
                            <label>$INFO[Window.Property(Weekend.3.Precipitation),,%]</label>
                        </control>
                        <control type="label">
                            <include>TWC.Weekend.DetailsValuesCommon</include>
                            <label>$INFO[Window.Property(Weekend.3.Sunrise)]</label>
                        </control>
                        <control type="label">
                            <include>TWC.Weekend.DetailsValuesCommon</include>
                            <label>$INFO[Window.Property(Weekend.3.Sunset)]</label>
                        </control>
                    </control>
                    <!-- observed -->
                    <control type="grouplist">
                        <description>observed labels</description>
                        <visible>!IsEmpty(Window.Property(Weekend.3.Observed))</visible>
                        <include>TWC.Weekend.ObservedLabels</include>
                    </control>
                    <control type="grouplist">
                        <description>observed</description>
                        <height>170</height>
                        <itemgap>0</itemgap>
                        <orientation>vertical</orientation>
                        <include>TWC.Weekend.DetailsValuesCommon</include>
                        <visible>!IsEmpty(Window.Property(Weekend.3.Observed))</visible>
                        <control type="label">
                            <include>TWC.Weekend.DetailsValuesCommon</include>
                            <label>$INFO[Window.Property(Weekend.3.ObservedAvgHighTemperature)]$INFO[System.TemperatureUnits]</label>
                        </control>
                        <control type="label">
                            <include>TWC.Weekend.DetailsValuesCommon</include>
                            <label>$INFO[Window.Property(Weekend.3.ObservedAvgLowTemperature)]$INFO[System.TemperatureUnits]</label>
                        </control>
                        <control type="label">
                            <include>TWC.Weekend.DetailsLabelsCommon</include>
                            <label>-</label>
                        </control>
                        <control type="label">
                            <include>TWC.Weekend.DetailsValuesCommon</include>
                            <label>$INFO[Window.Property(Weekend.3.HighTemperature)]$INFO[System.TemperatureUnits]  ($INFO[Window.Property(Weekend.3.DepartureHigh)]$INFO[System.TemperatureUnits])</label>
                        </control>
                        <control type="label">
                            <include>TWC.Weekend.DetailsValuesCommon</include>
                            <label>$INFO[Window.Property(Weekend.3.LowTemperature)]$INFO[System.TemperatureUnits]  ($INFO[Window.Property(Weekend.3.DepartureLow)]$INFO[System.TemperatureUnits])</label>
                        </control>
                        <control type="label">
                            <include>TWC.Weekend.DetailsLabelsCommon</include>
                            <label>-</label>
                        </control>
                        <control type="label">
                            <include>TWC.Weekend.DetailsValuesCommon</include>
                            <label>$INFO[Window.Property(Weekend.3.ObservedRecordHighTemperature)]$INFO[System.TemperatureUnits]</label>
                        </control>
                        <control type="label">
                            <include>TWC.Weekend.DetailsValuesCommon</include>
                            <label>$INFO[Window.Property(Weekend.3.ObservedRecordLowTemperature)]$INFO[System.TemperatureUnits]</label>
                        </control>
                    </control>
                    <!-- forecast no details-->
                    <control type="group">
                        <visible>!Skin.HasSetting(TWC.ShowWeekendDetails) + IsEmpty(Window.Property(Weekend.3.Observed))</visible>
                        <control type="label">
                            <description>forecast label</description>
                            <include>TWC.Weekend.ForecastHeadingCommon</include>
                        </control>
                        <control type="textbox">
                            <description>forecast</description>
                            <include>TWC.Weekend.ForecastCommon</include>
                            <info>Window.Property(Weekend.3.Forecast)</info>
                            <visible>!IsEmpty(Window.Property(Weekend.IsFetched))</visible>
                        </control>
                    </control>
                    <!-- forecast w/ details-->
                    <control type="group">
                        <visible>Skin.HasSetting(TWC.ShowWeekendDetails) + IsEmpty(Window.Property(Weekend.3.Observed))</visible>
                        <control type="label">
                            <description>forecast label</description>
                            <posy>253</posy>
                            <include>TWC.Weekend.ForecastHeadingCommon</include>
                        </control>
                        <control type="textbox">
                            <description>forecast</description>
                            <posy>274</posy>
                            <height>236</height>
                            <include>TWC.Weekend.ForecastCommon</include>
                            <info>Window.Property(Weekend.3.Forecast)</info>
                            <visible>!IsEmpty(Window.Property(Weekend.IsFetched))</visible>
                        </control>
                        <control type="label">
                            <description>precip</description>
                            <posy>525</posy>
                            <font>font13</font>
                            <textcolor>grey</textcolor>
                            <label>$INFO[Window.Property(Weekend.3.Precipitation),$LOCALIZE[33021] ,%]</label>
                            <include>TWC.Weekend.ForecastHeadingCommon</include>
                        </control>
                    </control>
                </control>
            </control>
        </control>
    </include>
</includes>
