<window type="dialog" id="1119">
	<defaultcontrol always="true">1000</defaultcontrol>
	<controls>
		<control type="group">
            <posx>680</posx>
			<animation effect="slide" start="600,0" end="0,0" time="400" tween="quadratic" easing="out" condition="!Player.ShowCodec">WindowOpen</animation>
			<animation effect="slide" start="600,0" end="0,0" time="400" delay="400" tween="quadratic" easing="out" condition="Player.ShowCodec">WindowOpen</animation>
			<animation effect="slide" start="0,0" end="600,0" time="200" tween="quadratic" easing="out">WindowClose</animation>
			<control type="image">
				<description>media info background image</description>
				<posx>0</posx>
				<posy>0</posy>
				<width>600</width>
				<height>720</height>
				<texture border="5,0,0,0">lyrics-panel.png</texture>
                <aspectratio>stretch</aspectratio>
			</control>
			<control type="label">
				<description>header label</description>
				<posx>580</posx>
				<posy>30</posy>
				<width>550</width>
				<height>30</height>
				<font>font30_title</font>
				<label>Lyrics</label>
				<align>right</align>
				<aligny>center</aligny>
				<textcolor>FFFFFFFF</textcolor>
				<shadowcolor>FF000000</shadowcolor>
                <wrapmultiline>false</wrapmultiline>
			</control>
			<control type="label">
				<description>Artist label</description>
				<posx>580</posx>
				<posy>60</posy>
				<width>550</width>
				<height>30</height>
				<font>font13_title</font>
				<label>$INFO[MusicPlayer.Artist]</label>
				<align>right</align>
				<aligny>center</aligny>
				<textcolor>FFb4b4b4</textcolor>
				<shadowcolor>FF000000</shadowcolor>
                <wrapmultiline>false</wrapmultiline>
			</control>
			<control type="label">
				<description>Song label</description>
				<posx>580</posx>
				<posy>85</posy>
				<width>550</width>
				<height>30</height>
				<font>font13_title</font>
				<label>$INFO[MusicPlayer.Title]</label>
				<align>right</align>
				<aligny>center</aligny>
				<textcolor>FFb4b4b4</textcolor>
				<shadowcolor>FF000000</shadowcolor>
                <wrapmultiline>false</wrapmultiline>
			</control>
			<control type="image">
				<posx>30</posx>
				<posy>120</posy>
				<width>550</width>
				<height>4</height>
				<texture>lyrics-separator.png</texture>
                <aspectratio>stretch</aspectratio>
			</control>
			<control type="textbox">
				<description>textarea</description>
				<posx>30</posx>
				<posy>130</posy>
				<width>550</width>
				<height>475</height>
				<align>center</align>
				<font>font13</font>
				<textcolor>FFFFFFFF</textcolor>
				<shadowcolor>FF000000</shadowcolor>
				<onleft>1000</onleft>
				<onright>1000</onright>
				<pagecontrol>999</pagecontrol>
				<label>$INFO[Window(Visualisation).Property(Lyrics)]</label>
                <visible>!IsTrue(Window(Visualisation).Property(EnableKaraokeMode)) | !IsTrue(Window(Visualisation).Property(Success))</visible>
			</control>
            <control type="image">
                <posx>30</posx>
                <posy>358</posy>
                <width>550</width>
                <height>41</height>
                <texture border="0,2,0,2">lyrics-MenuItemFO.png</texture>
                <visible>Control.HasFocus(110) | [IsTrue(Window(Visualisation).Property(KaraokeMode)) + !IsTrue(Window(Visualisation).Property(Autoscroll))]</visible>
            </control>
			<control type="fixedlist" id="110">
                <visible>IsTrue(Window(Visualisation).Property(EnableKaraokeMode)) + IsTrue(Window(Visualisation).Property(Success))</visible>
                <enable>!IsTrue(Window(Visualisation).Property(KaraokeMode))</enable>
                <posx>30</posx>
				<posy>130</posy>
				<width>550</width>
				<height>475</height>
				<onleft>1000</onleft>
				<onright>1000</onright>
				<onup>110</onup>
				<ondown>110</ondown>
				<pagecontrol>999</pagecontrol>
				<scrolltime>200</scrolltime>
                <focusposition>9</focusposition>
                <pulseonselect>false</pulseonselect>
				<itemlayout height="25">
					<control type="label">
						<posx>0</posx>
						<posy>0</posy>
						<width>15</width>
						<height>25</height>
						<font>font13</font>
						<aligny>center</aligny>
						<align>left</align>
                        <textcolor>FF00FF00</textcolor>
						<selectedcolor>FFEB9E17</selectedcolor>
                        <label>$INFO[ListItem.Label2]</label>
					</control>
					<control type="label">
						<posx>290</posx>
						<posy>0</posy>
						<width>535</width>
						<height>25</height>
						<font>font13</font>
						<aligny>center</aligny>
						<align>center</align>
                        <textcolor>88FFFFFF</textcolor>
						<selectedcolor>FFEB9E17</selectedcolor>
                        <label>$INFO[ListItem.Label]</label>
					</control>
				</itemlayout>
				<focusedlayout height="41">
					<control type="label">
						<posx>0</posx>
						<posy>0</posy>
						<width>15</width>
						<height>41</height>
						<font>font13</font>
						<aligny>center</aligny>
						<align>left</align>
                        <textcolor>FF00FF00</textcolor>
						<selectedcolor>FFEB9E17</selectedcolor>
                        <label>$INFO[ListItem.Label2]</label>
					</control>
					<control type="label">
						<posx>290</posx>
						<posy>0</posy>
						<width>535</width>
						<height>41</height>
						<font>font13</font>
						<aligny>center</aligny>
						<align>center</align>
						<textcolor>FFEB9E17</textcolor>
						<shadowcolor>FF000000</shadowcolor>
                        <label fallback="--">$INFO[ListItem.Label]</label>
                        <visible>!IsTrue(Window(Visualisation).Property(Autoscroll))</visible>
					</control>
					<control type="label">
						<posx>290</posx>
						<posy>0</posy>
						<width>535</width>
						<height>41</height>
						<font>font13</font>
						<aligny>center</aligny>
						<align>center</align>
                        <textcolor>88FFFFFF</textcolor>
						<shadowcolor>FF000000</shadowcolor>
                        <label fallback="--">$INFO[ListItem.Label]</label>
                        <visible>IsTrue(Window(Visualisation).Property(Autoscroll))</visible>
					</control>
				</focusedlayout>
			</control>
            <control type="group" id="1000">
                <posx>25</posx>
                <posy>630</posy>
                <control type="spincontrol" id="999">
                    <description>Next page button</description>
                    <posx>492</posx>
                    <posy>0</posy>
                    <width>32</width>
                    <height>32</height>
                    <subtype>page</subtype>
                    <font>font12</font>
                    <onleft>606</onleft>
                    <onright>606</onright>
                    <ondown>110</ondown>
                    <onup>110</onup>
                    <showonepage>true</showonepage>
                    <textcolor>FF0084ff</textcolor>
                    <disabledcolor>33FFFFFF</disabledcolor>
                    <textoffsetx>4</textoffsetx>
                    <textoffsety>4</textoffsety>
                    <showonepage>true</showonepage>
                    <textureup>lyrics-spincontrol-up.png</textureup>
                    <texturedown>lyrics-spincontrol-down.png</texturedown>
                    <textureupfocus>lyrics-spincontrol-up-focus.png</textureupfocus>
                    <texturedownfocus>lyrics-spincontrol-down-focus.png</texturedownfocus>
                    <enable>!IsTrue(Window(Visualisation).Property(KaraokeMode))</enable>
                </control>
                <control type="button" id="606">
                    <posx>0</posx>
                    <posy>0</posy>
                    <width>32</width>
                    <height>32</height>
                    <label>-</label>
                    <texturefocus>lyrics-OSDLyricsFO.png</texturefocus>
                    <texturenofocus>lyrics-OSDLyricsNF.png</texturenofocus>
                    <onleft>999</onleft>
                    <onright>999</onright>
                    <onup>110</onup>
                    <ondown>110</ondown>
                    <enable>IsTrue(Window(Visualisation).Property(AllowTagging))</enable>
                </control>
                <control type="label">
                    <description>Message label</description>
                    <posx>0</posx>
                    <posy>40</posy>
                    <width>470</width>
                    <height>40</height>
                    <font>font12</font>
                    <label>$INFO[Window(Visualisation).Property(Message)]</label>
                    <align>left</align>
                    <aligny>center</aligny>
                    <textcolor>FFFF0000</textcolor>
                    <shadowcolor>FF000000</shadowcolor>
                    <visible>!IsTrue(Window(Visualisation).Property(Success))</visible>
                    <wrapmultiline>true</wrapmultiline>
                </control>
                <control type="label">
                    <description>Message label</description>
                    <posx>0</posx>
                    <posy>40</posy>
                    <width>470</width>
                    <height>40</height>
                    <font>font12</font>
                    <label>$INFO[Window(Visualisation).Property(Message)]</label>
                    <align>left</align>
                    <aligny>center</aligny>
                    <textcolor>FF00FF00</textcolor>
                    <shadowcolor>FF000000</shadowcolor>
                    <visible>IsTrue(Window(Visualisation).Property(Success))</visible>
                    <wrapmultiline>true</wrapmultiline>
                </control>
            </control>
        </control>
    </controls>
</window>