<includes>
    <include name="TWC.Hourly.Forecast">
        <control type="button" id="202">
            <description>Hour by Hour Forecast Button</description>
            <posx>150</posx>
            <posy>115</posy>
            <width>100</width>
            <height>30</height>
            <align>center</align>
            <aligny>center</aligny>
            <label>$LOCALIZE[31202]</label>
            <font>font10</font>
            <textcolor>ffffffff</textcolor>
            <disabledcolor>60ffffff</disabledcolor>
            <pulseonselect>false</pulseonselect>
            <textoffsetx>17</textoffsetx>
            <texturenofocus border="10">tab-nofocus.png</texturenofocus>
            <texturefocus border="10">tab-focus.png</texturefocus>
            <onleft>200</onleft>
            <onright>203</onright>
            <onup>3000</onup>
            <ondown>3000</ondown>
            <onclick>SetProperty(CurrentView,202)</onclick>
        </control>
        <control type="image">
            <description>tab3 not selected</description>
            <posx>150</posx>
            <posy>115</posy>
            <width>100</width>
            <height>30</height>
            <texture border="10">tab-closed.png</texture>
            <aspectratio>stretch</aspectratio>
            <visible>!StringCompare(Window.Property(CurrentView),202) + ![StringCompare(Window.Property(CurrentView),206) + IsEmpty(Window.Property(Alerts)) + StringCompare(Skin.String(twc-defaultview),202)]</visible>
        </control>

        <!-- Hourly section -->
        <control type="group">
            <posx>35</posx>
            <posy>150</posy>
            <visible>StringCompare(Window.Property(CurrentView),202) | [StringCompare(Window.Property(CurrentView),206) + IsEmpty(Window.Property(Alerts)) + StringCompare(Skin.String(twc-defaultview),202)]</visible>
            <animation effect="fade" reversible="true" time="300">VisibleChange</animation>
            <!-- Loading label used to inform user when fetching info -->
            <include>TWC.Loading.Label</include>
            <!-- Forecast group -->
            <control type="group">
                <posx>230</posx>
                <posy>3</posy>
                <visible>!IsEmpty(Window.Property(Hourly.Heading1))</visible>
                <!-- heading group -->
                <control type="group">
                    <posx>12</posx>
                    <posy>0</posy>
                    <control type="image">
                        <description>Background</description>
                        <posx>0</posx>
                        <posy>0</posy>
                        <height>35</height>
                        <include>Script.TWC.List.Dimensions</include>
                        <texture border="10">section-rounded-top.png</texture>
                    </control>
                    <!-- Time heading -->
                    <control type="label">
                        <posy>0</posy>
                        <height>35</height>
                        <include>Script.TWC.List.Column1</include>
                        <info>Window.Property(Hourly.Heading1)</info>
                    </control>
                    <!-- Condition heading -->
                    <control type="label">
                        <posy>0</posy>
                        <height>35</height>
                        <include>Script.TWC.List.Column2</include>
                        <info>Window.Property(Hourly.Heading2)</info>
                    </control>
                    <!-- Chance of precipitation heading -->
                    <control type="label">
                        <posy>0</posy>
                        <height>35</height>
                        <include>Script.TWC.List.Column3</include>
                        <label>[B]$INFO[Window.Property(Hourly.Heading3)] $INFO[System.TemperatureUnits][/B]&#10;$INFO[Window.Property(Hourly.Heading4)] $INFO[System.TemperatureUnits]</label>
                    </control>
                    <!-- Humidity heading -->
                    <control type="label">
                        <posy>0</posy>
                        <height>35</height>
                        <include>Script.TWC.List.Column4</include>
                        <label>[B]$INFO[Window.Property(Hourly.Heading5)][/B]&#10;$INFO[Window.Property(Hourly.Heading6)]</label>
                    </control>
                    <!-- Wind heading -->
                    <control type="label">
                        <posy>0</posy>
                        <height>35</height>
                        <include>Script.TWC.List.Column5</include>
                        <info>Window.Property(Hourly.Heading7)</info>
                    </control>
                </control>


                <!-- Forecast grouplist -->
                <control type="grouplist" id="600">
                    <onleft>6000</onleft>
                    <onright>6000</onright>
                    <onup>2000</onup>
                    <ondown>600</ondown>
                    <include>Script.TWC.List.Dimensions</include>
            self.WEATHER_WINDOW.setProperty( "Hourly.%d.Time" % ( count + 1, ), forecast[ 0 ] )
            self.WEATHER_WINDOW.setProperty( "Hourly.%d.OutlookIcon" % ( count + 1, ), forecast[ 1 ] )
            self.WEATHER_WINDOW.setProperty( "Hourly.%d.Temperature" % ( count + 1, ), forecast[ 2 ] )
            self.WEATHER_WINDOW.setProperty( "Hourly.%d.Outlook" % ( count + 1, ), forecast[ 3 ] )
            self.WEATHER_WINDOW.setProperty( "Hourly.%d.FeelsLike" % ( count + 1, ), forecast[ 4 ] )
            self.WEATHER_WINDOW.setProperty( "Hourly.%d.Precipitation" % ( count + 1, ), forecast[ 5 ] )
            self.WEATHER_WINDOW.setProperty( "Hourly.%d.Humidity" % ( count + 1, ), forecast[ 6 ] )
            self.WEATHER_WINDOW.setProperty( "Hourly.%d.WindDirection" % ( count + 1, ), forecast[ 7 ] )
            self.WEATHER_WINDOW.setProperty( "Hourly.%d.WindSpeed" % ( count + 1, ), forecast[ 8 ] )

                    <control type="group">
                        <visible>!IsEmpty(Window.Property(Hourly.1.Time))</visible>
                        <include>Script.TWC.List.Row.Dimensions</include>
                        <control type="button" id="601">
                            <onup>2000</onup>
                            <ondown>602</ondown>
                            <onleft>2000</onleft>
                            <onright>2000</onright>
                            <include>Script.TWC.List.Row.Dimensions</include>
                            <include>Script.TWC.List.Row.Textures</include>
                        </control>
                        <control type="label">
                            <include>Script.TWC.List.Column1</include>
                            <info>Window.Property(Hourly.1.Time)</info>
                        </control>
                        <control type="image">
                            <posy>2</posy>
                            <include>Script.TWC.List.Column2</include>
                            <texture>contentpanel.png</texture>
                        </control>
                        <control type="image">
                            <include>Script.TWC.List.Column2a</include>
                            <info>Window.Property(Hourly.1.OutlookIcon)</info>
                        </control>
                        <control type="label">
                            <include>Script.TWC.List.Column2b</include>
                            <label>$INFO[Window.Property(Hourly.1.Outlook)]</label>
                        </control>
                        <control type="label">
                            <include>Script.TWC.List.Column3</include>
                            <label>[B]$INFO[Window.Property(Hourly.1.Temperature)]&#xb0;[/B]&#10;$INFO[Window.Property(Hourly.1.FeelsLike)]&#xb0;</label>
                        </control>
                        <control type="label">
                            <include>Script.TWC.List.Column4</include>
                            <label>[B]$INFO[Window.Property(Hourly.1.Precipitation)]%[/B]&#10;$INFO[Window.Property(Hourly.1.Humidity)]%</label>
                        </control>
                        <control type="label">
                            <include>Script.TWC.List.Column5</include>
                            <label>$INFO[Window.Property(Hourly.1.WindDirection)]&#10;$INFO[Window.Property(Hourly.1.WindSpeed)]</label>
                        </control>
                    </control>


                    <control type="group">
                        <visible>!IsEmpty(Window.Property(Hourly.2.Time))</visible>
                        <include>Script.TWC.List.Row.Dimensions</include>
                        <control type="button" id="602">
                            <onup>601</onup>
                            <ondown>603</ondown>
                            <onleft>2000</onleft>
                            <onright>2000</onright>
                            <include>Script.TWC.List.Row.Dimensions</include>
                            <include>Script.TWC.List.Row.Textures</include>
                        </control>
                        <control type="label">
                            <include>Script.TWC.List.Column1</include>
                            <info>Window.Property(Hourly.2.Time)</info>
                        </control>
                        <control type="image">
                            <posy>2</posy>
                            <include>Script.TWC.List.Column2</include>
                            <texture>contentpanel.png</texture>
                        </control>
                        <control type="image">
                            <include>Script.TWC.List.Column2a</include>
                            <info>Window.Property(Hourly.2.OutlookIcon)</info>
                        </control>
                        <control type="label">
                            <include>Script.TWC.List.Column2b</include>
                            <label>$INFO[Window.Property(Hourly.2.Outlook)]</label>
                        </control>
                        <control type="label">
                            <include>Script.TWC.List.Column3</include>
                            <label>[B]$INFO[Window.Property(Hourly.2.Temperature)]&#xb0;[/B]&#10;$INFO[Window.Property(Hourly.2.FeelsLike)]&#xb0;</label>
                        </control>
                        <control type="label">
                            <include>Script.TWC.List.Column4</include>
                            <label>[B]$INFO[Window.Property(Hourly.2.Precipitation)]%[/B]&#10;$INFO[Window.Property(Hourly.2.Humidity)]%</label>
                        </control>
                        <control type="label">
                            <include>Script.TWC.List.Column5</include>
                            <label>$INFO[Window.Property(Hourly.2.WindDirection)]&#10;$INFO[Window.Property(Hourly.2.WindSpeed)]</label>
                        </control>
                    </control>


                    <control type="group">
                        <visible>!IsEmpty(Window.Property(Hourly.3.Time))</visible>
                        <include>Script.TWC.List.Row.Dimensions</include>
                        <control type="button" id="603">
                            <onup>602</onup>
                            <ondown>604</ondown>
                            <onleft>2000</onleft>
                            <onright>2000</onright>
                            <include>Script.TWC.List.Row.Dimensions</include>
                            <include>Script.TWC.List.Row.Textures</include>
                        </control>
                        <control type="label">
                            <include>Script.TWC.List.Column1</include>
                            <info>Window.Property(Hourly.3.Time)</info>
                        </control>
                        <control type="image">
                            <posy>2</posy>
                            <include>Script.TWC.List.Column2</include>
                            <texture>contentpanel.png</texture>
                        </control>
                        <control type="image">
                            <include>Script.TWC.List.Column2a</include>
                            <info>Window.Property(Hourly.3.OutlookIcon)</info>
                        </control>
                        <control type="label">
                            <include>Script.TWC.List.Column2b</include>
                            <label>$INFO[Window.Property(Hourly.3.Outlook)]</label>
                        </control>
                        <control type="label">
                            <include>Script.TWC.List.Column3</include>
                            <label>[B]$INFO[Window.Property(Hourly.3.Temperature)]&#xb0;[/B]&#10;$INFO[Window.Property(Hourly.3.FeelsLike)]&#xb0;</label>
                        </control>
                        <control type="label">
                            <include>Script.TWC.List.Column4</include>
                            <label>[B]$INFO[Window.Property(Hourly.3.Precipitation)]%[/B]&#10;$INFO[Window.Property(Hourly.3.Humidity)]%</label>
                        </control>
                        <control type="label">
                            <include>Script.TWC.List.Column5</include>
                            <label>$INFO[Window.Property(Hourly.3.WindDirection)]&#10;$INFO[Window.Property(Hourly.3.WindSpeed)]</label>
                        </control>
                    </control>


                    <control type="group">
                        <visible>!IsEmpty(Window.Property(Hourly.4.Time))</visible>
                        <include>Script.TWC.List.Row.Dimensions</include>
                        <control type="button" id="604">
                            <onup>603</onup>
                            <ondown>605</ondown>
                            <onleft>2000</onleft>
                            <onright>2000</onright>
                            <include>Script.TWC.List.Row.Dimensions</include>
                            <include>Script.TWC.List.Row.Textures</include>
                        </control>
                        <control type="label">
                            <include>Script.TWC.List.Column1</include>
                            <info>Window.Property(Hourly.4.Time)</info>
                        </control>
                        <control type="image">
                            <posy>2</posy>
                            <include>Script.TWC.List.Column2</include>
                            <texture>contentpanel.png</texture>
                        </control>
                        <control type="image">
                            <include>Script.TWC.List.Column2a</include>
                            <info>Window.Property(Hourly.4.OutlookIcon)</info>
                        </control>
                        <control type="label">
                            <include>Script.TWC.List.Column2b</include>
                            <label>$INFO[Window.Property(Hourly.4.Outlook)]</label>
                        </control>
                        <control type="label">
                            <include>Script.TWC.List.Column3</include>
                            <label>[B]$INFO[Window.Property(Hourly.4.Temperature)]&#xb0;[/B]&#10;$INFO[Window.Property(Hourly.4.FeelsLike)]&#xb0;</label>
                        </control>
                        <control type="label">
                            <include>Script.TWC.List.Column4</include>
                            <label>[B]$INFO[Window.Property(Hourly.4.Precipitation)]%[/B]&#10;$INFO[Window.Property(Hourly.4.Humidity)]%</label>
                        </control>
                        <control type="label">
                            <include>Script.TWC.List.Column5</include>
                            <label>$INFO[Window.Property(Hourly.4.WindDirection)]&#10;$INFO[Window.Property(Hourly.4.WindSpeed)]</label>
                        </control>
                    </control>


                    <control type="group">
                        <visible>!IsEmpty(Window.Property(Hourly.5.Time))</visible>
                        <include>Script.TWC.List.Row.Dimensions</include>
                        <control type="button" id="605">
                            <onup>604</onup>
                            <ondown>606</ondown>
                            <onleft>2000</onleft>
                            <onright>2000</onright>
                            <include>Script.TWC.List.Row.Dimensions</include>
                            <include>Script.TWC.List.Row.Textures</include>
                        </control>
                        <control type="label">
                            <include>Script.TWC.List.Column1</include>
                            <info>Window.Property(Hourly.5.Time)</info>
                        </control>
                        <control type="image">
                            <posy>2</posy>
                            <include>Script.TWC.List.Column2</include>
                            <texture>contentpanel.png</texture>
                        </control>
                        <control type="image">
                            <include>Script.TWC.List.Column2a</include>
                            <info>Window.Property(Hourly.5.OutlookIcon)</info>
                        </control>
                        <control type="label">
                            <include>Script.TWC.List.Column2b</include>
                            <label>$INFO[Window.Property(Hourly.5.Outlook)]</label>
                        </control>
                        <control type="label">
                            <include>Script.TWC.List.Column3</include>
                            <label>[B]$INFO[Window.Property(Hourly.5.Temperature)]&#xb0;[/B]&#10;$INFO[Window.Property(Hourly.5.FeelsLike)]&#xb0;</label>
                        </control>
                        <control type="label">
                            <include>Script.TWC.List.Column4</include>
                            <label>[B]$INFO[Window.Property(Hourly.5.Precipitation)]%[/B]&#10;$INFO[Window.Property(Hourly.5.Humidity)]%</label>
                        </control>
                        <control type="label">
                            <include>Script.TWC.List.Column5</include>
                            <label>$INFO[Window.Property(Hourly.5.WindDirection)]&#10;$INFO[Window.Property(Hourly.5.WindSpeed)]</label>
                        </control>
                    </control>


                    <control type="group">
                        <visible>!IsEmpty(Window.Property(Hourly.6.Time))</visible>
                        <include>Script.TWC.List.Row.Dimensions</include>
                        <control type="button" id="606">
                            <onup>605</onup>
                            <ondown>607</ondown>
                            <onleft>2000</onleft>
                            <onright>2000</onright>
                            <include>Script.TWC.List.Row.Dimensions</include>
                            <include>Script.TWC.List.Row.Textures</include>
                        </control>
                        <control type="label">
                            <include>Script.TWC.List.Column1</include>
                            <info>Window.Property(Hourly.6.Time)</info>
                        </control>
                        <control type="image">
                            <posy>2</posy>
                            <include>Script.TWC.List.Column2</include>
                            <texture>contentpanel.png</texture>
                        </control>
                        <control type="image">
                            <include>Script.TWC.List.Column2a</include>
                            <info>Window.Property(Hourly.6.OutlookIcon)</info>
                        </control>
                        <control type="label">
                            <include>Script.TWC.List.Column2b</include>
                            <label>$INFO[Window.Property(Hourly.6.Outlook)]</label>
                        </control>
                        <control type="label">
                            <include>Script.TWC.List.Column3</include>
                            <label>[B]$INFO[Window.Property(Hourly.6.Temperature)]&#xb0;[/B]&#10;$INFO[Window.Property(Hourly.6.FeelsLike)]&#xb0;</label>
                        </control>
                        <control type="label">
                            <include>Script.TWC.List.Column4</include>
                            <label>[B]$INFO[Window.Property(Hourly.6.Precipitation)]%[/B]&#10;$INFO[Window.Property(Hourly.6.Humidity)]%</label>
                        </control>
                        <control type="label">
                            <include>Script.TWC.List.Column5</include>
                            <label>$INFO[Window.Property(Hourly.6.WindDirection)]&#10;$INFO[Window.Property(Hourly.6.WindSpeed)]</label>
                        </control>
                    </control>


                    <control type="group">
                        <visible>!IsEmpty(Window.Property(Hourly.7.Time))</visible>
                        <include>Script.TWC.List.Row.Dimensions</include>
                        <control type="button" id="607">
                            <onup>606</onup>
                            <ondown>608</ondown>
                            <onleft>2000</onleft>
                            <onright>2000</onright>
                            <include>Script.TWC.List.Row.Dimensions</include>
                            <include>Script.TWC.List.Row.Textures</include>
                        </control>
                        <control type="label">
                            <include>Script.TWC.List.Column1</include>
                            <info>Window.Property(Hourly.7.Time)</info>
                        </control>
                        <control type="image">
                            <posy>2</posy>
                            <include>Script.TWC.List.Column2</include>
                            <texture>contentpanel.png</texture>
                        </control>
                        <control type="image">
                            <include>Script.TWC.List.Column2a</include>
                            <info>Window.Property(Hourly.7.OutlookIcon)</info>
                        </control>
                        <control type="label">
                            <include>Script.TWC.List.Column2b</include>
                            <label>$INFO[Window.Property(Hourly.7.Outlook)]</label>
                        </control>
                        <control type="label">
                            <include>Script.TWC.List.Column3</include>
                            <label>[B]$INFO[Window.Property(Hourly.7.Temperature)]&#xb0;[/B]&#10;$INFO[Window.Property(Hourly.7.FeelsLike)]&#xb0;</label>
                        </control>
                        <control type="label">
                            <include>Script.TWC.List.Column4</include>
                            <label>[B]$INFO[Window.Property(Hourly.7.Precipitation)]%[/B]&#10;$INFO[Window.Property(Hourly.7.Humidity)]%</label>
                        </control>
                        <control type="label">
                            <include>Script.TWC.List.Column5</include>
                            <label>$INFO[Window.Property(Hourly.7.WindDirection)]&#10;$INFO[Window.Property(Hourly.7.WindSpeed)]</label>
                        </control>
                    </control>


                    <control type="group">
                        <visible>!IsEmpty(Window.Property(Hourly.8.Time))</visible>
                        <include>Script.TWC.List.Row.Dimensions</include>
                        <control type="button" id="608">
                            <onup>607</onup>
                            <ondown>609</ondown>
                            <onleft>2000</onleft>
                            <onright>2000</onright>
                            <include>Script.TWC.List.Row.Dimensions</include>
                            <include>Script.TWC.List.Row.Textures</include>
                        </control>
                        <control type="label">
                            <include>Script.TWC.List.Column1</include>
                            <info>Window.Property(Hourly.8.Time)</info>
                        </control>
                        <control type="image">
                            <posy>2</posy>
                            <include>Script.TWC.List.Column2</include>
                            <texture>contentpanel.png</texture>
                        </control>
                        <control type="image">
                            <include>Script.TWC.List.Column2a</include>
                            <info>Window.Property(Hourly.8.OutlookIcon)</info>
                        </control>
                        <control type="label">
                            <include>Script.TWC.List.Column2b</include>
                            <label>$INFO[Window.Property(Hourly.8.Outlook)]</label>
                        </control>
                        <control type="label">
                            <include>Script.TWC.List.Column3</include>
                            <label>[B]$INFO[Window.Property(Hourly.8.Temperature)]&#xb0;[/B]&#10;$INFO[Window.Property(Hourly.8.FeelsLike)]&#xb0;</label>
                        </control>
                        <control type="label">
                            <include>Script.TWC.List.Column4</include>
                            <label>[B]$INFO[Window.Property(Hourly.8.Precipitation)]%[/B]&#10;$INFO[Window.Property(Hourly.8.Humidity)]%</label>
                        </control>
                        <control type="label">
                            <include>Script.TWC.List.Column5</include>
                            <label>$INFO[Window.Property(Hourly.8.WindDirection)]&#10;$INFO[Window.Property(Hourly.8.WindSpeed)]</label>
                        </control>
                    </control>


                    <control type="group">
                        <visible>!IsEmpty(Window.Property(Hourly.9.Time))</visible>
                        <include>Script.TWC.List.Row.Dimensions</include>
                        <control type="button" id="609">
                            <onup>608</onup>
                            <ondown>610</ondown>
                            <onleft>2000</onleft>
                            <onright>2000</onright>
                            <include>Script.TWC.List.Row.Dimensions</include>
                            <include>Script.TWC.List.Row.Textures</include>
                        </control>
                        <control type="label">
                            <include>Script.TWC.List.Column1</include>
                            <info>Window.Property(Hourly.9.Time)</info>
                        </control>
                        <control type="image">
                            <posy>2</posy>
                            <include>Script.TWC.List.Column2</include>
                            <texture>contentpanel.png</texture>
                        </control>
                        <control type="image">
                            <include>Script.TWC.List.Column2a</include>
                            <info>Window.Property(Hourly.9.OutlookIcon)</info>
                        </control>
                        <control type="label">
                            <include>Script.TWC.List.Column2b</include>
                            <label>$INFO[Window.Property(Hourly.9.Outlook)]</label>
                        </control>
                        <control type="label">
                            <include>Script.TWC.List.Column3</include>
                            <label>[B]$INFO[Window.Property(Hourly.9.Temperature)]&#xb0;[/B]&#10;$INFO[Window.Property(Hourly.9.FeelsLike)]&#xb0;</label>
                        </control>
                        <control type="label">
                            <include>Script.TWC.List.Column4</include>
                            <label>[B]$INFO[Window.Property(Hourly.9.Precipitation)]%[/B]&#10;$INFO[Window.Property(Hourly.9.Humidity)]%</label>
                        </control>
                        <control type="label">
                            <include>Script.TWC.List.Column5</include>
                            <label>$INFO[Window.Property(Hourly.9.WindDirection)]&#10;$INFO[Window.Property(Hourly.9.WindSpeed)]</label>
                        </control>
                    </control>


                    <control type="group">
                        <visible>!IsEmpty(Window.Property(Hourly.10.Time))</visible>
                        <include>Script.TWC.List.Row.Dimensions</include>
                        <control type="button" id="610">
                            <onup>609</onup>
                            <ondown>611</ondown>
                            <onleft>2000</onleft>
                            <onright>2000</onright>
                            <include>Script.TWC.List.Row.Dimensions</include>
                            <include>Script.TWC.List.Row.Textures</include>
                        </control>
                        <control type="label">
                            <include>Script.TWC.List.Column1</include>
                            <info>Window.Property(Hourly.10.Time)</info>
                        </control>
                        <control type="image">
                            <posy>2</posy>
                            <include>Script.TWC.List.Column2</include>
                            <texture>contentpanel.png</texture>
                        </control>
                        <control type="image">
                            <include>Script.TWC.List.Column2a</include>
                            <info>Window.Property(Hourly.10.OutlookIcon)</info>
                        </control>
                        <control type="label">
                            <include>Script.TWC.List.Column2b</include>
                            <label>$INFO[Window.Property(Hourly.10.Outlook)]</label>
                        </control>
                        <control type="label">
                            <include>Script.TWC.List.Column3</include>
                            <label>[B]$INFO[Window.Property(Hourly.10.Temperature)]&#xb0;[/B]&#10;$INFO[Window.Property(Hourly.10.FeelsLike)]&#xb0;</label>
                        </control>
                        <control type="label">
                            <include>Script.TWC.List.Column4</include>
                            <label>[B]$INFO[Window.Property(Hourly.10.Precipitation)]%[/B]&#10;$INFO[Window.Property(Hourly.10.Humidity)]%</label>
                        </control>
                        <control type="label">
                            <include>Script.TWC.List.Column5</include>
                            <label>$INFO[Window.Property(Hourly.10.WindDirection)]&#10;$INFO[Window.Property(Hourly.10.WindSpeed)]</label>
                        </control>
                    </control>


                    <control type="group">
                        <visible>!IsEmpty(Window.Property(Hourly.11.Time))</visible>
                        <include>Script.TWC.List.Row.Dimensions</include>
                        <control type="button" id="611">
                            <onup>610</onup>
                            <ondown>612</ondown>
                            <onleft>2000</onleft>
                            <onright>2000</onright>
                            <include>Script.TWC.List.Row.Dimensions</include>
                            <include>Script.TWC.List.Row.Textures</include>
                        </control>
                        <control type="label">
                            <include>Script.TWC.List.Column1</include>
                            <info>Window.Property(Hourly.11.Time)</info>
                        </control>
                        <control type="image">
                            <posy>2</posy>
                            <include>Script.TWC.List.Column2</include>
                            <texture>contentpanel.png</texture>
                        </control>
                        <control type="image">
                            <include>Script.TWC.List.Column2a</include>
                            <info>Window.Property(Hourly.11.OutlookIcon)</info>
                        </control>
                        <control type="label">
                            <include>Script.TWC.List.Column2b</include>
                            <label>$INFO[Window.Property(Hourly.11.Outlook)]</label>
                        </control>
                        <control type="label">
                            <include>Script.TWC.List.Column3</include>
                            <label>[B]$INFO[Window.Property(Hourly.11.Temperature)]&#xb0;[/B]&#10;$INFO[Window.Property(Hourly.11.FeelsLike)]&#xb0;</label>
                        </control>
                        <control type="label">
                            <include>Script.TWC.List.Column4</include>
                            <label>[B]$INFO[Window.Property(Hourly.11.Precipitation)]%[/B]&#10;$INFO[Window.Property(Hourly.11.Humidity)]%</label>
                        </control>
                        <control type="label">
                            <include>Script.TWC.List.Column5</include>
                            <label>$INFO[Window.Property(Hourly.11.WindDirection)]&#10;$INFO[Window.Property(Hourly.11.WindSpeed)]</label>
                        </control>
                    </control>


                    <control type="group">
                        <visible>!IsEmpty(Window.Property(Hourly.12.Time))</visible>
                        <include>Script.TWC.List.Row.Dimensions</include>
                        <control type="button" id="612">
                            <onup>611</onup>
                            <ondown>613</ondown>
                            <onleft>2000</onleft>
                            <onright>2000</onright>
                            <include>Script.TWC.List.Row.Dimensions</include>
                            <include>Script.TWC.List.Row.Textures</include>
                        </control>
                        <control type="label">
                            <include>Script.TWC.List.Column1</include>
                            <info>Window.Property(Hourly.12.Time)</info>
                        </control>
                        <control type="image">
                            <posy>2</posy>
                            <include>Script.TWC.List.Column2</include>
                            <texture>contentpanel.png</texture>
                        </control>
                        <control type="image">
                            <include>Script.TWC.List.Column2a</include>
                            <info>Window.Property(Hourly.12.OutlookIcon)</info>
                        </control>
                        <control type="label">
                            <include>Script.TWC.List.Column2b</include>
                            <label>$INFO[Window.Property(Hourly.12.Outlook)]</label>
                        </control>
                        <control type="label">
                            <include>Script.TWC.List.Column3</include>
                            <label>[B]$INFO[Window.Property(Hourly.12.Temperature)]&#xb0;[/B]&#10;$INFO[Window.Property(Hourly.12.FeelsLike)]&#xb0;</label>
                        </control>
                        <control type="label">
                            <include>Script.TWC.List.Column4</include>
                            <label>[B]$INFO[Window.Property(Hourly.12.Precipitation)]%[/B]&#10;$INFO[Window.Property(Hourly.12.Humidity)]%</label>
                        </control>
                        <control type="label">
                            <include>Script.TWC.List.Column5</include>
                            <label>$INFO[Window.Property(Hourly.12.WindDirection)]&#10;$INFO[Window.Property(Hourly.12.WindSpeed)]</label>
                        </control>
                    </control>


                    <control type="group">
                        <visible>!IsEmpty(Window.Property(Hourly.13.Time))</visible>
                        <include>Script.TWC.List.Row.Dimensions</include>
                        <control type="button" id="613">
                            <onup>612</onup>
                            <ondown>614</ondown>
                            <onleft>2000</onleft>
                            <onright>2000</onright>
                            <include>Script.TWC.List.Row.Dimensions</include>
                            <include>Script.TWC.List.Row.Textures</include>
                        </control>
                        <control type="label">
                            <include>Script.TWC.List.Column1</include>
                            <info>Window.Property(Hourly.13.Time)</info>
                        </control>
                        <control type="image">
                            <posy>2</posy>
                            <include>Script.TWC.List.Column2</include>
                            <texture>contentpanel.png</texture>
                        </control>
                        <control type="image">
                            <include>Script.TWC.List.Column2a</include>
                            <info>Window.Property(Hourly.13.OutlookIcon)</info>
                        </control>
                        <control type="label">
                            <include>Script.TWC.List.Column2b</include>
                            <label>$INFO[Window.Property(Hourly.13.Outlook)]</label>
                        </control>
                        <control type="label">
                            <include>Script.TWC.List.Column3</include>
                            <label>[B]$INFO[Window.Property(Hourly.13.Temperature)]&#xb0;[/B]&#10;$INFO[Window.Property(Hourly.13.FeelsLike)]&#xb0;</label>
                        </control>
                        <control type="label">
                            <include>Script.TWC.List.Column4</include>
                            <label>[B]$INFO[Window.Property(Hourly.13.Precipitation)]%[/B]&#10;$INFO[Window.Property(Hourly.13.Humidity)]%</label>
                        </control>
                        <control type="label">
                            <include>Script.TWC.List.Column5</include>
                            <label>$INFO[Window.Property(Hourly.13.WindDirection)]&#10;$INFO[Window.Property(Hourly.13.WindSpeed)]</label>
                        </control>
                    </control>


                    <control type="group">
                        <visible>!IsEmpty(Window.Property(Hourly.14.Time))</visible>
                        <include>Script.TWC.List.Row.Dimensions</include>
                        <control type="button" id="614">
                            <onup>613</onup>
                            <ondown>615</ondown>
                            <onleft>2000</onleft>
                            <onright>2000</onright>
                            <include>Script.TWC.List.Row.Dimensions</include>
                            <include>Script.TWC.List.Row.Textures</include>
                        </control>
                        <control type="label">
                            <include>Script.TWC.List.Column1</include>
                            <info>Window.Property(Hourly.14.Time)</info>
                        </control>
                        <control type="image">
                            <posy>2</posy>
                            <include>Script.TWC.List.Column2</include>
                            <texture>contentpanel.png</texture>
                        </control>
                        <control type="image">
                            <include>Script.TWC.List.Column2a</include>
                            <info>Window.Property(Hourly.14.OutlookIcon)</info>
                        </control>
                        <control type="label">
                            <include>Script.TWC.List.Column2b</include>
                            <label>$INFO[Window.Property(Hourly.14.Outlook)]</label>
                        </control>
                        <control type="label">
                            <include>Script.TWC.List.Column3</include>
                            <label>[B]$INFO[Window.Property(Hourly.14.Temperature)]&#xb0;[/B]&#10;$INFO[Window.Property(Hourly.14.FeelsLike)]&#xb0;</label>
                        </control>
                        <control type="label">
                            <include>Script.TWC.List.Column4</include>
                            <label>[B]$INFO[Window.Property(Hourly.14.Precipitation)]%[/B]&#10;$INFO[Window.Property(Hourly.14.Humidity)]%</label>
                        </control>
                        <control type="label">
                            <include>Script.TWC.List.Column5</include>
                            <label>$INFO[Window.Property(Hourly.14.WindDirection)]&#10;$INFO[Window.Property(Hourly.14.WindSpeed)]</label>
                        </control>
                    </control>


                    <control type="group">
                        <visible>!IsEmpty(Window.Property(Hourly.15.Time))</visible>
                        <include>Script.TWC.List.Row.Dimensions</include>
                        <control type="button" id="615">
                            <onup>614</onup>
                            <ondown>616</ondown>
                            <onleft>2000</onleft>
                            <onright>2000</onright>
                            <include>Script.TWC.List.Row.Dimensions</include>
                            <include>Script.TWC.List.Row.Textures</include>
                        </control>
                        <control type="label">
                            <include>Script.TWC.List.Column1</include>
                            <info>Window.Property(Hourly.15.Time)</info>
                        </control>
                        <control type="image">
                            <posy>2</posy>
                            <include>Script.TWC.List.Column2</include>
                            <texture>contentpanel.png</texture>
                        </control>
                        <control type="image">
                            <include>Script.TWC.List.Column2a</include>
                            <info>Window.Property(Hourly.15.OutlookIcon)</info>
                        </control>
                        <control type="label">
                            <include>Script.TWC.List.Column2b</include>
                            <label>$INFO[Window.Property(Hourly.15.Outlook)]</label>
                        </control>
                        <control type="label">
                            <include>Script.TWC.List.Column3</include>
                            <label>[B]$INFO[Window.Property(Hourly.15.Temperature)]&#xb0;[/B]&#10;$INFO[Window.Property(Hourly.15.FeelsLike)]&#xb0;</label>
                        </control>
                        <control type="label">
                            <include>Script.TWC.List.Column4</include>
                            <label>[B]$INFO[Window.Property(Hourly.15.Precipitation)]%[/B]&#10;$INFO[Window.Property(Hourly.15.Humidity)]%</label>
                        </control>
                        <control type="label">
                            <include>Script.TWC.List.Column5</include>
                            <label>$INFO[Window.Property(Hourly.15.WindDirection)]&#10;$INFO[Window.Property(Hourly.15.WindSpeed)]</label>
                        </control>
                    </control>


                    <control type="group">
                        <visible>!IsEmpty(Window.Property(Hourly.16.Time))</visible>
                        <include>Script.TWC.List.Row.Dimensions</include>
                        <control type="button" id="616">
                            <onup>615</onup>
                            <ondown>617</ondown>
                            <onleft>2000</onleft>
                            <onright>2000</onright>
                            <include>Script.TWC.List.Row.Dimensions</include>
                            <include>Script.TWC.List.Row.Textures</include>
                        </control>
                        <control type="label">
                            <include>Script.TWC.List.Column1</include>
                            <info>Window.Property(Hourly.16.Time)</info>
                        </control>
                        <control type="image">
                            <posy>2</posy>
                            <include>Script.TWC.List.Column2</include>
                            <texture>contentpanel.png</texture>
                        </control>
                        <control type="image">
                            <include>Script.TWC.List.Column2a</include>
                            <info>Window.Property(Hourly.16.OutlookIcon)</info>
                        </control>
                        <control type="label">
                            <include>Script.TWC.List.Column2b</include>
                            <label>$INFO[Window.Property(Hourly.16.Outlook)]</label>
                        </control>
                        <control type="label">
                            <include>Script.TWC.List.Column3</include>
                            <label>[B]$INFO[Window.Property(Hourly.16.Temperature)]&#xb0;[/B]&#10;$INFO[Window.Property(Hourly.16.FeelsLike)]&#xb0;</label>
                        </control>
                        <control type="label">
                            <include>Script.TWC.List.Column4</include>
                            <label>[B]$INFO[Window.Property(Hourly.16.Precipitation)]%[/B]&#10;$INFO[Window.Property(Hourly.16.Humidity)]%</label>
                        </control>
                        <control type="label">
                            <include>Script.TWC.List.Column5</include>
                            <label>$INFO[Window.Property(Hourly.16.WindDirection)]&#10;$INFO[Window.Property(Hourly.16.WindSpeed)]</label>
                        </control>
                    </control>
                    <control type="group">
                        <visible>!IsEmpty(Window.Property(Hourly.17.Time))</visible>
                        <include>Script.TWC.List.Row.Dimensions</include>
                        <control type="button" id="617">
                            <onup>616</onup>
                            <ondown>618</ondown>
                            <onleft>2000</onleft>
                            <onright>2000</onright>
                            <include>Script.TWC.List.Row.Dimensions</include>
                            <include>Script.TWC.List.Row.Textures</include>
                        </control>
                        <control type="label">
                            <include>Script.TWC.List.Column1</include>
                            <info>Window.Property(Hourly.17.Time)</info>
                        </control>
                        <control type="image">
                            <posy>2</posy>
                            <include>Script.TWC.List.Column2</include>
                            <texture>contentpanel.png</texture>
                        </control>
                        <control type="image">
                            <include>Script.TWC.List.Column2a</include>
                            <info>Window.Property(Hourly.17.OutlookIcon)</info>
                        </control>
                        <control type="label">
                            <include>Script.TWC.List.Column2b</include>
                            <label>$INFO[Window.Property(Hourly.17.Outlook)]</label>
                        </control>
                        <control type="label">
                            <include>Script.TWC.List.Column3</include>
                            <label>[B]$INFO[Window.Property(Hourly.17.Temperature)]&#xb0;[/B]&#10;$INFO[Window.Property(Hourly.17.FeelsLike)]&#xb0;</label>
                        </control>
                        <control type="label">
                            <include>Script.TWC.List.Column4</include>
                            <label>[B]$INFO[Window.Property(Hourly.17.Precipitation)]%[/B]&#10;$INFO[Window.Property(Hourly.17.Humidity)]%</label>
                        </control>
                        <control type="label">
                            <include>Script.TWC.List.Column5</include>
                            <label>$INFO[Window.Property(Hourly.17.WindDirection)]&#10;$INFO[Window.Property(Hourly.17.WindSpeed)]</label>
                        </control>
                    </control>


                    <control type="group">
                        <visible>!IsEmpty(Window.Property(Hourly.18.Time))</visible>
                        <include>Script.TWC.List.Row.Dimensions</include>
                        <control type="button" id="618">
                            <onup>617</onup>
                            <ondown>619</ondown>
                            <onleft>2000</onleft>
                            <onright>2000</onright>
                            <include>Script.TWC.List.Row.Dimensions</include>
                            <include>Script.TWC.List.Row.Textures</include>
                        </control>
                        <control type="label">
                            <include>Script.TWC.List.Column1</include>
                            <info>Window.Property(Hourly.18.Time)</info>
                        </control>
                        <control type="image">
                            <posy>2</posy>
                            <include>Script.TWC.List.Column2</include>
                            <texture>contentpanel.png</texture>
                        </control>
                        <control type="image">
                            <include>Script.TWC.List.Column2a</include>
                            <info>Window.Property(Hourly.18.OutlookIcon)</info>
                        </control>
                        <control type="label">
                            <include>Script.TWC.List.Column2b</include>
                            <label>$INFO[Window.Property(Hourly.18.Outlook)]</label>
                        </control>
                        <control type="label">
                            <include>Script.TWC.List.Column3</include>
                            <label>[B]$INFO[Window.Property(Hourly.18.Temperature)]&#xb0;[/B]&#10;$INFO[Window.Property(Hourly.18.FeelsLike)]&#xb0;</label>
                        </control>
                        <control type="label">
                            <include>Script.TWC.List.Column4</include>
                            <label>[B]$INFO[Window.Property(Hourly.18.Precipitation)]%[/B]&#10;$INFO[Window.Property(Hourly.18.Humidity)]%</label>
                        </control>
                        <control type="label">
                            <include>Script.TWC.List.Column5</include>
                            <label>$INFO[Window.Property(Hourly.18.WindDirection)]&#10;$INFO[Window.Property(Hourly.18.WindSpeed)]</label>
                        </control>
                    </control>


                    <control type="group">
                        <visible>!IsEmpty(Window.Property(Hourly.19.Time))</visible>
                        <include>Script.TWC.List.Row.Dimensions</include>
                        <control type="button" id="619">
                            <onup>618</onup>
                            <ondown>620</ondown>
                            <onleft>2000</onleft>
                            <onright>2000</onright>
                            <include>Script.TWC.List.Row.Dimensions</include>
                            <include>Script.TWC.List.Row.Textures</include>
                        </control>
                        <control type="label">
                            <include>Script.TWC.List.Column1</include>
                            <info>Window.Property(Hourly.19.Time)</info>
                        </control>
                        <control type="image">
                            <posy>2</posy>
                            <include>Script.TWC.List.Column2</include>
                            <texture>contentpanel.png</texture>
                        </control>
                        <control type="image">
                            <include>Script.TWC.List.Column2a</include>
                            <info>Window.Property(Hourly.19.OutlookIcon)</info>
                        </control>
                        <control type="label">
                            <include>Script.TWC.List.Column2b</include>
                            <label>$INFO[Window.Property(Hourly.19.Outlook)]</label>
                        </control>
                        <control type="label">
                            <include>Script.TWC.List.Column3</include>
                            <label>[B]$INFO[Window.Property(Hourly.19.Temperature)]&#xb0;[/B]&#10;$INFO[Window.Property(Hourly.19.FeelsLike)]&#xb0;</label>
                        </control>
                        <control type="label">
                            <include>Script.TWC.List.Column4</include>
                            <label>[B]$INFO[Window.Property(Hourly.19.Precipitation)]%[/B]&#10;$INFO[Window.Property(Hourly.19.Humidity)]%</label>
                        </control>
                        <control type="label">
                            <include>Script.TWC.List.Column5</include>
                            <label>$INFO[Window.Property(Hourly.19.WindDirection)]&#10;$INFO[Window.Property(Hourly.19.WindSpeed)]</label>
                        </control>
                    </control>


                    <control type="group">
                        <visible>!IsEmpty(Window.Property(Hourly.20.Time))</visible>
                        <include>Script.TWC.List.Row.Dimensions</include>
                        <control type="button" id="620">
                            <onup>619</onup>
                            <ondown>621</ondown>
                            <onleft>2000</onleft>
                            <onright>2000</onright>
                            <include>Script.TWC.List.Row.Dimensions</include>
                            <include>Script.TWC.List.Row.Textures</include>
                        </control>
                        <control type="label">
                            <include>Script.TWC.List.Column1</include>
                            <info>Window.Property(Hourly.20.Time)</info>
                        </control>
                        <control type="image">
                            <posy>2</posy>
                            <include>Script.TWC.List.Column2</include>
                            <texture>contentpanel.png</texture>
                        </control>
                        <control type="image">
                            <include>Script.TWC.List.Column2a</include>
                            <info>Window.Property(Hourly.20.OutlookIcon)</info>
                        </control>
                        <control type="label">
                            <include>Script.TWC.List.Column2b</include>
                            <label>$INFO[Window.Property(Hourly.20.Outlook)]</label>
                        </control>
                        <control type="label">
                            <include>Script.TWC.List.Column3</include>
                            <label>[B]$INFO[Window.Property(Hourly.20.Temperature)]&#xb0;[/B]&#10;$INFO[Window.Property(Hourly.20.FeelsLike)]&#xb0;</label>
                        </control>
                        <control type="label">
                            <include>Script.TWC.List.Column4</include>
                            <label>[B]$INFO[Window.Property(Hourly.20.Precipitation)]%[/B]&#10;$INFO[Window.Property(Hourly.20.Humidity)]%</label>
                        </control>
                        <control type="label">
                            <include>Script.TWC.List.Column5</include>
                            <label>$INFO[Window.Property(Hourly.20.WindDirection)]&#10;$INFO[Window.Property(Hourly.20.WindSpeed)]</label>
                        </control>
                    </control>


                    <control type="group">
                        <visible>!IsEmpty(Window.Property(Hourly.21.Time))</visible>
                        <include>Script.TWC.List.Row.Dimensions</include>
                        <control type="button" id="621">
                            <onup>620</onup>
                            <ondown>622</ondown>
                            <onleft>2000</onleft>
                            <onright>2000</onright>
                            <include>Script.TWC.List.Row.Dimensions</include>
                            <include>Script.TWC.List.Row.Textures</include>
                        </control>
                        <control type="label">
                            <include>Script.TWC.List.Column1</include>
                            <info>Window.Property(Hourly.21.Time)</info>
                        </control>
                        <control type="image">
                            <posy>2</posy>
                            <include>Script.TWC.List.Column2</include>
                            <texture>contentpanel.png</texture>
                        </control>
                        <control type="image">
                            <include>Script.TWC.List.Column2a</include>
                            <info>Window.Property(Hourly.21.OutlookIcon)</info>
                        </control>
                        <control type="label">
                            <include>Script.TWC.List.Column2b</include>
                            <label>$INFO[Window.Property(Hourly.21.Outlook)]</label>
                        </control>
                        <control type="label">
                            <include>Script.TWC.List.Column3</include>
                            <label>[B]$INFO[Window.Property(Hourly.21.Temperature)]&#xb0;[/B]&#10;$INFO[Window.Property(Hourly.21.FeelsLike)]&#xb0;</label>
                        </control>
                        <control type="label">
                            <include>Script.TWC.List.Column4</include>
                            <label>[B]$INFO[Window.Property(Hourly.21.Precipitation)]%[/B]&#10;$INFO[Window.Property(Hourly.21.Humidity)]%</label>
                        </control>
                        <control type="label">
                            <include>Script.TWC.List.Column5</include>
                            <label>$INFO[Window.Property(Hourly.21.WindDirection)]&#10;$INFO[Window.Property(Hourly.21.WindSpeed)]</label>
                        </control>
                    </control>


                    <control type="group">
                        <visible>!IsEmpty(Window.Property(Hourly.22.Time))</visible>
                        <include>Script.TWC.List.Row.Dimensions</include>
                        <control type="button" id="622">
                            <onup>621</onup>
                            <ondown>623</ondown>
                            <onleft>2000</onleft>
                            <onright>2000</onright>
                            <include>Script.TWC.List.Row.Dimensions</include>
                            <include>Script.TWC.List.Row.Textures</include>
                        </control>
                        <control type="label">
                            <include>Script.TWC.List.Column1</include>
                            <info>Window.Property(Hourly.22.Time)</info>
                        </control>
                        <control type="image">
                            <posy>2</posy>
                            <include>Script.TWC.List.Column2</include>
                            <texture>contentpanel.png</texture>
                        </control>
                        <control type="image">
                            <include>Script.TWC.List.Column2a</include>
                            <info>Window.Property(Hourly.22.OutlookIcon)</info>
                        </control>
                        <control type="label">
                            <include>Script.TWC.List.Column2b</include>
                            <label>$INFO[Window.Property(Hourly.22.Outlook)]</label>
                        </control>
                        <control type="label">
                            <include>Script.TWC.List.Column3</include>
                            <label>[B]$INFO[Window.Property(Hourly.22.Temperature)]&#xb0;[/B]&#10;$INFO[Window.Property(Hourly.22.FeelsLike)]&#xb0;</label>
                        </control>
                        <control type="label">
                            <include>Script.TWC.List.Column4</include>
                            <label>[B]$INFO[Window.Property(Hourly.22.Precipitation)]%[/B]&#10;$INFO[Window.Property(Hourly.22.Humidity)]%</label>
                        </control>
                        <control type="label">
                            <include>Script.TWC.List.Column5</include>
                            <label>$INFO[Window.Property(Hourly.22.WindDirection)]&#10;$INFO[Window.Property(Hourly.22.WindSpeed)]</label>
                        </control>
                    </control>


                    <control type="group">
                        <visible>!IsEmpty(Window.Property(Hourly.23.Time))</visible>
                        <include>Script.TWC.List.Row.Dimensions</include>
                        <control type="button" id="623">
                            <onup>622</onup>
                            <ondown>624</ondown>
                            <onleft>2000</onleft>
                            <onright>2000</onright>
                            <include>Script.TWC.List.Row.Dimensions</include>
                            <include>Script.TWC.List.Row.Textures</include>
                        </control>
                        <control type="label">
                            <include>Script.TWC.List.Column1</include>
                            <info>Window.Property(Hourly.23.Time)</info>
                        </control>
                        <control type="image">
                            <posy>2</posy>
                            <include>Script.TWC.List.Column2</include>
                            <texture>contentpanel.png</texture>
                        </control>
                        <control type="image">
                            <include>Script.TWC.List.Column2a</include>
                            <info>Window.Property(Hourly.23.OutlookIcon)</info>
                        </control>
                        <control type="label">
                            <include>Script.TWC.List.Column2b</include>
                            <label>$INFO[Window.Property(Hourly.23.Outlook)]</label>
                        </control>
                        <control type="label">
                            <include>Script.TWC.List.Column3</include>
                            <label>[B]$INFO[Window.Property(Hourly.23.Temperature)]&#xb0;[/B]&#10;$INFO[Window.Property(Hourly.23.FeelsLike)]&#xb0;</label>
                        </control>
                        <control type="label">
                            <include>Script.TWC.List.Column4</include>
                            <label>[B]$INFO[Window.Property(Hourly.23.Precipitation)]%[/B]&#10;$INFO[Window.Property(Hourly.23.Humidity)]%</label>
                        </control>
                        <control type="label">
                            <include>Script.TWC.List.Column5</include>
                            <label>$INFO[Window.Property(Hourly.23.WindDirection)]&#10;$INFO[Window.Property(Hourly.23.WindSpeed)]</label>
                        </control>
                    </control>


                    <control type="group">
                        <visible>!IsEmpty(Window.Property(Hourly.24.Time))</visible>
                        <include>Script.TWC.List.Row.Dimensions</include>
                        <control type="button" id="624">
                            <onup>623</onup>
                            <ondown>625</ondown>
                            <onleft>2000</onleft>
                            <onright>2000</onright>
                            <include>Script.TWC.List.Row.Dimensions</include>
                            <include>Script.TWC.List.Row.Textures</include>
                        </control>
                        <control type="label">
                            <include>Script.TWC.List.Column1</include>
                            <info>Window.Property(Hourly.24.Time)</info>
                        </control>
                        <control type="image">
                            <posy>2</posy>
                            <include>Script.TWC.List.Column2</include>
                            <texture>contentpanel.png</texture>
                        </control>
                        <control type="image">
                            <include>Script.TWC.List.Column2a</include>
                            <info>Window.Property(Hourly.24.OutlookIcon)</info>
                        </control>
                        <control type="label">
                            <include>Script.TWC.List.Column2b</include>
                            <label>$INFO[Window.Property(Hourly.24.Outlook)]</label>
                        </control>
                        <control type="label">
                            <include>Script.TWC.List.Column3</include>
                            <label>[B]$INFO[Window.Property(Hourly.24.Temperature)]&#xb0;[/B]&#10;$INFO[Window.Property(Hourly.24.FeelsLike)]&#xb0;</label>
                        </control>
                        <control type="label">
                            <include>Script.TWC.List.Column4</include>
                            <label>[B]$INFO[Window.Property(Hourly.24.Precipitation)]%[/B]&#10;$INFO[Window.Property(Hourly.24.Humidity)]%</label>
                        </control>
                        <control type="label">
                            <include>Script.TWC.List.Column5</include>
                            <label>$INFO[Window.Property(Hourly.24.WindDirection)]&#10;$INFO[Window.Property(Hourly.24.WindSpeed)]</label>
                        </control>
                    </control>


                    <control type="group">
                        <visible>!IsEmpty(Window.Property(Hourly.25.Time))</visible>
                        <include>Script.TWC.List.Row.Dimensions</include>
                        <control type="button" id="625">
                            <onup>624</onup>
                            <ondown>626</ondown>
                            <onleft>2000</onleft>
                            <onright>2000</onright>
                            <include>Script.TWC.List.Row.Dimensions</include>
                            <include>Script.TWC.List.Row.Textures</include>
                        </control>
                        <control type="label">
                            <include>Script.TWC.List.Column1</include>
                            <info>Window.Property(Hourly.25.Time)</info>
                        </control>
                        <control type="image">
                            <posy>2</posy>
                            <include>Script.TWC.List.Column2</include>
                            <texture>contentpanel.png</texture>
                        </control>
                        <control type="image">
                            <include>Script.TWC.List.Column2a</include>
                            <info>Window.Property(Hourly.25.OutlookIcon)</info>
                        </control>
                        <control type="label">
                            <include>Script.TWC.List.Column2b</include>
                            <label>$INFO[Window.Property(Hourly.25.Outlook)]</label>
                        </control>
                        <control type="label">
                            <include>Script.TWC.List.Column3</include>
                            <label>[B]$INFO[Window.Property(Hourly.25.Temperature)]&#xb0;[/B]&#10;$INFO[Window.Property(Hourly.25.FeelsLike)]&#xb0;</label>
                        </control>
                        <control type="label">
                            <include>Script.TWC.List.Column4</include>
                            <label>[B]$INFO[Window.Property(Hourly.25.Precipitation)]%[/B]&#10;$INFO[Window.Property(Hourly.25.Humidity)]%</label>
                        </control>
                        <control type="label">
                            <include>Script.TWC.List.Column5</include>
                            <label>$INFO[Window.Property(Hourly.25.WindDirection)]&#10;$INFO[Window.Property(Hourly.25.WindSpeed)]</label>
                        </control>
                    </control>

                    <control type="group">
                        <visible>!IsEmpty(Window.Property(Hourly.26.Time))</visible>
                        <include>Script.TWC.List.Row.Dimensions</include>
                        <control type="button" id="626">
                            <onup>625</onup>
                            <ondown>627</ondown>
                            <onleft>2000</onleft>
                            <onright>2000</onright>
                            <include>Script.TWC.List.Row.Dimensions</include>
                            <include>Script.TWC.List.Row.Textures</include>
                        </control>
                        <control type="label">
                            <include>Script.TWC.List.Column1</include>
                            <info>Window.Property(Hourly.26.Time)</info>
                        </control>
                        <control type="image">
                            <posy>2</posy>
                            <include>Script.TWC.List.Column2</include>
                            <texture>contentpanel.png</texture>
                        </control>
                        <control type="image">
                            <include>Script.TWC.List.Column2a</include>
                            <info>Window.Property(Hourly.26.OutlookIcon)</info>
                        </control>
                        <control type="label">
                            <include>Script.TWC.List.Column2b</include>
                            <label>$INFO[Window.Property(Hourly.26.Outlook)]</label>
                        </control>
                        <control type="label">
                            <include>Script.TWC.List.Column3</include>
                            <label>[B]$INFO[Window.Property(Hourly.26.Temperature)]&#xb0;[/B]&#10;$INFO[Window.Property(Hourly.26.FeelsLike)]&#xb0;</label>
                        </control>
                        <control type="label">
                            <include>Script.TWC.List.Column4</include>
                            <label>[B]$INFO[Window.Property(Hourly.26.Precipitation)]%[/B]&#10;$INFO[Window.Property(Hourly.26.Humidity)]%</label>
                        </control>
                        <control type="label">
                            <include>Script.TWC.List.Column5</include>
                            <label>$INFO[Window.Property(Hourly.26.WindDirection)]&#10;$INFO[Window.Property(Hourly.26.WindSpeed)]</label>
                        </control>
                    </control>
                    <control type="group">
                        <visible>!IsEmpty(Window.Property(Hourly.27.Time))</visible>
                        <include>Script.TWC.List.Row.Dimensions</include>
                        <control type="button" id="627">
                            <onup>626</onup>
                            <ondown>601</ondown>
                            <onleft>2000</onleft>
                            <onright>2000</onright>
                            <include>Script.TWC.List.Row.Dimensions</include>
                            <include>Script.TWC.List.Row.Textures</include>
                        </control>
                        <control type="label">
                            <include>Script.TWC.List.Column1</include>
                            <info>Window.Property(Hourly.27.Time)</info>
                        </control>
                        <control type="image">
                            <posy>2</posy>
                            <include>Script.TWC.List.Column2</include>
                            <texture>contentpanel.png</texture>
                        </control>
                        <control type="image">
                            <include>Script.TWC.List.Column2a</include>
                            <info>Window.Property(Hourly.27.OutlookIcon)</info>
                        </control>
                        <control type="label">
                            <include>Script.TWC.List.Column2b</include>
                            <label>$INFO[Window.Property(Hourly.27.Outlook)]</label>
                        </control>
                        <control type="label">
                            <include>Script.TWC.List.Column3</include>
                            <label>[B]$INFO[Window.Property(Hourly.27.Temperature)]&#xb0;[/B]&#10;$INFO[Window.Property(Hourly.27.FeelsLike)]&#xb0;</label>
                        </control>
                        <control type="label">
                            <include>Script.TWC.List.Column4</include>
                            <label>[B]$INFO[Window.Property(Hourly.27.Precipitation)]%[/B]&#10;$INFO[Window.Property(Hourly.27.Humidity)]%</label>
                        </control>
                        <control type="label">
                            <include>Script.TWC.List.Column5</include>
                            <label>$INFO[Window.Property(Hourly.27.WindDirection)]&#10;$INFO[Window.Property(Hourly.27.WindSpeed)]</label>
                        </control>
                    </control>
                </control>
            </control>
        </control>
    </include>
</includes>
