<includes>
    <include name="TWC.Maps.and.Radars">
        <control type="button" id="201">
            <description>Maps Button</description>
            <posx>450</posx>
            <posy>115</posy>
            <width>100</width>
            <height>30</height>
            <align>center</align>
            <aligny>center</aligny>
            <label>$LOCALIZE[31201]</label>
            <font>font10</font>
            <textcolor>ffffffff</textcolor>
            <disabledcolor>60ffffff</disabledcolor>
            <pulseonselect>false</pulseonselect>
            <textoffsetx>17</textoffsetx>
            <texturenofocus border="10">tab-nofocus.png</texturenofocus>
            <texturefocus border="10">tab-focus.png</texturefocus>
            <onleft>204</onleft>
            <onright>206</onright>
            <onup>3000</onup>
            <ondown>3000</ondown>
            <onclick>SetProperty(CurrentView,201)</onclick>
        </control>
        <control type="image">
            <description>tab2 not selected</description>
            <posx>450</posx>
            <posy>115</posy>
            <width>100</width>
            <height>30</height>
            <texture border="10">tab-closed.png</texture>
            <aspectratio>stretch</aspectratio>
            <visible>!StringCompare(Window.Property(CurrentView),201) + ![StringCompare(Window.Property(CurrentView),206) + IsEmpty(Window.Property(Alerts)) + StringCompare(Skin.String(twc-defaultview),201)]</visible>
        </control>

        <!-- Maps section ** Required ** -->
        <control type="group">
            <posx>35</posx>
            <posy>150</posy>
            <visible>StringCompare(Window.Property(CurrentView),201) | [StringCompare(Window.Property(CurrentView),206) + IsEmpty(Window.Property(Alerts)) + StringCompare(Skin.String(twc-defaultview),201)]</visible>
            <animation effect="fade" reversible="true" time="300">VisibleChange</animation>
            <!-- Section border -->
            <control type="image">
                <description>border</description>
                <posx>10</posx>
                <posy>3</posy>
                <width>708</width>
                <height>328</height>
                <texture border="5">section.png</texture>
                <aspectratio>stretch</aspectratio>
            </control>
            <!-- Main buttons ** required ** -->
            <control type="group" id="5200">
                <posx>23</posx>
                <posy>15</posy>
                <onup>201</onup>
                <control type="button" id="5201">
                    <description>Map List Button</description>
                    <posx>-6</posx>
                    <posy>-5</posy>
                    <width>86</width>
                    <height>35</height>
                    <align>center</align>
                    <label>$INFO[Window.Property(MapList.1.ShortTitle)]</label>
                    <font>font10</font>
                    <texturenofocus border="10">tab-nofocus.png</texturenofocus>
                    <texturefocus border="10">tab-focus.png</texturefocus>
                    <onleft>5203</onleft>
                    <onright>5202</onright>
                    <onup>2000</onup>
                    <ondown>5100</ondown>
                    <visible>!IsEmpty(Window.Property(MapList.1.ShortTitle))</visible>
                    <onclick>SetProperty(CurrentMapList,1)</onclick>
                </control>
                <control type="button" id="5202">
                    <description>Map List Button</description>
                    <posx>80</posx>
                    <posy>-5</posy>
                    <width>86</width>
                    <height>35</height>
                    <align>center</align>
                    <aligny>center</aligny>
                    <label>$INFO[Window.Property(MapList.2.ShortTitle)]</label>
                    <font>font10</font>
                    <textcolor>ffffffff</textcolor>
                    <disabledcolor>60ffffff</disabledcolor>
                    <pulseonselect>false</pulseonselect>
                    <textoffsetx>17</textoffsetx>
                    <texturenofocus border="10">tab-nofocus.png</texturenofocus>
                    <texturefocus border="10">tab-focus.png</texturefocus>
                    <onleft>5201</onleft>
                    <onright>5203</onright>
                    <onup>2000</onup>
                    <ondown>5100</ondown>
                    <visible>!IsEmpty(Window.Property(MapList.2.ShortTitle))</visible>
                    <onclick>SetProperty(CurrentMapList,2)</onclick>
                </control>
                <control type="button" id="5203">
                    <description>Map List Button</description>
                    <posx>166</posx>
                    <posy>-5</posy>
                    <width>86</width>
                    <height>35</height>
                    <align>center</align>
                    <aligny>center</aligny>
                    <label>$INFO[Window.Property(MapList.3.ShortTitle)]</label>
                    <font>font10</font>
                    <textcolor>ffffffff</textcolor>
                    <disabledcolor>60ffffff</disabledcolor>
                    <pulseonselect>false</pulseonselect>
                    <textoffsetx>17</textoffsetx>
                    <texturenofocus border="10">tab-nofocus.png</texturenofocus>
                    <texturefocus border="10">tab-focus.png</texturefocus>
                    <wrapmultiline>true</wrapmultiline>
                    <onleft>5202</onleft>
                    <onright>5201</onright>
                    <onup>2000</onup>
                    <ondown>5100</ondown>
                    <visible>!IsEmpty(Window.Property(MapList.3.ShortTitle))</visible>
                    <onclick>SetProperty(CurrentMapList,3)</onclick>
                </control>
                <!-- Not selected button background images -->
                <control type="image">
                    <description>tab1 not selected</description>
                    <posx>-6</posx>
                    <posy>-5</posy>
                    <width>86</width>
                    <height>35</height>
                    <texture border="10">tab-closed.png</texture>
                    <aspectratio>stretch</aspectratio>
                    <visible>StringCompare(Window.Property(CurrentMapList),2) | StringCompare(Window.Property(CurrentMapList),3)</visible>
                </control>
                <control type="image">
                    <description>tab2 not selected</description>
                    <posx>80</posx>
                    <posy>-5</posy>
                    <width>86</width>
                    <height>35</height>
                    <texture border="10">tab-closed.png</texture>
                    <aspectratio>stretch</aspectratio>
                    <visible>!StringCompare(Window.Property(CurrentMapList),2)</visible>
                </control>
                <control type="image">
                    <description>tab3 not selected</description>
                    <posx>166</posx>
                    <posy>-5</posy>
                    <width>86</width>
                    <height>35</height>
                    <texture border="10">tab-closed.png</texture>
                    <aspectratio>stretch</aspectratio>
                    <visible>!StringCompare(Window.Property(CurrentMapList),3)</visible>
                </control>

                <!-- Section background -->
                <control type="image">
                    <description>left side divider</description>
                    <posx>-6</posx>
                    <posy>0</posy>
                    <width>1</width>
                    <height>308</height>
                    <texture border="0,32,0,0">tab-sep.png</texture>
                    <aspectratio>stretch</aspectratio>
                </control>
                <control type="image">
                    <description>right side divider</description>
                    <posx>252</posx>
                    <posy>0</posy>
                    <width>1</width>
                    <height>308</height>
                    <texture border="0,32,0,0">tab-sep.png</texture>
                    <aspectratio>stretch</aspectratio>
                </control>
                <control type="image">
                    <description>bottom divider</description>
                    <posx>-6</posx>
                    <posy>276</posy>
                    <width>258</width>
                    <height>32</height>
                    <texture>tab-sep.png</texture>
                    <aspectratio>stretch</aspectratio>
                </control>
            </control>

            <control type="group" id="5300">
                <onup>5200</onup>
                <control type="list" id="1000">
                    <content>
                    <!-- use if visible is added to attribute method
                        <item visible="!IsEmpty(Window.Property(MapList.1.MapLabel1))" label="$INFO[Window.Property(MapList.1.MapLabel1)]">$INFO[Window.Property(MapList.1.MapOnclick1)]</item>
                        -->
                        <item>
                          <label>$INFO[Window.Property(MapList.1.MapLabel1)]</label>
                          <onclick>$INFO[Window.Property(MapList.1.MapOnclick1)]</onclick>
                          <visible>!IsEmpty(Window.Property(MapList.1.MapLabel1))</visible>
                        </item>
                        <item>
                          <label>$INFO[Window.Property(MapList.1.MapLabel2)]</label>
                          <onclick>$INFO[Window.Property(MapList.1.MapOnclick2)]</onclick>
                          <visible>!IsEmpty(Window.Property(MapList.1.MapLabel2))</visible>
                        </item>
                        <item>
                          <label>$INFO[Window.Property(MapList.1.MapLabel3)]</label>
                          <onclick>$INFO[Window.Property(MapList.1.MapOnclick3)]</onclick>
                          <visible>!IsEmpty(Window.Property(MapList.1.MapLabel3))</visible>
                        </item>
                        <item>
                          <label>$INFO[Window.Property(MapList.1.MapLabel4)]</label>
                          <onclick>$INFO[Window.Property(MapList.1.MapOnclick4)]</onclick>
                          <visible>!IsEmpty(Window.Property(MapList.1.MapLabel4))</visible>
                        </item>
                        <item>
                          <label>$INFO[Window.Property(MapList.1.MapLabel5)]</label>
                          <onclick>$INFO[Window.Property(MapList.1.MapOnclick5)]</onclick>
                          <visible>!IsEmpty(Window.Property(MapList.1.MapLabel5))</visible>
                        </item>
                        <item>
                          <label>$INFO[Window.Property(MapList.1.MapLabel6)]</label>
                          <onclick>$INFO[Window.Property(MapList.1.MapOnclick6)]</onclick>
                          <visible>!IsEmpty(Window.Property(MapList.1.MapLabel6))</visible>
                        </item>
                        <item>
                          <label>$INFO[Window.Property(MapList.1.MapLabel7)]</label>
                          <onclick>$INFO[Window.Property(MapList.1.MapOnclick7)]</onclick>
                          <visible>!IsEmpty(Window.Property(MapList.1.MapLabel7))</visible>
                        </item>
                        <item>
                          <label>$INFO[Window.Property(MapList.1.MapLabel8)]</label>
                          <onclick>$INFO[Window.Property(MapList.1.MapOnclick8)]</onclick>
                          <visible>!IsEmpty(Window.Property(MapList.1.MapLabel8))</visible>
                        </item>
                        <item>
                          <label>$INFO[Window.Property(MapList.1.MapLabel9)]</label>
                          <onclick>$INFO[Window.Property(MapList.1.MapOnclick9)]</onclick>
                          <visible>!IsEmpty(Window.Property(MapList.1.MapLabel9))</visible>
                        </item>
                        <item>
                          <label>$INFO[Window.Property(MapList.1.MapLabel10)]</label>
                          <onclick>$INFO[Window.Property(MapList.1.MapOnclick10)]</onclick>
                          <visible>!IsEmpty(Window.Property(MapList.1.MapLabel10))</visible>
                        </item>
                        <item>
                          <label>$INFO[Window.Property(MapList.1.MapLabel11)]</label>
                          <onclick>$INFO[Window.Property(MapList.1.MapOnclick11)]</onclick>
                          <visible>!IsEmpty(Window.Property(MapList.1.MapLabel11))</visible>
                        </item>
                        <item>
                          <label>$INFO[Window.Property(MapList.1.MapLabel12)]</label>
                          <onclick>$INFO[Window.Property(MapList.1.MapOnclick12)]</onclick>
                          <visible>!IsEmpty(Window.Property(MapList.1.MapLabel12))</visible>
                        </item>
                        <item>
                          <label>$INFO[Window.Property(MapList.1.MapLabel13)]</label>
                          <onclick>$INFO[Window.Property(MapList.1.MapOnclick13)]</onclick>
                          <visible>!IsEmpty(Window.Property(MapList.1.MapLabel13))</visible>
                        </item>
                        <item>
                          <label>$INFO[Window.Property(MapList.1.MapLabel14)]</label>
                          <onclick>$INFO[Window.Property(MapList.1.MapOnclick14)]</onclick>
                          <visible>!IsEmpty(Window.Property(MapList.1.MapLabel14))</visible>
                        </item>
                        <item>
                          <label>$INFO[Window.Property(MapList.1.MapLabel15)]</label>
                          <onclick>$INFO[Window.Property(MapList.1.MapOnclick15)]</onclick>
                          <visible>!IsEmpty(Window.Property(MapList.1.MapLabel15))</visible>
                        </item>
                        <item>
                          <label>$INFO[Window.Property(MapList.1.MapLabel16)]</label>
                          <onclick>$INFO[Window.Property(MapList.1.MapOnclick16)]</onclick>
                          <visible>!IsEmpty(Window.Property(MapList.1.MapLabel16))</visible>
                        </item>
                        <item>
                          <label>$INFO[Window.Property(MapList.1.MapLabel17)]</label>
                          <onclick>$INFO[Window.Property(MapList.1.MapOnclick17)]</onclick>
                          <visible>!IsEmpty(Window.Property(MapList.1.MapLabel17))</visible>
                        </item>
                        <item>
                          <label>$INFO[Window.Property(MapList.1.MapLabel18)]</label>
                          <onclick>$INFO[Window.Property(MapList.1.MapOnclick18)]</onclick>
                          <visible>!IsEmpty(Window.Property(MapList.1.MapLabel18))</visible>
                        </item>
                        <item>
                          <label>$INFO[Window.Property(MapList.1.MapLabel19)]</label>
                          <onclick>$INFO[Window.Property(MapList.1.MapOnclick19)]</onclick>
                          <visible>!IsEmpty(Window.Property(MapList.1.MapLabel19))</visible>
                        </item>
                        <item>
                          <label>$INFO[Window.Property(MapList.1.MapLabel20)]</label>
                          <onclick>$INFO[Window.Property(MapList.1.MapOnclick20)]</onclick>
                          <visible>!IsEmpty(Window.Property(MapList.1.MapLabel20))</visible>
                        </item>
                        <item>
                          <label>$INFO[Window.Property(MapList.1.MapLabel21)]</label>
                          <onclick>$INFO[Window.Property(MapList.1.MapOnclick21)]</onclick>
                          <visible>!IsEmpty(Window.Property(MapList.1.MapLabel21))</visible>
                        </item>
                        <item>
                          <label>$INFO[Window.Property(MapList.1.MapLabel22)]</label>
                          <onclick>$INFO[Window.Property(MapList.1.MapOnclick22)]</onclick>
                          <visible>!IsEmpty(Window.Property(MapList.1.MapLabel22))</visible>
                        </item>
                        <item>
                          <label>$INFO[Window.Property(MapList.1.MapLabel23)]</label>
                          <onclick>$INFO[Window.Property(MapList.1.MapOnclick23)]</onclick>
                          <visible>!IsEmpty(Window.Property(MapList.1.MapLabel23))</visible>
                        </item>
                        <item>
                          <label>$INFO[Window.Property(MapList.1.MapLabel24)]</label>
                          <onclick>$INFO[Window.Property(MapList.1.MapOnclick24)]</onclick>
                          <visible>!IsEmpty(Window.Property(MapList.1.MapLabel24))</visible>
                        </item>
                        <item>
                          <label>$INFO[Window.Property(MapList.1.MapLabel25)]</label>
                          <onclick>$INFO[Window.Property(MapList.1.MapOnclick25)]</onclick>
                          <visible>!IsEmpty(Window.Property(MapList.1.MapLabel25))</visible>
                        </item>
                        <item>
                          <label>$INFO[Window.Property(MapList.1.MapLabel26)]</label>
                          <onclick>$INFO[Window.Property(MapList.1.MapOnclick26)]</onclick>
                          <visible>!IsEmpty(Window.Property(MapList.1.MapLabel26))</visible>
                        </item>
                        <item>
                          <label>$INFO[Window.Property(MapList.1.MapLabel27)]</label>
                          <onclick>$INFO[Window.Property(MapList.1.MapOnclick27)]</onclick>
                          <visible>!IsEmpty(Window.Property(MapList.1.MapLabel27))</visible>
                        </item>
                        <item>
                          <label>$INFO[Window.Property(MapList.1.MapLabel28)]</label>
                          <onclick>$INFO[Window.Property(MapList.1.MapOnclick28)]</onclick>
                          <visible>!IsEmpty(Window.Property(MapList.1.MapLabel28))</visible>
                        </item>
                        <item>
                          <label>$INFO[Window.Property(MapList.1.MapLabel29)]</label>
                          <onclick>$INFO[Window.Property(MapList.1.MapOnclick29)]</onclick>
                          <visible>!IsEmpty(Window.Property(MapList.1.MapLabel29))</visible>
                        </item>
                        <item>
                          <label>$INFO[Window.Property(MapList.1.MapLabel30)]</label>
                          <onclick>$INFO[Window.Property(MapList.1.MapOnclick30)]</onclick>
                          <visible>!IsEmpty(Window.Property(MapList.1.MapLabel30))</visible>
                        </item>
                    </content>
                    <posx>20</posx>
                    <posy>50</posy>
                    <width>250</width>
                    <height>270</height>
                    <itemgap>5</itemgap>
                    <ondown>1000</ondown>
                    <scrolltime>200</scrolltime>
                    <visible>StringCompare(Window.Property(CurrentMapList),1)</visible>
                    <itemlayout height="29">
                        <visible>!IsEmpty(ListItem.Label)</visible>
                        <control type="image">
                            <texture>input-nofocus.png</texture>
                            <include>Script.TWC.MapList.Row</include>
                        </control>
                        <control type="label">
                            <posx>3</posx>
                            <include>Script.TWC.MapList.Row</include>
                            <info>ListItem.Label</info>
                        </control>
                    </itemlayout>
                    <focusedlayout height="29">
                        <visible>!IsEmpty(ListItem.Label)</visible>
                        <control type="image">
                            <texture>input-nofocus.png</texture>
                            <include>Script.TWC.MapList.Row</include>
                            <visible>!Control.HasFocus(1000)</visible>
                        </control>
                        <control type="image">
                            <include>Script.TWC.MapList.Row</include>
                            <visible>Control.HasFocus(1000)</visible>
                        </control>
                        <control type="label">
                            <posx>3</posx>
                            <include>Script.TWC.MapList.Row</include>
                            <info>ListItem.Label</info>
                        </control>
                    </focusedlayout>
                </control>

                <control type="list" id="1100">
                    <content>
                    <!-- use if visible is added to attribute method
                        <item visible="!IsEmpty(Window.Property(MapList.2.MapLabel1))" label="$INFO[Window.Property(MapList.2.MapLabel1)]">$INFO[Window.Property(MapList.2.MapOnclick1)]</item>
                        -->
                        <item>
                          <label>$INFO[Window.Property(MapList.2.MapLabel1)]</label>
                          <onclick>$INFO[Window.Property(MapList.2.MapOnclick1)]</onclick>
                          <visible>!IsEmpty(Window.Property(MapList.2.MapLabel1))</visible>
                        </item>
                        <item>
                          <label>$INFO[Window.Property(MapList.2.MapLabel2)]</label>
                          <onclick>$INFO[Window.Property(MapList.2.MapOnclick2)]</onclick>
                          <visible>!IsEmpty(Window.Property(MapList.2.MapLabel2))</visible>
                        </item>
                        <item>
                          <label>$INFO[Window.Property(MapList.2.MapLabel3)]</label>
                          <onclick>$INFO[Window.Property(MapList.2.MapOnclick3)]</onclick>
                          <visible>!IsEmpty(Window.Property(MapList.2.MapLabel3))</visible>
                        </item>
                        <item>
                          <label>$INFO[Window.Property(MapList.2.MapLabel4)]</label>
                          <onclick>$INFO[Window.Property(MapList.2.MapOnclick4)]</onclick>
                          <visible>!IsEmpty(Window.Property(MapList.2.MapLabel4))</visible>
                        </item>
                        <item>
                          <label>$INFO[Window.Property(MapList.2.MapLabel5)]</label>
                          <onclick>$INFO[Window.Property(MapList.2.MapOnclick5)]</onclick>
                          <visible>!IsEmpty(Window.Property(MapList.2.MapLabel5))</visible>
                        </item>
                        <item>
                          <label>$INFO[Window.Property(MapList.2.MapLabel6)]</label>
                          <onclick>$INFO[Window.Property(MapList.2.MapOnclick6)]</onclick>
                          <visible>!IsEmpty(Window.Property(MapList.2.MapLabel6))</visible>
                        </item>
                        <item>
                          <label>$INFO[Window.Property(MapList.2.MapLabel7)]</label>
                          <onclick>$INFO[Window.Property(MapList.2.MapOnclick7)]</onclick>
                          <visible>!IsEmpty(Window.Property(MapList.2.MapLabel7))</visible>
                        </item>
                        <item>
                          <label>$INFO[Window.Property(MapList.2.MapLabel8)]</label>
                          <onclick>$INFO[Window.Property(MapList.2.MapOnclick8)]</onclick>
                          <visible>!IsEmpty(Window.Property(MapList.2.MapLabel8))</visible>
                        </item>
                        <item>
                          <label>$INFO[Window.Property(MapList.2.MapLabel9)]</label>
                          <onclick>$INFO[Window.Property(MapList.2.MapOnclick9)]</onclick>
                          <visible>!IsEmpty(Window.Property(MapList.2.MapLabel9))</visible>
                        </item>
                        <item>
                          <label>$INFO[Window.Property(MapList.2.MapLabel10)]</label>
                          <onclick>$INFO[Window.Property(MapList.2.MapOnclick10)]</onclick>
                          <visible>!IsEmpty(Window.Property(MapList.2.MapLabel10))</visible>
                        </item>
                        <item>
                          <label>$INFO[Window.Property(MapList.2.MapLabel11)]</label>
                          <onclick>$INFO[Window.Property(MapList.2.MapOnclick11)]</onclick>
                          <visible>!IsEmpty(Window.Property(MapList.2.MapLabel11))</visible>
                        </item>
                        <item>
                          <label>$INFO[Window.Property(MapList.2.MapLabel12)]</label>
                          <onclick>$INFO[Window.Property(MapList.2.MapOnclick12)]</onclick>
                          <visible>!IsEmpty(Window.Property(MapList.2.MapLabel12))</visible>
                        </item>
                        <item>
                          <label>$INFO[Window.Property(MapList.2.MapLabel13)]</label>
                          <onclick>$INFO[Window.Property(MapList.2.MapOnclick13)]</onclick>
                          <visible>!IsEmpty(Window.Property(MapList.2.MapLabel13))</visible>
                        </item>
                        <item>
                          <label>$INFO[Window.Property(MapList.2.MapLabel14)]</label>
                          <onclick>$INFO[Window.Property(MapList.2.MapOnclick14)]</onclick>
                          <visible>!IsEmpty(Window.Property(MapList.2.MapLabel14))</visible>
                        </item>
                        <item>
                          <label>$INFO[Window.Property(MapList.2.MapLabel15)]</label>
                          <onclick>$INFO[Window.Property(MapList.2.MapOnclick15)]</onclick>
                          <visible>!IsEmpty(Window.Property(MapList.2.MapLabel15))</visible>
                        </item>
                        <item>
                          <label>$INFO[Window.Property(MapList.2.MapLabel16)]</label>
                          <onclick>$INFO[Window.Property(MapList.2.MapOnclick16)]</onclick>
                          <visible>!IsEmpty(Window.Property(MapList.2.MapLabel16))</visible>
                        </item>
                        <item>
                          <label>$INFO[Window.Property(MapList.2.MapLabel17)]</label>
                          <onclick>$INFO[Window.Property(MapList.2.MapOnclick17)]</onclick>
                          <visible>!IsEmpty(Window.Property(MapList.2.MapLabel17))</visible>
                        </item>
                        <item>
                          <label>$INFO[Window.Property(MapList.2.MapLabel18)]</label>
                          <onclick>$INFO[Window.Property(MapList.2.MapOnclick18)]</onclick>
                          <visible>!IsEmpty(Window.Property(MapList.2.MapLabel18))</visible>
                        </item>
                        <item>
                          <label>$INFO[Window.Property(MapList.2.MapLabel19)]</label>
                          <onclick>$INFO[Window.Property(MapList.2.MapOnclick19)]</onclick>
                          <visible>!IsEmpty(Window.Property(MapList.2.MapLabel19))</visible>
                        </item>
                        <item>
                          <label>$INFO[Window.Property(MapList.2.MapLabel20)]</label>
                          <onclick>$INFO[Window.Property(MapList.2.MapOnclick20)]</onclick>
                          <visible>!IsEmpty(Window.Property(MapList.2.MapLabel20))</visible>
                        </item>
                        <item>
                          <label>$INFO[Window.Property(MapList.2.MapLabel21)]</label>
                          <onclick>$INFO[Window.Property(MapList.2.MapOnclick21)]</onclick>
                          <visible>!IsEmpty(Window.Property(MapList.2.MapLabel21))</visible>
                        </item>
                        <item>
                          <label>$INFO[Window.Property(MapList.2.MapLabel22)]</label>
                          <onclick>$INFO[Window.Property(MapList.2.MapOnclick22)]</onclick>
                          <visible>!IsEmpty(Window.Property(MapList.2.MapLabel22))</visible>
                        </item>
                        <item>
                          <label>$INFO[Window.Property(MapList.2.MapLabel23)]</label>
                          <onclick>$INFO[Window.Property(MapList.2.MapOnclick23)]</onclick>
                          <visible>!IsEmpty(Window.Property(MapList.2.MapLabel23))</visible>
                        </item>
                        <item>
                          <label>$INFO[Window.Property(MapList.2.MapLabel24)]</label>
                          <onclick>$INFO[Window.Property(MapList.2.MapOnclick24)]</onclick>
                          <visible>!IsEmpty(Window.Property(MapList.2.MapLabel24))</visible>
                        </item>
                        <item>
                          <label>$INFO[Window.Property(MapList.2.MapLabel25)]</label>
                          <onclick>$INFO[Window.Property(MapList.2.MapOnclick25)]</onclick>
                          <visible>!IsEmpty(Window.Property(MapList.2.MapLabel25))</visible>
                        </item>
                        <item>
                          <label>$INFO[Window.Property(MapList.2.MapLabel26)]</label>
                          <onclick>$INFO[Window.Property(MapList.2.MapOnclick26)]</onclick>
                          <visible>!IsEmpty(Window.Property(MapList.2.MapLabel26))</visible>
                        </item>
                        <item>
                          <label>$INFO[Window.Property(MapList.2.MapLabel27)]</label>
                          <onclick>$INFO[Window.Property(MapList.2.MapOnclick27)]</onclick>
                          <visible>!IsEmpty(Window.Property(MapList.2.MapLabel27))</visible>
                        </item>
                        <item>
                          <label>$INFO[Window.Property(MapList.2.MapLabel28)]</label>
                          <onclick>$INFO[Window.Property(MapList.2.MapOnclick28)]</onclick>
                          <visible>!IsEmpty(Window.Property(MapList.2.MapLabel28))</visible>
                        </item>
                        <item>
                          <label>$INFO[Window.Property(MapList.2.MapLabel29)]</label>
                          <onclick>$INFO[Window.Property(MapList.2.MapOnclick29)]</onclick>
                          <visible>!IsEmpty(Window.Property(MapList.2.MapLabel29))</visible>
                        </item>
                        <item>
                          <label>$INFO[Window.Property(MapList.2.MapLabel30)]</label>
                          <onclick>$INFO[Window.Property(MapList.2.MapOnclick30)]</onclick>
                          <visible>!IsEmpty(Window.Property(MapList.2.MapLabel30))</visible>
                        </item>
                    </content>
                    <posx>20</posx>
                    <posy>50</posy>
                    <width>250</width>
                    <height>270</height>
                    <itemgap>5</itemgap>
                    <ondown>1100</ondown>
                    <scrolltime>200</scrolltime>
                    <visible>StringCompare(Window.Property(CurrentMapList),2)</visible>
                    <itemlayout height="29">
                        <visible>!IsEmpty(ListItem.Label)</visible>
                        <control type="image">
                            <texture>input-nofocus.png</texture>
                            <include>Script.TWC.MapList.Row</include>
                        </control>
                        <control type="label">
                            <posx>3</posx>
                            <include>Script.TWC.MapList.Row</include>
                            <info>ListItem.Label</info>
                        </control>
                    </itemlayout>
                    <focusedlayout height="29">
                        <visible>!IsEmpty(ListItem.Label)</visible>
                        <control type="image">
                            <texture>input-nofocus.png</texture>
                            <include>Script.TWC.MapList.Row</include>
                            <visible>!Control.HasFocus(1100)</visible>
                        </control>
                        <control type="image">
                            <include>Script.TWC.MapList.Row</include>
                            <visible>Control.HasFocus(1100)</visible>
                        </control>
                        <control type="label">
                            <posx>3</posx>
                            <include>Script.TWC.MapList.Row</include>
                            <info>ListItem.Label</info>
                        </control>
                    </focusedlayout>
                </control>




                
                <control type="list" id="1200">
                    <content>
                    <!-- use if visible is added to attribute method
                        <item visible="!IsEmpty(Window.Property(MapList.3.MapLabel1))" label="$INFO[Window.Property(MapList.3.MapLabel1)]">$INFO[Window.Property(MapList.3.MapOnclick1)]</item>
                        -->
                        <item>
                          <label>$INFO[Window.Property(MapList.3.MapLabel1)]</label>
                          <onclick>$INFO[Window.Property(MapList.3.MapOnclick1)]</onclick>
                          <visible>!IsEmpty(Window.Property(MapList.3.MapLabel1))</visible>
                        </item>
                        <item>
                          <label>$INFO[Window.Property(MapList.3.MapLabel2)]</label>
                          <onclick>$INFO[Window.Property(MapList.3.MapOnclick2)]</onclick>
                          <visible>!IsEmpty(Window.Property(MapList.3.MapLabel2))</visible>
                        </item>
                        <item>
                          <label>$INFO[Window.Property(MapList.3.MapLabel3)]</label>
                          <onclick>$INFO[Window.Property(MapList.3.MapOnclick3)]</onclick>
                          <visible>!IsEmpty(Window.Property(MapList.3.MapLabel3))</visible>
                        </item>
                        <item>
                          <label>$INFO[Window.Property(MapList.3.MapLabel4)]</label>
                          <onclick>$INFO[Window.Property(MapList.3.MapOnclick4)]</onclick>
                          <visible>!IsEmpty(Window.Property(MapList.3.MapLabel4))</visible>
                        </item>
                        <item>
                          <label>$INFO[Window.Property(MapList.3.MapLabel5)]</label>
                          <onclick>$INFO[Window.Property(MapList.3.MapOnclick5)]</onclick>
                          <visible>!IsEmpty(Window.Property(MapList.3.MapLabel5))</visible>
                        </item>
                        <item>
                          <label>$INFO[Window.Property(MapList.3.MapLabel6)]</label>
                          <onclick>$INFO[Window.Property(MapList.3.MapOnclick6)]</onclick>
                          <visible>!IsEmpty(Window.Property(MapList.3.MapLabel6))</visible>
                        </item>
                        <item>
                          <label>$INFO[Window.Property(MapList.3.MapLabel7)]</label>
                          <onclick>$INFO[Window.Property(MapList.3.MapOnclick7)]</onclick>
                          <visible>!IsEmpty(Window.Property(MapList.3.MapLabel7))</visible>
                        </item>
                        <item>
                          <label>$INFO[Window.Property(MapList.3.MapLabel8)]</label>
                          <onclick>$INFO[Window.Property(MapList.3.MapOnclick8)]</onclick>
                          <visible>!IsEmpty(Window.Property(MapList.3.MapLabel8))</visible>
                        </item>
                        <item>
                          <label>$INFO[Window.Property(MapList.3.MapLabel9)]</label>
                          <onclick>$INFO[Window.Property(MapList.3.MapOnclick9)]</onclick>
                          <visible>!IsEmpty(Window.Property(MapList.3.MapLabel9))</visible>
                        </item>
                        <item>
                          <label>$INFO[Window.Property(MapList.3.MapLabel10)]</label>
                          <onclick>$INFO[Window.Property(MapList.3.MapOnclick10)]</onclick>
                          <visible>!IsEmpty(Window.Property(MapList.3.MapLabel10))</visible>
                        </item>
                        <item>
                          <label>$INFO[Window.Property(MapList.3.MapLabel11)]</label>
                          <onclick>$INFO[Window.Property(MapList.3.MapOnclick11)]</onclick>
                          <visible>!IsEmpty(Window.Property(MapList.3.MapLabel11))</visible>
                        </item>
                        <item>
                          <label>$INFO[Window.Property(MapList.3.MapLabel12)]</label>
                          <onclick>$INFO[Window.Property(MapList.3.MapOnclick12)]</onclick>
                          <visible>!IsEmpty(Window.Property(MapList.3.MapLabel12))</visible>
                        </item>
                        <item>
                          <label>$INFO[Window.Property(MapList.3.MapLabel13)]</label>
                          <onclick>$INFO[Window.Property(MapList.3.MapOnclick13)]</onclick>
                          <visible>!IsEmpty(Window.Property(MapList.3.MapLabel13))</visible>
                        </item>
                        <item>
                          <label>$INFO[Window.Property(MapList.3.MapLabel14)]</label>
                          <onclick>$INFO[Window.Property(MapList.3.MapOnclick14)]</onclick>
                          <visible>!IsEmpty(Window.Property(MapList.3.MapLabel14))</visible>
                        </item>
                        <item>
                          <label>$INFO[Window.Property(MapList.3.MapLabel15)]</label>
                          <onclick>$INFO[Window.Property(MapList.3.MapOnclick15)]</onclick>
                          <visible>!IsEmpty(Window.Property(MapList.3.MapLabel15))</visible>
                        </item>
                        <item>
                          <label>$INFO[Window.Property(MapList.3.MapLabel16)]</label>
                          <onclick>$INFO[Window.Property(MapList.3.MapOnclick16)]</onclick>
                          <visible>!IsEmpty(Window.Property(MapList.3.MapLabel16))</visible>
                        </item>
                        <item>
                          <label>$INFO[Window.Property(MapList.3.MapLabel17)]</label>
                          <onclick>$INFO[Window.Property(MapList.3.MapOnclick17)]</onclick>
                          <visible>!IsEmpty(Window.Property(MapList.3.MapLabel17))</visible>
                        </item>
                        <item>
                          <label>$INFO[Window.Property(MapList.3.MapLabel18)]</label>
                          <onclick>$INFO[Window.Property(MapList.3.MapOnclick18)]</onclick>
                          <visible>!IsEmpty(Window.Property(MapList.3.MapLabel18))</visible>
                        </item>
                        <item>
                          <label>$INFO[Window.Property(MapList.3.MapLabel19)]</label>
                          <onclick>$INFO[Window.Property(MapList.3.MapOnclick19)]</onclick>
                          <visible>!IsEmpty(Window.Property(MapList.3.MapLabel19))</visible>
                        </item>
                        <item>
                          <label>$INFO[Window.Property(MapList.3.MapLabel20)]</label>
                          <onclick>$INFO[Window.Property(MapList.3.MapOnclick20)]</onclick>
                          <visible>!IsEmpty(Window.Property(MapList.3.MapLabel20))</visible>
                        </item>
                        <item>
                          <label>$INFO[Window.Property(MapList.3.MapLabel21)]</label>
                          <onclick>$INFO[Window.Property(MapList.3.MapOnclick21)]</onclick>
                          <visible>!IsEmpty(Window.Property(MapList.3.MapLabel21))</visible>
                        </item>
                        <item>
                          <label>$INFO[Window.Property(MapList.3.MapLabel22)]</label>
                          <onclick>$INFO[Window.Property(MapList.3.MapOnclick22)]</onclick>
                          <visible>!IsEmpty(Window.Property(MapList.3.MapLabel22))</visible>
                        </item>
                        <item>
                          <label>$INFO[Window.Property(MapList.3.MapLabel23)]</label>
                          <onclick>$INFO[Window.Property(MapList.3.MapOnclick23)]</onclick>
                          <visible>!IsEmpty(Window.Property(MapList.3.MapLabel23))</visible>
                        </item>
                        <item>
                          <label>$INFO[Window.Property(MapList.3.MapLabel24)]</label>
                          <onclick>$INFO[Window.Property(MapList.3.MapOnclick24)]</onclick>
                          <visible>!IsEmpty(Window.Property(MapList.3.MapLabel24))</visible>
                        </item>
                        <item>
                          <label>$INFO[Window.Property(MapList.3.MapLabel25)]</label>
                          <onclick>$INFO[Window.Property(MapList.3.MapOnclick25)]</onclick>
                          <visible>!IsEmpty(Window.Property(MapList.3.MapLabel25))</visible>
                        </item>
                        <item>
                          <label>$INFO[Window.Property(MapList.3.MapLabel26)]</label>
                          <onclick>$INFO[Window.Property(MapList.3.MapOnclick26)]</onclick>
                          <visible>!IsEmpty(Window.Property(MapList.3.MapLabel26))</visible>
                        </item>
                        <item>
                          <label>$INFO[Window.Property(MapList.3.MapLabel27)]</label>
                          <onclick>$INFO[Window.Property(MapList.3.MapOnclick27)]</onclick>
                          <visible>!IsEmpty(Window.Property(MapList.3.MapLabel27))</visible>
                        </item>
                        <item>
                          <label>$INFO[Window.Property(MapList.3.MapLabel28)]</label>
                          <onclick>$INFO[Window.Property(MapList.3.MapOnclick28)]</onclick>
                          <visible>!IsEmpty(Window.Property(MapList.3.MapLabel28))</visible>
                        </item>
                        <item>
                          <label>$INFO[Window.Property(MapList.3.MapLabel29)]</label>
                          <onclick>$INFO[Window.Property(MapList.3.MapOnclick29)]</onclick>
                          <visible>!IsEmpty(Window.Property(MapList.3.MapLabel29))</visible>
                        </item>
                        <item>
                          <label>$INFO[Window.Property(MapList.3.MapLabel30)]</label>
                          <onclick>$INFO[Window.Property(MapList.3.MapOnclick30)]</onclick>
                          <visible>!IsEmpty(Window.Property(MapList.3.MapLabel30))</visible>
                        </item>
                    </content>
                    <posx>20</posx>
                    <posy>50</posy>
                    <width>250</width>
                    <height>270</height>
                    <itemgap>5</itemgap>
                    <ondown>1000</ondown>
                    <scrolltime>200</scrolltime>
                    <visible>StringCompare(Window.Property(CurrentMapList),3)</visible>
                    <itemlayout height="29">
                        <visible>!IsEmpty(ListItem.Label)</visible>
                        <control type="image">
                            <texture>input-nofocus.png</texture>
                            <include>Script.TWC.MapList.Row</include>
                        </control>
                        <control type="label">
                            <posx>3</posx>
                            <include>Script.TWC.MapList.Row</include>
                            <info>ListItem.Label</info>
                        </control>
                    </itemlayout>
                    <focusedlayout height="29">
                        <visible>!IsEmpty(ListItem.Label)</visible>
                        <control type="image">
                            <texture>input-nofocus.png</texture>
                            <include>Script.TWC.MapList.Row</include>
                            <visible>!Control.HasFocus(1200)</visible>
                        </control>
                        <control type="image">
                            <include>Script.TWC.MapList.Row</include>
                            <visible>Control.HasFocus(1200)</visible>
                        </control>
                        <control type="label">
                            <posx>3</posx>
                            <include>Script.TWC.MapList.Row</include>
                            <info>ListItem.Label</info>
                        </control>
                    </focusedlayout>
                </control>




            
            </control>
            <!-- Map Multiimage -->
            <control type="multiimage">
                <description>maps multiimage</description>
                <posx>287</posx>
                <posy>17</posy>
                <width>420</width>
                <height>300</height>
                <info>Window.Property(MapPath)</info>
                <timeperimage>500</timeperimage>
                <pauseatend>1000</pauseatend>
                <fadetime>0</fadetime>
                <randomize>false</randomize>
                <loop>yes</loop>
                <aspectratio>keep</aspectratio>
                <aligny>center</aligny>
                <!-- animation is used for zooming map -->
                <animation effect="zoom" reversible="true" center="678,215" start="100" end="173" time="100" condition="!IsEmpty(Window.Property(ZoomMap))">Conditional</animation>
            </control>
            <!-- Toggle map button -->
            <control type="button">
                <description>Toggle button</description>
                <posx>5</posx>
                <posy>-130</posy>
                <width>720</width>
                <height>526</height>
                <label></label>
                <texturenofocus>-</texturenofocus>
                <texturefocus>-</texturefocus>
                <onclick>SetProperty(ZoomMap,)</onclick>
                <visible>!IsEmpty(Window.Property(ZoomMap))</visible>
            </control>
            <!-- Toggle map button -->
            <control type="button">
                <description>Toggle button</description>
                <posx>287</posx>
                <posy>17</posy>
                <width>420</width>
                <height>300</height>
                <label></label>
                <texturenofocus>-</texturenofocus>
                <texturefocus>-</texturefocus>
                <onclick>SetProperty(ZoomMap,zoomed)</onclick>
                <visible>IsEmpty(Window.Property(ZoomMap))</visible>
            </control>
        </control>
    </include>
</includes>