<includes>
    <include name ="TWC.Weekend.Forecast">
        <!-- Weekend forecast section ** Required ** -->
        <control type="button" id="203">
            <description>Weekend Forecast Button</description>
            <posx>250</posx>
            <posy>115</posy>
            <width>100</width>
            <height>30</height>
            <align>center</align>
            <aligny>center</aligny>
            <label>$LOCALIZE[31203]</label>
            <font>font10</font>
            <textcolor>ffffffff</textcolor>
            <disabledcolor>60ffffff</disabledcolor>
            <pulseonselect>false</pulseonselect>
            <textoffsetx>17</textoffsetx>
            <texturenofocus border="10">tab-nofocus.png</texturenofocus>
            <texturefocus border="10">tab-focus.png</texturefocus>
            <onleft>202</onleft>
            <onright>204</onright>
            <onup>3000</onup>
            <ondown>3000</ondown>
            <onclick>SetProperty(CurrentView,203)</onclick>
        </control>
        <control type="image">
            <description>tab not selected</description>
            <posx>250</posx>
            <posy>115</posy>
            <width>100</width>
            <height>30</height>
            <texture border="10">tab-closed.png</texture>
            <aspectratio>stretch</aspectratio>
            <visible>!StringCompare(Window.Property(CurrentView),203) + ![StringCompare(Window.Property(CurrentView),206) + IsEmpty(Window.Property(Alerts)) + StringCompare(Skin.String(twc-defaultview),203)]</visible>
        </control>

        <control type="group">
            <posx>35</posx>
            <posy>150</posy>
            <visible>StringCompare(Window.Property(CurrentView),203) | [StringCompare(Window.Property(CurrentView),206) + IsEmpty(Window.Property(Alerts)) + StringCompare(Skin.String(twc-defaultview),203)]</visible>
            <animation effect="fade" reversible="true" time="300">VisibleChange</animation>
            <!-- Loading label used to inform user when fetching info -->
            <include>TWC.Loading.Label</include>
            <!-- Details toggle button -->
            <control type="button" id="302">
                <description>Details Button</description>
                <posx>575</posx>
                <posy>339</posy>
                <width>28</width>
                <height>28</height>
                <label> </label>
                <texturenofocus>details.png</texturenofocus>
                <texturefocus>details.png</texturefocus>
                <onclick>SetProperty(WeekendToggle,details)</onclick>
                <visible>[!IsEmpty(Window.Property(Weekend.1.Forecast)) | !IsEmpty(Window.Property(Weekend.2.Forecast)) | !IsEmpty(Window.Property(Weekend.3.Forecast))] + !IsEmpty(Window.Property(Weekend.3.Date)) + IsEmpty(Window.Property(WeekendToggle))</visible>
            </control>
            <!-- Outlook toggle button -->
            <control type="button" id="302">
                <description>Outlook Button</description>
                <posx>570</posx>
                <posy>335</posy>
                <width>32</width>
                <height>32</height>
                <label> </label>
                <texturenofocus>outlook.png</texturenofocus>
                <texturefocus>outlook.png</texturefocus>
                <onclick>SetProperty(WeekendToggle,)</onclick>
                <visible>[!IsEmpty(Window.Property(Weekend.1.Forecast)) | !IsEmpty(Window.Property(Weekend.2.Forecast)) | !IsEmpty(Window.Property(Weekend.3.Outlook))] + !IsEmpty(Window.Property(Weekend.3.Date)) + !IsEmpty(Window.Property(WeekendToggle))</visible>
            </control>

            <!-- Forecast main group -->
            <control type="group">
                <visible>!IsEmpty(Window.Property(Weekend.3.Date))</visible>
                <posx>230</posx>
                <posy>3</posy>
                <!-- Friday forecast -->
                <control type="group">
                    <posx>0</posx>
                    <posy>0</posy>
                    <include>Script.TWC.Column.Heading.BG.Standard</include>
                    <include>Script.TWC.Column.Forecast.BG.Standard</include>
                    <include>Script.TWC.Column.Outlook.BG.Standard</include>
                    <!-- Forecast day of week heading -->
                    <control type="label">
                        <description>heading</description>
                        <include>Script.TWC.Column.Heading.Standard</include>
                        <label>15</label>
                    </control>
                    <!-- Forecast date-->
                    <control type="label">
                        <description>heading date</description>
                        <include>Script.TWC.Column.Heading.Standard.Subtitle</include>
                        <info>Window.Property(Weekend.1.Date)</info>
                    </control>
                    <!-- Weather icon -->
                    <control type="image">
                        <description>forecast icon</description>
                        <include>Script.TWC.Column.OutlookIcon.Standard</include>
                        <info>Window.Property(Weekend.1.OutlookIcon)</info>
                    </control>
                    <!-- Brief weather outlook -->
                    <control type="label">
                        <description>brief label</description>
                        <include>Script.TWC.Column.Brief.Standard</include>
                        <info>Window.Property(Weekend.1.Outlook)</info>
                    </control>
                    <!-- Forecasted high temp -->
                    <control type="group">
                        <visible>!IsEmpty(Window.Property(Weekend.1.HighTemperature))</visible>
                        <control type="label">
                            <include>Script.TWC.Column.Info.Title.Top</include>
                            <label>393</label>
                        </control>
                        <control type="label">
                            <description>high temp</description>
                            <textcolor>red</textcolor>
                            <include>Script.TWC.Column.Info.Top</include>
                            <label>$INFO[Window.Property(Weekend.1.HighTemperature)]$INFO[System.TemperatureUnits]</label>
                        </control>
                    </control>
                        <!-- Forecasted low temp -->
                    <control type="group">
                        <visible>!IsEmpty(Window.Property(Weekend.1.LowTemperature))</visible>
                        <control type="label">
                            <include>Script.TWC.Column.Info.Title.Bottom</include>
                            <label>391</label>
                        </control>
                        <control type="label">
                            <description>low temp</description>
                            <textcolor>blue</textcolor>
                            <include>Script.TWC.Column.Info.Bottom</include>
                            <label>$INFO[Window.Property(Weekend.1.LowTemperature)]$INFO[System.TemperatureUnits]</label>
                        </control>
                    </control>
                    <!-- Forecasted precipitation -->
                    <control type="label">
                        <description>precip</description>
                        <label>$LOCALIZE[31502]: $INFO[Window.Property(Weekend.1.Precipitation)]$INFO[Window.Property(Weekend.1.ObservedPrecipitation)]</label>
                        <include>Script.TWC.Column.Extra</include>
                    </control>

                    <control type="group">
                        <posx>0</posx>
                        <posy>3</posy>
                        <!-- Details -->
                        <control type="group">
                            <visible>[!IsEmpty(Window.Property(WeekendToggle)) | IsEmpty(Window.Property(Weekend.1.Forecast))] + IsEmpty(Window.Property(Weekend.1.Observed))</visible>
                            <control type="textbox">
                                <description>details</description>
                                <label>$INFO[Window.Property(Weekend.1.Wind),$LOCALIZE[383]: ][CR]
                                $INFO[Window.Property(Weekend.1.UV),$LOCALIZE[403]: ][CR]
                                $INFO[Window.Property(Weekend.1.Humidity),$LOCALIZE[406]: ][CR]
                                $INFO[Window.Property(Weekend.1.Sunrise),$LOCALIZE[31500]: ]
                                $INFO[Window.Property(Weekend.1.Sunset),$LOCALIZE[31501]: ]</label>
                                <align>center</align>
                                <include>Script.TWC.Column.Outlook.Standard</include>
                            </control>
                        </control>

                        <!-- Observed, averages and records-->
                        <control type="group">
                            <visible>!IsEmpty(Window.Property(Weekend.1.Observed)) + !IsEmpty(Window.Property(WeekendToggle))</visible>
                            <!-- Averages and Records -->
                            <control type="textbox">
                                <label>$LOCALIZE[31503]: $INFO[Window.Property(Weekend.1.ObservedAvgHighTemperature)]$INFO[System.TemperatureUnits] [I]($INFO[Window.Property(Weekend.1.DepartureHigh)])[/I]
                                $LOCALIZE[31504]: $INFO[Window.Property(Weekend.1.ObservedAvgLowTemperature)]$INFO[System.TemperatureUnits] [I]($INFO[Window.Property(Weekend.1.DepartureLow)])[/I][CR]
                                $LOCALIZE[31505]: $INFO[Window.Property(Weekend.1.ObservedRecordHighTemperature)]$INFO[System.TemperatureUnits]
                                $LOCALIZE[31506]: $INFO[Window.Property(Weekend.1.ObservedRecordLowTemperature)]$INFO[System.TemperatureUnits][CR][CR]
                                [I]($LOCALIZE[31599])[/I]</label>
                                <align>center</align>
                                <include>Script.TWC.Column.Outlook.Standard</include>
                            </control>
                        </control>

                        <control type="group">
                            <!-- Forecast outlook-->
                            <control type="textbox">
                                <description>outlook</description>
                                <info>Window.Property(Weekend.1.Forecast)</info>
                                <visible>IsEmpty(Window.Property(WeekendToggle)) + !IsEmpty(Window.Property(Weekend.1.Date)) + [StringCompare(Window.Property(CurrentView),203) | [StringCompare(Window.Property(CurrentView),206) + IsEmpty(Window.Property(Alerts)) + StringCompare(Skin.String(twc-defaultview),203)]]</visible>
                                <include>Script.TWC.Column.Outlook.Standard</include>
                            </control>
                            <!-- departure -->
                            <control type="textbox">
                                <description>departure</description>
                                <label>$LOCALIZE[31598]:[CR]
                                    $LOCALIZE[393]: $INFO[Window.Property(Weekend.1.DepartureHighColorBegin)]$INFO[Window.Property(Weekend.1.DepartureHigh)]$INFO[System.TemperatureUnits]$INFO[Window.Property(Weekend.1.DepartureHighColorEnd)]
                                    $LOCALIZE[391]: $INFO[Window.Property(Weekend.1.DepartureLowColorBegin)]$INFO[Window.Property(Weekend.1.DepartureLow)]$INFO[System.TemperatureUnits]$INFO[Window.Property(Weekend.1.DepartureLowColorEnd)][CR][CR][CR]
                                    [I]($LOCALIZE[31599])[/I]</label>
                                <align>center</align>
                                <visible>IsEmpty(Window.Property(Weekend.1.Forecast)) + IsEmpty(Window.Property(WeekendToggle)) + !IsEmpty(Window.Property(Weekend.1.Date)) + [StringCompare(Window.Property(CurrentView),203) | [StringCompare(Window.Property(CurrentView),206) + IsEmpty(Window.Property(Alerts)) + StringCompare(Skin.String(twc-defaultview),203)]]</visible>
                                <include>Script.TWC.Column.Outlook.Standard</include>
                            </control>
                        </control>
                    </control>
                </control>

                <!-- Saturday forecast -->
                <control type="group">
                    <posx>160</posx>
                    <posy>0</posy>
                    <include>Script.TWC.Column.Heading.BG.Standard</include>
                    <include>Script.TWC.Column.Forecast.BG.Standard</include>
                    <include>Script.TWC.Column.Outlook.BG.Standard</include>
                    <!-- Forecast day of week heading -->
                    <control type="label">
                        <description>heading</description>
                        <include>Script.TWC.Column.Heading.Standard</include>
                        <label>16</label>
                    </control>
                    <!-- Forecast date-->
                    <control type="label">
                        <description>heading date</description>
                        <include>Script.TWC.Column.Heading.Standard.Subtitle</include>
                        <info>Window.Property(Weekend.2.Date)</info>
                    </control>
                    <!-- Weather icon -->
                    <control type="image">
                        <description>forecast icon</description>
                        <include>Script.TWC.Column.OutlookIcon.Standard</include>
                        <info>Window.Property(Weekend.2.OutlookIcon)</info>
                    </control>
                    <!-- Brief weather outlook -->
                    <control type="label">
                        <description>brief label</description>
                        <include>Script.TWC.Column.Brief.Standard</include>
                        <info>Window.Property(Weekend.2.Outlook)</info>
                    </control>
                    <!-- Forecasted high temp -->
                    <control type="group">
                        <visible>!IsEmpty(Window.Property(Weekend.2.HighTemperature))</visible>
                        <control type="label">
                            <include>Script.TWC.Column.Info.Title.Top</include>
                            <label>393</label>
                        </control>
                        <control type="label">
                            <description>high temp</description>
                            <textcolor>red</textcolor>
                            <include>Script.TWC.Column.Info.Top</include>
                            <label>$INFO[Window.Property(Weekend.2.HighTemperature)]$INFO[System.TemperatureUnits]</label>
                        </control>
                    </control>
                        <!-- Forecasted low temp -->
                    <control type="group">
                        <visible>!IsEmpty(Window.Property(Weekend.2.LowTemperature))</visible>
                        <control type="label">
                            <include>Script.TWC.Column.Info.Title.Bottom</include>
                            <label>391</label>
                        </control>
                        <control type="label">
                            <description>low temp</description>
                            <textcolor>blue</textcolor>
                            <include>Script.TWC.Column.Info.Bottom</include>
                            <label>$INFO[Window.Property(Weekend.2.LowTemperature)]$INFO[System.TemperatureUnits]</label>
                        </control>
                    </control>
                    <!-- Forecasted precipitation -->
                    <control type="label">
                        <description>precip</description>
                        <label>$LOCALIZE[31502]: $INFO[Window.Property(Weekend.2.Precipitation)]$INFO[Window.Property(Weekend.2.ObservedPrecipitation)]</label>
                        <include>Script.TWC.Column.Extra</include>
                    </control>

                    <control type="group">
                        <posx>0</posx>
                        <posy>3</posy>
                        <!-- Details -->
                        <control type="group">
                            <visible>[!IsEmpty(Window.Property(WeekendToggle)) | IsEmpty(Window.Property(Weekend.2.Forecast))] + IsEmpty(Window.Property(Weekend.2.Observed))</visible>
                            <control type="textbox">
                                <description>details</description>
                                <label>$INFO[Window.Property(Weekend.2.Wind),$LOCALIZE[383]: ][CR]
                                $INFO[Window.Property(Weekend.2.UV),$LOCALIZE[403]: ][CR]
                                $INFO[Window.Property(Weekend.2.Humidity),$LOCALIZE[406]: ][CR]
                                $INFO[Window.Property(Weekend.2.Sunrise),$LOCALIZE[31500]: ]
                                $INFO[Window.Property(Weekend.2.Sunset),$LOCALIZE[31501]: ]</label>
                                <align>center</align>
                                <include>Script.TWC.Column.Outlook.Standard</include>
                            </control>
                        </control>

                        <!-- Observed, averages and records-->
                        <control type="group">
                            <visible>!IsEmpty(Window.Property(Weekend.2.Observed)) + !IsEmpty(Window.Property(WeekendToggle))</visible>
                            <!-- Averages and Records -->
                            <control type="textbox">
                                <label>$LOCALIZE[31503]: $INFO[Window.Property(Weekend.2.ObservedAvgHighTemperature)]$INFO[System.TemperatureUnits] [I]($INFO[Window.Property(Weekend.2.DepartureHigh)])[/I]
                                $LOCALIZE[31504]: $INFO[Window.Property(Weekend.2.ObservedAvgLowTemperature)]$INFO[System.TemperatureUnits] [I]($INFO[Window.Property(Weekend.2.DepartureLow)])[/I][CR]
                                $LOCALIZE[31505]: $INFO[Window.Property(Weekend.2.ObservedRecordHighTemperature)]$INFO[System.TemperatureUnits]
                                $LOCALIZE[31506]: $INFO[Window.Property(Weekend.2.ObservedRecordLowTemperature)]$INFO[System.TemperatureUnits][CR][CR]
                                [I]($LOCALIZE[31599])[/I]</label>
                                <align>center</align>
                                <include>Script.TWC.Column.Outlook.Standard</include>
                            </control>
                        </control>

                        <control type="group">
                            <!-- Forecast outlook-->
                            <control type="textbox">
                                <description>outlook</description>
                                <info>Window.Property(Weekend.2.Forecast)</info>
                                <visible>IsEmpty(Window.Property(WeekendToggle)) + !IsEmpty(Window.Property(Weekend.2.Date)) + [StringCompare(Window.Property(CurrentView),203) | [StringCompare(Window.Property(CurrentView),206) + IsEmpty(Window.Property(Alerts)) + StringCompare(Skin.String(twc-defaultview),203)]]</visible>
                                <include>Script.TWC.Column.Outlook.Standard</include>
                            </control>
                            <!-- departure -->
                            <control type="textbox">
                                <description>departure</description>
                                <label>$LOCALIZE[31598]:[CR]
                                    $LOCALIZE[393]: $INFO[Window.Property(Weekend.2.DepartureHighColorBegin)]$INFO[Window.Property(Weekend.2.DepartureHigh)]$INFO[System.TemperatureUnits]$INFO[Window.Property(Weekend.2.DepartureHighColorEnd)]
                                    $LOCALIZE[391]: $INFO[Window.Property(Weekend.2.DepartureLowColorBegin)]$INFO[Window.Property(Weekend.2.DepartureLow)]$INFO[System.TemperatureUnits]$INFO[Window.Property(Weekend.2.DepartureLowColorEnd)][CR][CR][CR]
                                    [I]($LOCALIZE[31599])[/I]</label>
                                <align>center</align>
                                <visible>IsEmpty(Window.Property(Weekend.2.Forecast)) + IsEmpty(Window.Property(WeekendToggle)) + !IsEmpty(Window.Property(Weekend.2.Date)) + [StringCompare(Window.Property(CurrentView),203) | [StringCompare(Window.Property(CurrentView),206) + IsEmpty(Window.Property(Alerts)) + StringCompare(Skin.String(twc-defaultview),203)]]</visible>
                                <include>Script.TWC.Column.Outlook.Standard</include>
                            </control>
                        </control>
                    </control>
                </control>

                <!-- Sunday forecast -->
                <control type="group">
                    <posx>320</posx>
                    <posy>0</posy>
                    <include>Script.TWC.Column.Heading.BG.Standard</include>
                    <include>Script.TWC.Column.Forecast.BG.Standard</include>
                    <include>Script.TWC.Column.Outlook.BG.Standard</include>
                    <!-- Forecast day of week heading -->
                    <control type="label">
                        <description>heading</description>
                        <include>Script.TWC.Column.Heading.Standard</include>
                        <label>17</label>
                    </control>
                    <!-- Forecast date-->
                    <control type="label">
                        <description>heading date</description>
                        <include>Script.TWC.Column.Heading.Standard.Subtitle</include>
                        <info>Window.Property(Weekend.3.Date)</info>
                    </control>
                    <!-- Weather icon -->
                    <control type="image">
                        <description>forecast icon</description>
                        <include>Script.TWC.Column.OutlookIcon.Standard</include>
                        <info>Window.Property(Weekend.3.OutlookIcon)</info>
                    </control>
                    <!-- Brief weather outlook -->
                    <control type="label">
                        <description>brief label</description>
                        <include>Script.TWC.Column.Brief.Standard</include>
                        <info>Window.Property(Weekend.3.Outlook)</info>
                    </control>
                    <!-- Forecasted high temp -->
                    <control type="group">
                        <visible>!IsEmpty(Window.Property(Weekend.3.HighTemperature))</visible>
                        <control type="label">
                            <include>Script.TWC.Column.Info.Title.Top</include>
                            <label>393</label>
                        </control>
                        <control type="label">
                            <description>high temp</description>
                            <textcolor>red</textcolor>
                            <include>Script.TWC.Column.Info.Top</include>
                            <label>$INFO[Window.Property(Weekend.3.HighTemperature)]$INFO[System.TemperatureUnits]</label>
                        </control>
                    </control>
                        <!-- Forecasted low temp -->
                    <control type="group">
                        <visible>!IsEmpty(Window.Property(Weekend.3.LowTemperature))</visible>
                        <control type="label">
                            <include>Script.TWC.Column.Info.Title.Bottom</include>
                            <label>391</label>
                        </control>
                        <control type="label">
                            <description>low temp</description>
                            <textcolor>blue</textcolor>
                            <include>Script.TWC.Column.Info.Bottom</include>
                            <label>$INFO[Window.Property(Weekend.3.LowTemperature)]$INFO[System.TemperatureUnits]</label>
                        </control>
                    </control>
                    <!-- Forecasted precipitation -->
                    <control type="label">
                        <description>precip</description>
                        <label>$LOCALIZE[31502]: $INFO[Window.Property(Weekend.3.Precipitation)]$INFO[Window.Property(Weekend.3.ObservedPrecipitation)]</label>
                        <include>Script.TWC.Column.Extra</include>
                    </control>

                    <control type="group">
                        <posx>0</posx>
                        <posy>3</posy>
                        <!-- Details -->
                        <control type="group">
                            <visible>[!IsEmpty(Window.Property(WeekendToggle)) | IsEmpty(Window.Property(Weekend.3.Forecast))] + IsEmpty(Window.Property(Weekend.3.Observed))</visible>
                            <control type="textbox">
                                <description>details</description>
                                <label>$INFO[Window.Property(Weekend.3.Wind),$LOCALIZE[383]: ][CR]
                                $INFO[Window.Property(Weekend.3.UV),$LOCALIZE[403]: ][CR]
                                $INFO[Window.Property(Weekend.3.Humidity),$LOCALIZE[406]: ][CR]
                                $INFO[Window.Property(Weekend.3.Sunrise),$LOCALIZE[31500]: ]
                                $INFO[Window.Property(Weekend.3.Sunset),$LOCALIZE[31501]: ]</label>
                                <align>center</align>
                                <include>Script.TWC.Column.Outlook.Standard</include>
                            </control>
                        </control>

                        <!-- Observed, averages and records-->
                        <control type="group">
                            <visible>!IsEmpty(Window.Property(Weekend.3.Observed)) + !IsEmpty(Window.Property(WeekendToggle))</visible>
                            <!-- Averages and Records -->
                            <control type="textbox">
                                <label>$LOCALIZE[31503]: $INFO[Window.Property(Weekend.3.ObservedAvgHighTemperature)]$INFO[System.TemperatureUnits] [I]($INFO[Window.Property(Weekend.3.DepartureHigh)])[/I]
                                $LOCALIZE[31504]: $INFO[Window.Property(Weekend.3.ObservedAvgLowTemperature)]$INFO[System.TemperatureUnits] [I]($INFO[Window.Property(Weekend.3.DepartureLow)])[/I][CR]
                                $LOCALIZE[31505]: $INFO[Window.Property(Weekend.3.ObservedRecordHighTemperature)]$INFO[System.TemperatureUnits]
                                $LOCALIZE[31506]: $INFO[Window.Property(Weekend.3.ObservedRecordLowTemperature)]$INFO[System.TemperatureUnits][CR][CR]
                                [I]($LOCALIZE[31599])[/I]</label>
                                <align>center</align>
                                <include>Script.TWC.Column.Outlook.Standard</include>
                            </control>
                        </control>

                        <control type="group">
                            <!-- Forecast outlook-->
                            <control type="textbox">
                                <description>outlook</description>
                                <info>Window.Property(Weekend.3.Forecast)</info>
                                <visible>IsEmpty(Window.Property(WeekendToggle)) + !IsEmpty(Window.Property(Weekend.3.Date)) + [StringCompare(Window.Property(CurrentView),203) | [StringCompare(Window.Property(CurrentView),206) + IsEmpty(Window.Property(Alerts)) + StringCompare(Skin.String(twc-defaultview),203)]]</visible>
                                <include>Script.TWC.Column.Outlook.Standard</include>
                            </control>
                            <!-- departure -->
                            <control type="textbox">
                                <description>departure</description>
                                <label>$LOCALIZE[31598]:[CR]
                                    $LOCALIZE[393]: $INFO[Window.Property(Weekend.3.DepartureHighColorBegin)]$INFO[Window.Property(Weekend.3.DepartureHigh)]$INFO[System.TemperatureUnits]$INFO[Window.Property(Weekend.3.DepartureHighColorEnd)]
                                    $LOCALIZE[391]: $INFO[Window.Property(Weekend.3.DepartureLowColorBegin)]$INFO[Window.Property(Weekend.3.DepartureLow)]$INFO[System.TemperatureUnits]$INFO[Window.Property(Weekend.3.DepartureLowColorEnd)][CR][CR][CR]
                                    [I]($LOCALIZE[31599])[/I]</label>
                                <align>center</align>
                                <visible>IsEmpty(Window.Property(Weekend.3.Forecast)) + IsEmpty(Window.Property(WeekendToggle)) + !IsEmpty(Window.Property(Weekend.3.Date)) + [StringCompare(Window.Property(CurrentView),203) | [StringCompare(Window.Property(CurrentView),206) + IsEmpty(Window.Property(Alerts)) + StringCompare(Skin.String(twc-defaultview),203)]]</visible>
                                <include>Script.TWC.Column.Outlook.Standard</include>
                            </control>
                        </control>
                    </control>
                </control>

            </control>
        </control>
    </include>
</includes>
