<includes>
    <include name="TWC.36Hour.Forecast">
        <control type="button" id="200">
            <description>36 Hour Forecast Button</description>
            <posx>50</posx>
            <posy>115</posy>
            <width>100</width>
            <height>30</height>
            <align>center</align>
            <aligny>center</aligny>
            <label>$LOCALIZE[31200]</label>
            <font>font10</font>
            <textcolor>ffffffff</textcolor>
            <disabledcolor>60ffffff</disabledcolor>
            <pulseonselect>false</pulseonselect>
            <textoffsetx>17</textoffsetx>
            <texturenofocus border="10">tab-nofocus.png</texturenofocus>
            <texturefocus border="10">tab-focus.png</texturefocus>
            <onleft>205</onleft>
            <onright>202</onright>
            <onup>3000</onup>
            <ondown>3000</ondown>
            <onclick>SetProperty(CurrentView,200)</onclick>
        </control>
        <control type="image">
            <description>tab1 not selected</description>
            <posx>50</posx>
            <posy>115</posy>
            <width>100</width>
            <height>30</height>
            <texture border="10">tab-closed.png</texture>
            <aspectratio>stretch</aspectratio>
            <visible>!StringCompare(Window.Property(CurrentView),200) + ![StringCompare(Window.Property(CurrentView),206) + IsEmpty(Window.Property(Alerts)) + StringCompare(Skin.String(twc-defaultview),200)]</visible>
        </control>

        <!-- 36 Hour forecast section ** Required ** -->
        <control type="group">
            <posx>35</posx>
            <posy>150</posy>
            <visible>StringCompare(Window.Property(CurrentView),200) | [StringCompare(Window.Property(CurrentView),206) + IsEmpty(Window.Property(Alerts)) + StringCompare(Skin.String(twc-defaultview),200)]</visible>
            <animation effect="fade" reversible="true" time="300">VisibleChange</animation>
            <!-- Loading label used to inform user when fetching info -->
            <include>TWC.Loading.Label</include>
            <!-- Forecast main group -->
            <control type="group">
                <visible>!IsEmpty(Window.Property(36Hour.3.Heading))</visible>
                <posx>230</posx>
                <posy>3</posy>
                <!-- First 12 hour forecast -->
                <control type="group">
                    <posx>0</posx>
                    <posy>0</posy>
                    <!-- Heading background -->
                    <include>Script.TWC.Column.Heading.BG.Standard</include>
                    <!-- Heading title -->
                    <control type="label">
                        <include>Script.TWC.Column.Heading.Standard</include>
                        <info>Window.Property(36Hour.1.Heading)</info>
                    </control>
                    <!-- Forecast background -->
                    <include>Script.TWC.Column.Forecast.BG.Standard</include>
                    <!-- Weather icon -->
                    <control type="image">
                        <include>Script.TWC.Column.OutlookIcon.Standard</include>
                        <info>Window.Property(36Hour.1.OutlookIcon)</info>
                    </control>
                    <!-- Brief weather outlook -->
                    <control type="label">
                        <include>Script.TWC.Column.Brief.Standard</include>
                        <info>Window.Property(36Hour.1.Outlook)</info>
                    </control>
                    <!-- Forecasted temperature heading -->
                    <control type="label">
                        <include>Script.TWC.Column.Info.Title.Top</include>
                        <info>Window.Property(36Hour.1.TemperatureHeading)</info>
                    </control>
                    <!-- Forecasted temperature -->
                    <control type="label">
                        <include>Script.TWC.Column.Info.Top</include>
                        <label>$INFO[Window.Property(36Hour.1.TemperatureColor)]$INFO[Window.Property(36Hour.1.Temperature)]$INFO[System.TemperatureUnits][/COLOR]</label>
                    </control>
                    <!-- Forecasted precipitation title -->
                    <control type="label">
                        <include>Script.TWC.Column.Info.Title.Bottom</include>
                        <label>$LOCALIZE[31502]</label>
                    </control>
                    <!-- Forecasted precipitation -->
                    <control type="label">
                        <include>Script.TWC.Column.Info.Bottom</include>
                        <info>Window.Property(36Hour.1.Precipitation)</info>
                    </control>
                    <!-- Forecast background -->
                    <include>Script.TWC.Column.Outlook.BG.Standard</include>
                    <!-- Forecast -->
                    <control type="textbox">
                        <include>Script.TWC.Column.Outlook.Standard</include>
                        <info>Window.Property(36Hour.1.Forecast)</info>
                        <visible>!IsEmpty(Window.Property(36Hour.1.Heading)) + [StringCompare(Window.Property(CurrentView),200) | [StringCompare(Window.Property(CurrentView),206) + IsEmpty(Window.Property(Alerts)) + StringCompare(Skin.String(twc-defaultview),200)]]</visible>
                    </control>
                    <!-- Sunrise/Sunset -->
                    <control type="label">
                        <include>Script.TWC.Column.Extra</include>
                        <label>$INFO[Window.Property(36Hour.1.DaylightTitle)]: $INFO[Window.Property(36Hour.1.DaylightTime)]</label>
                    </control>
                </control>
                <!-- Second 12 hour forecast -->
                <control type="group">
                    <posx>160</posx>
                    <posy>0</posy>
                    <!-- Heading background -->
                    <include>Script.TWC.Column.Heading.BG.Standard</include>
                    <!-- Heading title -->
                    <control type="label">
                        <include>Script.TWC.Column.Heading.Standard</include>
                        <info>Window.Property(36Hour.2.Heading)</info>
                    </control>
                    <!-- Forecast background -->
                    <include>Script.TWC.Column.Forecast.BG.Standard</include>
                    <!-- Weather icon -->
                    <control type="image">
                        <include>Script.TWC.Column.OutlookIcon.Standard</include>
                        <info>Window.Property(36Hour.2.OutlookIcon)</info>
                    </control>
                    <!-- Brief weather outlook -->
                    <control type="label">
                        <include>Script.TWC.Column.Brief.Standard</include>
                        <info>Window.Property(36Hour.2.Outlook)</info>
                    </control>
                    <!-- Forecasted temperature heading -->
                    <control type="label">
                        <include>Script.TWC.Column.Info.Title.Top</include>
                        <info>Window.Property(36Hour.2.TemperatureHeading)</info>
                    </control>
                    <!-- Forecasted temperature -->
                    <control type="label">
                        <include>Script.TWC.Column.Info.Top</include>
                        <label>$INFO[Window.Property(36Hour.2.TemperatureColor)]$INFO[Window.Property(36Hour.2.Temperature)]$INFO[System.TemperatureUnits][/COLOR]</label>
                    </control>
                    <!-- Forecasted precipitation title -->
                    <control type="label">
                        <include>Script.TWC.Column.Info.Title.Bottom</include>
                        <label>$LOCALIZE[31502]</label>
                    </control>
                    <!-- Forecasted precipitation -->
                    <control type="label">
                        <include>Script.TWC.Column.Info.Bottom</include>
                        <info>Window.Property(36Hour.2.Precipitation)</info>
                    </control>
                    <!-- Forecast background -->
                    <include>Script.TWC.Column.Outlook.BG.Standard</include>
                    <!-- Forecast -->
                    <control type="textbox">
                        <include>Script.TWC.Column.Outlook.Standard</include>
                        <info>Window.Property(36Hour.2.Forecast)</info>
                        <visible>!IsEmpty(Window.Property(36Hour.2.Heading)) + [StringCompare(Window.Property(CurrentView),200) | [StringCompare(Window.Property(CurrentView),206) + IsEmpty(Window.Property(Alerts)) + StringCompare(Skin.String(twc-defaultview),200)]]</visible>
                    </control>
                    <!-- Sunrise/Sunset -->
                    <control type="label">
                        <include>Script.TWC.Column.Extra</include>
                        <label>$INFO[Window.Property(36Hour.2.DaylightTitle)]: $INFO[Window.Property(36Hour.2.DaylightTime)]</label>
                    </control>
                </control>
                <!-- Third 12 hour forecast -->
                <control type="group">
                    <posx>320</posx>
                    <posy>0</posy>
                    <!-- Heading background -->
                    <include>Script.TWC.Column.Heading.BG.Standard</include>
                    <!-- Heading title -->
                    <control type="label">
                        <include>Script.TWC.Column.Heading.Standard</include>
                        <info>Window.Property(36Hour.3.Heading)</info>
                    </control>
                    <!-- Forecast background -->
                    <include>Script.TWC.Column.Forecast.BG.Standard</include>
                    <!-- Weather icon -->
                    <control type="image">
                        <include>Script.TWC.Column.OutlookIcon.Standard</include>
                        <info>Window.Property(36Hour.3.OutlookIcon)</info>
                    </control>
                    <!-- Brief weather outlook -->
                    <control type="label">
                        <include>Script.TWC.Column.Brief.Standard</include>
                        <info>Window.Property(36Hour.3.Outlook)</info>
                    </control>
                    <!-- Forecasted temperature heading -->
                    <control type="label">
                        <include>Script.TWC.Column.Info.Title.Top</include>
                        <info>Window.Property(36Hour.3.TemperatureHeading)</info>
                    </control>
                    <!-- Forecasted temperature -->
                    <control type="label">
                        <include>Script.TWC.Column.Info.Top</include>
                        <label>$INFO[Window.Property(36Hour.3.TemperatureColor)]$INFO[Window.Property(36Hour.3.Temperature)]$INFO[System.TemperatureUnits][/COLOR]</label>
                    </control>
                    <!-- Forecasted precipitation title -->
                    <control type="label">
                        <include>Script.TWC.Column.Info.Title.Bottom</include>
                        <label>$LOCALIZE[31502]</label>
                    </control>
                    <!-- Forecasted precipitation -->
                    <control type="label">
                        <include>Script.TWC.Column.Info.Bottom</include>
                        <info>Window.Property(36Hour.3.Precipitation)</info>
                    </control>
                    <!-- Forecast background -->
                    <include>Script.TWC.Column.Outlook.BG.Standard</include>
                    <!-- Forecast -->
                    <control type="textbox">
                        <include>Script.TWC.Column.Outlook.Standard</include>
                        <info>Window.Property(36Hour.3.Forecast)</info>
                        <visible>!IsEmpty(Window.Property(36Hour.3.Heading)) + [StringCompare(Window.Property(CurrentView),200) | [StringCompare(Window.Property(CurrentView),206) + IsEmpty(Window.Property(Alerts)) + StringCompare(Skin.String(twc-defaultview),200)]]</visible>
                    </control>
                    <!-- Sunrise/Sunset -->
                    <control type="label">
                        <include>Script.TWC.Column.Extra</include>
                        <label>$INFO[Window.Property(36Hour.3.DaylightTitle)]: $INFO[Window.Property(36Hour.3.DaylightTime)]</label>
                    </control>
                </control>
            </control>
        </control>
    </include>
</includes>