<includes>
    <include name="TWC.10Day.Forecast">
        <control type="button" id="204">
            <description>10 Day Forecast Button</description>
            <posx>350</posx>
            <posy>115</posy>
            <width>100</width>
            <height>30</height>
            <align>center</align>
            <aligny>center</aligny>
            <label>$LOCALIZE[31204]</label>
            <font>font10</font>
            <textcolor>ffffffff</textcolor>
            <disabledcolor>60ffffff</disabledcolor>
            <pulseonselect>false</pulseonselect>
            <textoffsetx>17</textoffsetx>
            <texturenofocus border="10">tab-nofocus.png</texturenofocus>
            <texturefocus border="10">tab-focus.png</texturefocus>
            <onleft>203</onleft>
            <onright>201</onright>
            <onup>3000</onup>
            <ondown>3000</ondown>
            <onclick>SetProperty(CurrentView,204)</onclick>
        </control>
        <control type="image">
            <description>tab not selected</description>
            <posx>350</posx>
            <posy>115</posy>
            <width>100</width>
            <height>30</height>
            <texture border="10">tab-closed.png</texture>
            <aspectratio>stretch</aspectratio>
            <visible>!StringCompare(Window.Property(CurrentView),204) + ![StringCompare(Window.Property(CurrentView),206) + IsEmpty(Window.Property(Alerts)) + StringCompare(Skin.String(twc-defaultview),204)]</visible>
        </control>

        <control type="group">
            <posx>35</posx>
            <posy>150</posy>
            <visible>StringCompare(Window.Property(CurrentView),204) | [StringCompare(Window.Property(CurrentView),206) + IsEmpty(Window.Property(Alerts)) + StringCompare(Skin.String(twc-defaultview),204)]</visible>
            <animation effect="fade" reversible="true" time="300">VisibleChange</animation>
            <!-- Loading label used to inform user when fetching info -->
            <include>TWC.Loading.Label</include>
            <!-- Forecast group -->
            <control type="group">
                <posx>230</posx>
                <posy>3</posy>
                <visible>!IsEmpty(Window.Property(Daily.Heading1))</visible>
                <!-- heading group -->
                <control type="group">
                    <posx>12</posx>
                    <posy>0</posy>
                    <control type="image">
                        <description>Background</description>
                        <posx>0</posx>
                        <posy>0</posy>
                        <height>35</height>
                        <include>Script.TWC.List.Dimensions</include>
                        <texture border="10">section-rounded-top.png</texture>
                    </control>
                    <!-- Date heading -->
                    <control type="label">
                        <posy>0</posy>
                        <height>35</height>
                        <include>Script.TWC.List.Column1</include>
                        <info>Window.Property(Daily.Heading1)</info>
                    </control>
                    <!-- Condition heading -->
                    <control type="label">
                        <posy>0</posy>
                        <height>35</height>
                        <include>Script.TWC.List.Column2</include>
                        <info>Window.Property(Daily.Heading2)</info>
                    </control>
                    <!-- High Low heading -->
                    <control type="label">
                        <posy>0</posy>
                        <height>35</height>
                        <include>Script.TWC.List.Column3</include>
                        <label>[COLOR=red]$INFO[Window.Property(Daily.Heading3)] $INFO[System.TemperatureUnits][/COLOR]&#10;[COLOR=blue]$INFO[Window.Property(Daily.Heading4)] $INFO[System.TemperatureUnits][/COLOR]</label>
                    </control>
                    <!-- Chance of precipitation heading -->
                    <control type="label">
                        <posy>0</posy>
                        <height>35</height>
                        <include>Script.TWC.List.Column4</include>
                        <info>Window.Property(Daily.Heading5)</info>
                    </control>
                    <!-- Wind heading -->
                    <control type="label">
                        <posy>0</posy>
                        <height>35</height>
                        <include>Script.TWC.List.Column5</include>
                        <info>Window.Property(Daily.Heading6)</info>
                    </control>
                </control>


                <!-- Forecast grouplist -->
                <control type="grouplist" id="600">
                    <onleft>6000</onleft>
                    <onright>6000</onright>
                    <onup>2000</onup>
                    <ondown>600</ondown>
                    <include>Script.TWC.List.Dimensions</include>

                    <control type="group">
                        <visible>!IsEmpty(Window.Property(Daily.1.Date))</visible>
                        <include>Script.TWC.List.Row.Dimensions</include>
                        <control type="button" id="601">
                            <onup>2000</onup>
                            <ondown>602</ondown>
                            <onleft>2000</onleft>
                            <onright>2000</onright>
                            <include>Script.TWC.List.Row.Dimensions</include>
                            <include>Script.TWC.List.Row.Textures</include>
                        </control>
                        <control type="label">
                            <include>Script.TWC.List.Column1</include>
                            <label>$INFO[Window.Property(Daily.1.ShortDay)]&#10;$INFO[Window.Property(Daily.1.Date)]</label>
                        </control>
                        <control type="image">
                            <posy>2</posy>
                            <include>Script.TWC.List.Column2</include>
                            <texture>contentpanel.png</texture>
                        </control>
                        <control type="image">
                            <include>Script.TWC.List.Column2a</include>
                            <info>Window.Property(Daily.1.OutlookIcon)</info>
                        </control>
                        <control type="label">
                            <include>Script.TWC.List.Column2b</include>
                            <info>Window.Property(Daily.1.Outlook)</info>
                        </control>
                        <control type="label">
                            <include>Script.TWC.List.Column3</include>
                            <label>[COLOR=red]$INFO[Window.Property(Daily.1.HighTemperature)]&#xb0;[/COLOR]&#10;[COLOR=blue]$INFO[Window.Property(Daily.1.LowTemperature)]&#xb0;[/COLOR]</label>
                        </control>
                        <control type="label">
                            <include>Script.TWC.List.Column4</include>
                            <label>$INFO[Window.Property(Daily.1.Precipitation)]&#37;</label>
                        </control>
                        <control type="label">
                            <include>Script.TWC.List.Column5</include>
                            <label>$INFO[Window.Property(Daily.1.WindDirection)]&#10;$INFO[Window.Property(Daily.1.WindSpeed)]</label>
                        </control>
                    </control>
<!---->
                    <control type="group">
                        <visible>!IsEmpty(Window.Property(Daily.2.Date))</visible>
                        <include>Script.TWC.List.Row.Dimensions</include>
                        <control type="button" id="602">
                            <onup>601</onup>
                            <ondown>603</ondown>
                            <onleft>2000</onleft>
                            <onright>2000</onright>
                            <include>Script.TWC.List.Row.Dimensions</include>
                            <include>Script.TWC.List.Row.Textures</include>
                        </control>
                        <control type="label">
                            <include>Script.TWC.List.Column1</include>
                            <label>$INFO[Window.Property(Daily.2.ShortDay)]&#10;$INFO[Window.Property(Daily.2.Date)]</label>
                        </control>
                        <control type="image">
                            <posy>2</posy>
                            <include>Script.TWC.List.Column2</include>
                            <texture>contentpanel.png</texture>
                        </control>
                        <control type="image">
                            <include>Script.TWC.List.Column2a</include>
                            <info>Window.Property(Daily.2.OutlookIcon)</info>
                        </control>
                        <control type="label">
                            <include>Script.TWC.List.Column2b</include>
                            <info>Window.Property(Daily.2.Outlook)</info>
                        </control>
                        <control type="label">
                            <include>Script.TWC.List.Column3</include>
                            <label>[COLOR=red]$INFO[Window.Property(Daily.2.HighTemperature)]&#xb0;[/COLOR]&#10;[COLOR=blue]$INFO[Window.Property(Daily.2.LowTemperature)]&#xb0;[/COLOR]</label>
                        </control>
                        <control type="label">
                            <include>Script.TWC.List.Column4</include>
                            <label>$INFO[Window.Property(Daily.2.Precipitation)]&#37;</label>
                        </control>
                        <control type="label">
                            <include>Script.TWC.List.Column5</include>
                            <label>$INFO[Window.Property(Daily.2.WindDirection)]&#10;$INFO[Window.Property(Daily.2.WindSpeed)]</label>
                        </control>
                    </control>
<!---->
                    <control type="group">
                        <visible>!IsEmpty(Window.Property(Daily.3.Date))</visible>
                        <include>Script.TWC.List.Row.Dimensions</include>
                        <control type="button" id="603">
                            <onup>602</onup>
                            <ondown>604</ondown>
                            <onleft>2000</onleft>
                            <onright>2000</onright>
                            <include>Script.TWC.List.Row.Dimensions</include>
                            <include>Script.TWC.List.Row.Textures</include>
                        </control>
                        <control type="label">
                            <include>Script.TWC.List.Column1</include>
                            <label>$INFO[Window.Property(Daily.3.ShortDay)]&#10;$INFO[Window.Property(Daily.3.Date)]</label>
                        </control>
                        <control type="image">
                            <posy>2</posy>
                            <include>Script.TWC.List.Column2</include>
                            <texture>contentpanel.png</texture>
                        </control>
                        <control type="image">
                            <include>Script.TWC.List.Column2a</include>
                            <info>Window.Property(Daily.3.OutlookIcon)</info>
                        </control>
                        <control type="label">
                            <include>Script.TWC.List.Column2b</include>
                            <info>Window.Property(Daily.3.Outlook)</info>
                        </control>
                        <control type="label">
                            <include>Script.TWC.List.Column3</include>
                            <label>[COLOR=red]$INFO[Window.Property(Daily.3.HighTemperature)]&#xb0;[/COLOR]&#10;[COLOR=blue]$INFO[Window.Property(Daily.3.LowTemperature)]&#xb0;[/COLOR]</label>
                        </control>
                        <control type="label">
                            <include>Script.TWC.List.Column4</include>
                            <label>$INFO[Window.Property(Daily.3.Precipitation)]&#37;</label>
                        </control>
                        <control type="label">
                            <include>Script.TWC.List.Column5</include>
                            <label>$INFO[Window.Property(Daily.3.WindDirection)]&#10;$INFO[Window.Property(Daily.3.WindSpeed)]</label>
                        </control>
                    </control>
<!---->
                    <control type="group">
                        <visible>!IsEmpty(Window.Property(Daily.4.Date))</visible>
                        <include>Script.TWC.List.Row.Dimensions</include>
                        <control type="button" id="604">
                            <onup>603</onup>
                            <ondown>605</ondown>
                            <onleft>2000</onleft>
                            <onright>2000</onright>
                            <include>Script.TWC.List.Row.Dimensions</include>
                            <include>Script.TWC.List.Row.Textures</include>
                        </control>
                        <control type="label">
                            <include>Script.TWC.List.Column1</include>
                            <label>$INFO[Window.Property(Daily.4.ShortDay)]&#10;$INFO[Window.Property(Daily.4.Date)]</label>
                        </control>
                        <control type="image">
                            <posy>2</posy>
                            <include>Script.TWC.List.Column2</include>
                            <texture>contentpanel.png</texture>
                        </control>
                        <control type="image">
                            <include>Script.TWC.List.Column2a</include>
                            <info>Window.Property(Daily.4.OutlookIcon)</info>
                        </control>
                        <control type="label">
                            <include>Script.TWC.List.Column2b</include>
                            <info>Window.Property(Daily.4.Outlook)</info>
                        </control>
                        <control type="label">
                            <include>Script.TWC.List.Column3</include>
                            <label>[COLOR=red]$INFO[Window.Property(Daily.4.HighTemperature)]&#xb0;[/COLOR]&#10;[COLOR=blue]$INFO[Window.Property(Daily.4.LowTemperature)]&#xb0;[/COLOR]</label>
                        </control>
                        <control type="label">
                            <include>Script.TWC.List.Column4</include>
                            <label>$INFO[Window.Property(Daily.4.Precipitation)]&#37;</label>
                        </control>
                        <control type="label">
                            <include>Script.TWC.List.Column5</include>
                            <label>$INFO[Window.Property(Daily.4.WindDirection)]&#10;$INFO[Window.Property(Daily.4.WindSpeed)]</label>
                        </control>
                    </control>
<!---->
                    <control type="group">
                        <visible>!IsEmpty(Window.Property(Daily.5.Date))</visible>
                        <include>Script.TWC.List.Row.Dimensions</include>
                        <control type="button" id="605">
                            <onup>604</onup>
                            <ondown>606</ondown>
                            <onleft>2000</onleft>
                            <onright>2000</onright>
                            <include>Script.TWC.List.Row.Dimensions</include>
                            <include>Script.TWC.List.Row.Textures</include>
                        </control>
                        <control type="label">
                            <include>Script.TWC.List.Column1</include>
                            <label>$INFO[Window.Property(Daily.5.ShortDay)]&#10;$INFO[Window.Property(Daily.5.Date)]</label>
                        </control>
                        <control type="image">
                            <posy>2</posy>
                            <include>Script.TWC.List.Column2</include>
                            <texture>contentpanel.png</texture>
                        </control>
                        <control type="image">
                            <include>Script.TWC.List.Column2a</include>
                            <info>Window.Property(Daily.5.OutlookIcon)</info>
                        </control>
                        <control type="label">
                            <include>Script.TWC.List.Column2b</include>
                            <info>Window.Property(Daily.5.Outlook)</info>
                        </control>
                        <control type="label">
                            <include>Script.TWC.List.Column3</include>
                            <label>[COLOR=red]$INFO[Window.Property(Daily.5.HighTemperature)]&#xb0;[/COLOR]&#10;[COLOR=blue]$INFO[Window.Property(Daily.5.LowTemperature)]&#xb0;[/COLOR]</label>
                        </control>
                        <control type="label">
                            <include>Script.TWC.List.Column4</include>
                            <label>$INFO[Window.Property(Daily.5.Precipitation)]&#37;</label>
                        </control>
                        <control type="label">
                            <include>Script.TWC.List.Column5</include>
                            <label>$INFO[Window.Property(Daily.5.WindDirection)]&#10;$INFO[Window.Property(Daily.5.WindSpeed)]</label>
                        </control>
                    </control>
<!---->
                    <control type="group">
                        <visible>!IsEmpty(Window.Property(Daily.6.Date))</visible>
                        <include>Script.TWC.List.Row.Dimensions</include>
                        <control type="button" id="606">
                            <onup>605</onup>
                            <ondown>607</ondown>
                            <onleft>2000</onleft>
                            <onright>2000</onright>
                            <include>Script.TWC.List.Row.Dimensions</include>
                            <include>Script.TWC.List.Row.Textures</include>
                        </control>
                        <control type="label">
                            <include>Script.TWC.List.Column1</include>
                            <label>$INFO[Window.Property(Daily.6.ShortDay)]&#10;$INFO[Window.Property(Daily.6.Date)]</label>
                        </control>
                        <control type="image">
                            <posy>2</posy>
                            <include>Script.TWC.List.Column2</include>
                            <texture>contentpanel.png</texture>
                        </control>
                        <control type="image">
                            <include>Script.TWC.List.Column2a</include>
                            <info>Window.Property(Daily.6.OutlookIcon)</info>
                        </control>
                        <control type="label">
                            <include>Script.TWC.List.Column2b</include>
                            <info>Window.Property(Daily.6.Outlook)</info>
                        </control>
                        <control type="label">
                            <include>Script.TWC.List.Column3</include>
                            <label>[COLOR=red]$INFO[Window.Property(Daily.6.HighTemperature)]&#xb0;[/COLOR]&#10;[COLOR=blue]$INFO[Window.Property(Daily.6.LowTemperature)]&#xb0;[/COLOR]</label>
                        </control>
                        <control type="label">
                            <include>Script.TWC.List.Column4</include>
                            <label>$INFO[Window.Property(Daily.6.Precipitation)]&#37;</label>
                        </control>
                        <control type="label">
                            <include>Script.TWC.List.Column5</include>
                            <label>$INFO[Window.Property(Daily.6.WindDirection)]&#10;$INFO[Window.Property(Daily.6.WindSpeed)]</label>
                        </control>
                    </control>
<!---->
                    <control type="group">
                        <visible>!IsEmpty(Window.Property(Daily.7.Date))</visible>
                        <include>Script.TWC.List.Row.Dimensions</include>
                        <control type="button" id="607">
                            <onup>606</onup>
                            <ondown>608</ondown>
                            <onleft>2000</onleft>
                            <onright>2000</onright>
                            <include>Script.TWC.List.Row.Dimensions</include>
                            <include>Script.TWC.List.Row.Textures</include>
                        </control>
                        <control type="label">
                            <include>Script.TWC.List.Column1</include>
                            <label>$INFO[Window.Property(Daily.7.ShortDay)]&#10;$INFO[Window.Property(Daily.7.Date)]</label>
                        </control>
                        <control type="image">
                            <posy>2</posy>
                            <include>Script.TWC.List.Column2</include>
                            <texture>contentpanel.png</texture>
                        </control>
                        <control type="image">
                            <include>Script.TWC.List.Column2a</include>
                            <info>Window.Property(Daily.7.OutlookIcon)</info>
                        </control>
                        <control type="label">
                            <include>Script.TWC.List.Column2b</include>
                            <info>Window.Property(Daily.7.Outlook)</info>
                        </control>
                        <control type="label">
                            <include>Script.TWC.List.Column3</include>
                            <label>[COLOR=red]$INFO[Window.Property(Daily.7.HighTemperature)]&#xb0;[/COLOR]&#10;[COLOR=blue]$INFO[Window.Property(Daily.7.LowTemperature)]&#xb0;[/COLOR]</label>
                        </control>
                        <control type="label">
                            <include>Script.TWC.List.Column4</include>
                            <label>$INFO[Window.Property(Daily.7.Precipitation)]&#37;</label>
                        </control>
                        <control type="label">
                            <include>Script.TWC.List.Column5</include>
                            <label>$INFO[Window.Property(Daily.7.WindDirection)]&#10;$INFO[Window.Property(Daily.7.WindSpeed)]</label>
                        </control>
                    </control>
<!---->
                    <control type="group">
                        <visible>!IsEmpty(Window.Property(Daily.8.Date))</visible>
                        <include>Script.TWC.List.Row.Dimensions</include>
                        <control type="button" id="608">
                            <onup>607</onup>
                            <ondown>609</ondown>
                            <onleft>2000</onleft>
                            <onright>2000</onright>
                            <include>Script.TWC.List.Row.Dimensions</include>
                            <include>Script.TWC.List.Row.Textures</include>
                        </control>
                        <control type="label">
                            <include>Script.TWC.List.Column1</include>
                            <label>$INFO[Window.Property(Daily.8.ShortDay)]&#10;$INFO[Window.Property(Daily.8.Date)]</label>
                        </control>
                        <control type="image">
                            <posy>2</posy>
                            <include>Script.TWC.List.Column2</include>
                            <texture>contentpanel.png</texture>
                        </control>
                        <control type="image">
                            <include>Script.TWC.List.Column2a</include>
                            <info>Window.Property(Daily.8.OutlookIcon)</info>
                        </control>
                        <control type="label">
                            <include>Script.TWC.List.Column2b</include>
                            <info>Window.Property(Daily.8.Outlook)</info>
                        </control>
                        <control type="label">
                            <include>Script.TWC.List.Column3</include>
                            <label>[COLOR=red]$INFO[Window.Property(Daily.8.HighTemperature)]&#xb0;[/COLOR]&#10;[COLOR=blue]$INFO[Window.Property(Daily.8.LowTemperature)]&#xb0;[/COLOR]</label>
                        </control>
                        <control type="label">
                            <include>Script.TWC.List.Column4</include>
                            <label>$INFO[Window.Property(Daily.8.Precipitation)]&#37;</label>
                        </control>
                        <control type="label">
                            <include>Script.TWC.List.Column5</include>
                            <label>$INFO[Window.Property(Daily.8.WindDirection)]&#10;$INFO[Window.Property(Daily.8.WindSpeed)]</label>
                        </control>
                    </control>
<!---->
                    <control type="group">
                        <visible>!IsEmpty(Window.Property(Daily.9.Date))</visible>
                        <include>Script.TWC.List.Row.Dimensions</include>
                        <control type="button" id="609">
                            <onup>608</onup>
                            <ondown>610</ondown>
                            <onleft>2000</onleft>
                            <onright>2000</onright>
                            <include>Script.TWC.List.Row.Dimensions</include>
                            <include>Script.TWC.List.Row.Textures</include>
                        </control>
                        <control type="label">
                            <include>Script.TWC.List.Column1</include>
                            <label>$INFO[Window.Property(Daily.9.ShortDay)]&#10;$INFO[Window.Property(Daily.9.Date)]</label>
                        </control>
                        <control type="image">
                            <posy>2</posy>
                            <include>Script.TWC.List.Column2</include>
                            <texture>contentpanel.png</texture>
                        </control>
                        <control type="image">
                            <include>Script.TWC.List.Column2a</include>
                            <info>Window.Property(Daily.9.OutlookIcon)</info>
                        </control>
                        <control type="label">
                            <include>Script.TWC.List.Column2b</include>
                            <info>Window.Property(Daily.9.Outlook)</info>
                        </control>
                        <control type="label">
                            <include>Script.TWC.List.Column3</include>
                            <label>[COLOR=red]$INFO[Window.Property(Daily.9.HighTemperature)]&#xb0;[/COLOR]&#10;[COLOR=blue]$INFO[Window.Property(Daily.9.LowTemperature)]&#xb0;[/COLOR]</label>
                        </control>
                        <control type="label">
                            <include>Script.TWC.List.Column4</include>
                            <label>$INFO[Window.Property(Daily.9.Precipitation)]&#37;</label>
                        </control>
                        <control type="label">
                            <include>Script.TWC.List.Column5</include>
                            <label>$INFO[Window.Property(Daily.9.WindDirection)]&#10;$INFO[Window.Property(Daily.9.WindSpeed)]</label>
                        </control>
                    </control>
<!---->
                    <control type="group">
                        <visible>!IsEmpty(Window.Property(Daily.10.ShortDay))</visible>
                        <include>Script.TWC.List.Row.Dimensions</include>
                        <control type="button" id="610">
                            <onup>609</onup>
                            <ondown>601</ondown>
                            <onleft>2000</onleft>
                            <onright>2000</onright>
                            <include>Script.TWC.List.Row.Dimensions</include>
                            <include>Script.TWC.List.Row.Textures</include>
                        </control>
                        <control type="label">
                            <include>Script.TWC.List.Column1</include>
                            <label>$INFO[Window.Property(Daily.10.ShortDay)]&#10;$INFO[Window.Property(Daily.10.Date)]</label>
                        </control>
                        <control type="image">
                            <posy>2</posy>
                            <include>Script.TWC.List.Column2</include>
                            <texture>contentpanel.png</texture>
                        </control>
                        <control type="image">
                            <include>Script.TWC.List.Column2a</include>
                            <info>Window.Property(Daily.10.OutlookIcon)</info>
                        </control>
                        <control type="label">
                            <include>Script.TWC.List.Column2b</include>
                            <info>Window.Property(Daily.10.Outlook)</info>
                        </control>
                        <control type="label">
                            <include>Script.TWC.List.Column3</include>
                            <label>[COLOR=red]$INFO[Window.Property(Daily.10.HighTemperature)]&#xb0;[/COLOR]&#10;[COLOR=blue]$INFO[Window.Property(Daily.10.LowTemperature)]&#xb0;[/COLOR]</label>
                        </control>
                        <control type="label">
                            <include>Script.TWC.List.Column4</include>
                            <label>$INFO[Window.Property(Daily.10.Precipitation)]&#37;</label>
                        </control>
                        <control type="label">
                            <include>Script.TWC.List.Column5</include>
                            <label>$INFO[Window.Property(Daily.10.WindDirection)]&#10;$INFO[Window.Property(Daily.10.WindSpeed)]</label>
                        </control>
                    </control>
<!---->

                </control>
            </control>
        </control>
    </include>
</includes>