<includes>
    <include name="TWC.Settings">
        <!-- used if first time script is run in a skin -->
        <control type="button" id="205">
            <description>Settings Button</description>
            <posx>550</posx>
            <posy>115</posy>
            <width>100</width>
            <height>30</height>
            <align>center</align>
            <aligny>center</aligny>
            <label>31205</label>
            <font>font10</font>
            <textcolor>ffffffff</textcolor>
            <disabledcolor>60ffffff</disabledcolor>
            <pulseonselect>false</pulseonselect>
            <textoffsetx>17</textoffsetx>
            <texturenofocus border="10">tab-nofocus.png</texturenofocus>
            <texturefocus border="10">tab-focus.png</texturefocus>
            <onclick>SetProperty(twc-fadelevel-gfx,osd_slider_nibNF.png)</onclick>
            <onclick>Skin.SetString(twc-fanart-diffusecolor,60FFFFFF)</onclick>
            <onclick>Skin.SetString(twc-fanart-diffusebutton,4082)</onclick>
            <onclick>SetProperty(CurrentView,205)</onclick>
            <onclick>SetFocus(2000)</onclick>
            <onleft>206</onleft>
            <onright>200</onright>
            <onup>3000</onup>
            <ondown>3000</ondown>
            <animation effect="slide" start="0,0" end="100,0" time="0" reversible="false" condition="!IsEmpty(Window.Property(Alerts))">Conditional</animation>
            <visible>IsEmpty(Skin.String(twc-fanart-diffusebutton))</visible>
        </control>
        <!-- used if script has already run in a skin -->
        <control type="button" id="205">
            <description>Settings Button</description>
            <posx>550</posx>
            <posy>115</posy>
            <width>100</width>
            <height>30</height>
            <align>center</align>
            <aligny>center</aligny>
            <label>31205</label>
            <font>font10</font>
            <textcolor>ffffffff</textcolor>
            <disabledcolor>60ffffff</disabledcolor>
            <pulseonselect>false</pulseonselect>
            <textoffsetx>17</textoffsetx>
            <texturenofocus border="10">tab-nofocus.png</texturenofocus>
            <texturefocus border="10">tab-focus.png</texturefocus>
            <onclick>SetProperty(twc-fadelevel-gfx,osd_slider_nibNF.png)</onclick>
            <onclick>SetProperty(CurrentView,205)</onclick>
            <onleft>206</onleft>
            <onright>200</onright>
            <onup>3000</onup>
            <ondown>3000</ondown>
            <animation effect="slide" start="0,0" end="100,0" time="0" reversible="false" condition="!IsEmpty(Window.Property(Alerts))">Conditional</animation>
            <visible>!IsEmpty(Skin.String(twc-fanart-diffusebutton))</visible>
        </control>
        <control type="image">
            <description>tab not selected</description>
            <posx>550</posx>
            <posy>115</posy>
            <width>100</width>
            <height>30</height>
            <texture border="10">tab-closed.png</texture>
            <aspectratio>stretch</aspectratio>
            <visible>!StringCompare(Window.Property(CurrentView),205)</visible>
            <animation effect="slide" start="0,0" end="100,0" time="0" reversible="false" condition="!IsEmpty(Window.Property(Alerts))">Conditional</animation>
        </control>

        <!-- Settings section ** Required ** -->
        <control type="group">
            <posx>35</posx>
            <posy>150</posy>
            <visible>StringCompare(Window.Property(CurrentView),205) | StringCompare(Window.Property(CurrentView),)</visible>
            <animation effect="fade" reversible="true" time="300">VisibleChange</animation>
            <!-- Settings group -->
                <!-- Scrollbar for alert textbox -->
                <control type="scrollbar" id="9002">
                <description>Scroll Bar</description>
                <posx>685</posx>
                <posy>0</posy>
                <width>18</width>
                <height>280</height>
                    <texturesliderbackground border="4">scrollbar_background.png</texturesliderbackground>
                    <texturesliderbar border="3">scrollbar_bar.png</texturesliderbar>
                    <texturesliderbarfocus border="3">scrollbar_bar_focus.png</texturesliderbarfocus>
                    <textureslidernib>-</textureslidernib>
                    <textureslidernibfocus>-</textureslidernibfocus>
                    <onleft>9000</onleft>
                    <onright>2000</onright>
                    <showonepage>true</showonepage>
                    <orientation>vertical</orientation>
                </control>
            <control type="grouplist" id="9000">
                <posx>15</posx>
                <posy>0</posy>
                <width>665</width>
                <height>310</height>
                <itemgap>5</itemgap>
                <pagecontrol>9002</pagecontrol>
                <onleft>2000</onleft>
                <onright>9002</onright>
                <onup>2000</onup>
                <ondown>9000</ondown>
                <!-- Setting 1 -->
                <control type="group" id="400">
                    <posx>0</posx>
                    <posy>0</posy>
                    <width>665</width>
                    <height>30</height>
                    <control type="image">
                        <description>unfocus texture</description>
                        <posx>0</posx>
                        <posy>0</posy>
                        <width>665</width>
                        <height>30</height>
                        <texture border="3">input-nofocus.png</texture>
                        <visible>!Control.HasFocus(3)</visible>
                    </control>
                    <control type="image">
                        <description>focus texture</description>
                        <posx>0</posx>
                        <posy>0</posy>
                        <width>665</width>
                        <height>30</height>
                        <texture border="3">input-focus.png</texture>
                        <visible>Control.HasFocus(3)</visible>
                    </control>
                    <control type="label">
                        <description>location heading setting label</description>
                        <posx>7</posx>
                        <posy>0</posy>
                        <width>665</width>
                        <height>30</height>
                        <font>font13</font>
                        <textcolor>FFFFFFFF</textcolor>
                        <disabledcolor>60ffffff</disabledcolor>
                        <label>Location</label>
                        <align>left</align>
                        <aligny>center</aligny>
                    </control>
                    <control type="label">
                        <description>location value label</description>
                        <posx>616</posx>
                        <posy>0</posy>
                        <width>300</width>
                        <height>30</height>
                        <font>font13</font>
                        <textcolor>FFFFFFFF</textcolor>
                        <disabledcolor>60ffffff</disabledcolor>
                        <info>Weather.Location</info>
                        <align>right</align>
                        <aligny>center</aligny>
                    </control>
                    <control type="spincontrol" id="3">
                        <description>weather location select spincontrol</description>
                        <posx>625</posx>
                        <posy>6</posy>
                        <width>17</width>
                        <height>17</height>
                        <font>-</font>
                        <reverse>yes</reverse>
                        <align>right</align>
                        <aligny>center</aligny>
                        <onup>2000</onup>
                        <ondown>401</ondown>
                    </control>
                </control>
                <!-- Setting 3 -->
                <control type="button" id="401">
                    <description>show alerts at start</description>
                    <posx>0</posx>
                    <posy>0</posy>
                    <width>665</width>
                    <height>30</height>
                    <font>font13</font>
                    <textcolor>FFFFFFFF</textcolor>
                    <disabledcolor>60ffffff</disabledcolor>
                    <label>31401</label>
                    <align>left</align>
                    <aligny>center</aligny>
                    <textoffsetx>7</textoffsetx>
                    <texturefocus border="3">input-focus.png</texturefocus>
                    <texturenofocus border="3">input-nofocus.png</texturenofocus>
                    <pulseonselect>false</pulseonselect>
                    <onclick>ActivateWindow(MyWeatherSettings)</onclick>
                </control>


                <!-- Setting 3 -->
                <control type="radiobutton" id="402">
                    <description>show alerts at start</description>
                    <posx>0</posx>
                    <posy>0</posy>
                    <width>665</width>
                    <height>30</height>
                    <font>font13</font>
                    <textcolor>FFFFFFFF</textcolor>
                    <disabledcolor>60ffffff</disabledcolor>
                    <label>31402</label>
                    <align>left</align>
                    <aligny>center</aligny>
                    <selected>!Skin.HasSetting(twc-show-alerts)</selected>
                    <textoffsetx>7</textoffsetx>
                    <textureradiofocus>radiobutton-focus.png</textureradiofocus>
                    <textureradionofocus>radiobutton-nofocus.png</textureradionofocus>
                    <texturefocus border="3">input-focus.png</texturefocus>
                    <texturenofocus border="3">input-nofocus.png</texturenofocus>
                    <pulseonselect>false</pulseonselect>
                    <onclick>Skin.ToggleSetting(twc-show-alerts)</onclick>
                </control>

                <!-- Setting 4 -->
                <control type="button" id="403">
                    <description>map list #1 category</description>
                    <posx>0</posx>
                    <posy>0</posy>
                    <width>665</width>
                    <height>30</height>
                    <font>font13</font>
                    <textcolor>FFFFFFFF</textcolor>
                    <disabledcolor>60ffffff</disabledcolor>
                    <label>31403</label>
                    <align>left</align>
                    <aligny>center</aligny>
                    <label2>$INFO[Skin.String(twc-maplist1-category)]</label2>
                    <textoffsetx>7</textoffsetx>
                    <texturefocus border="3">input-focus.png</texturefocus>
                    <texturenofocus border="3">input-nofocus.png</texturenofocus>
                    <pulseonselect>false</pulseonselect>
                    <onclick>$INFO[Window.Property(MapList1.Category.Onclick)]</onclick>
                </control>

                <!-- Setting 5 -->
                <control type="button" id="404">
                    <description>map list #2 category</description>
                    <posx>0</posx>
                    <posy>0</posy>
                    <width>665</width>
                    <height>30</height>
                    <font>font13</font>
                    <textcolor>FFFFFFFF</textcolor>
                    <disabledcolor>60ffffff</disabledcolor>
                    <label>31404</label>
                    <align>left</align>
                    <aligny>center</aligny>
                    <label2>$INFO[Skin.String(twc-maplist2-category)]</label2>
                    <textoffsetx>7</textoffsetx>
                    <texturefocus border="3">input-focus.png</texturefocus>
                    <texturenofocus border="3">input-nofocus.png</texturenofocus>
                    <pulseonselect>false</pulseonselect>
                    <onclick>$INFO[Window.Property(MapList2.Category.Onclick)]</onclick>
                </control>

                <!-- Setting 6 -->
                <control type="button" id="405">
                    <description>map list #3 category</description>
                    <posx>0</posx>
                    <posy>0</posy>
                    <width>665</width>
                    <height>30</height>
                    <font>font13</font>
                    <textcolor>FFFFFFFF</textcolor>
                    <disabledcolor>60ffffff</disabledcolor>
                    <label>31405</label>
                    <align>left</align>
                    <aligny>center</aligny>
                    <label2>$INFO[Skin.String(twc-maplist3-category)]</label2>
                    <textoffsetx>7</textoffsetx>
                    <texturefocus border="3">input-focus.png</texturefocus>
                    <texturenofocus border="3">input-nofocus.png</texturenofocus>
                    <pulseonselect>false</pulseonselect>
                    <onclick>$INFO[Window.Property(MapList3.Category.Onclick)]</onclick>
                </control>

                <!-- Setting 7 -->
                <control type="button" id="406">
                    <description>fanart path</description>
                    <posx>0</posx>
                    <posy>0</posy>
                    <width>665</width>
                    <height>30</height>
                    <font>font13</font>
                    <textcolor>FFFFFFFF</textcolor>
                    <label>31406</label>
                    <label2>$INFO[Skin.String(twc-fanart-path)]</label2>
                    <align>left</align>
                    <aligny>center</aligny>
                    <textoffsetx>7</textoffsetx>
                    <texturefocus border="3">input-focus.png</texturefocus>
                    <texturenofocus border="3">input-nofocus.png</texturenofocus>
                    <pulseonselect>false</pulseonselect>
                    <onclick>Skin.SetPath(twc-fanart-path)</onclick>
                </control>

                <!-- Setting 8 -->
                <control type="radiobutton" id="407">
                    <description>weather conditions for fanart</description>
                    <posx>0</posx>
                    <posy>0</posy>
                    <width>665</width>
                    <height>30</height>
                    <font>font13</font>
                    <textcolor>FFFFFFFF</textcolor>
                    <disabledcolor>60ffffff</disabledcolor>
                    <label>31407</label>
                    <align>left</align>
                    <aligny>center</aligny>
                    <selected>Skin.HasSetting(twc-fanart-type)</selected>
                    <textoffsetx>17</textoffsetx>
                    <textureradiofocus>radiobutton-focus.png</textureradiofocus>
                    <textureradionofocus>radiobutton-nofocus.png</textureradionofocus>
                    <texturefocus border="3">input-focus.png</texturefocus>
                    <texturenofocus border="3">input-nofocus.png</texturenofocus>
                    <pulseonselect>false</pulseonselect>
                    <enable>!IsEmpty(Skin.String(twc-fanart-path))</enable>
                    <onclick>Skin.ToggleSetting(twc-fanart-type)</onclick>
                </control>

                <!-- Setting 9 -->
                <control type="group" id="9001">
                    <posx>0</posx>
                    <posy>0</posy>
                    <width>665</width>
                    <height>30</height>
                    <onup>9000</onup>
                    <ondown>9000</ondown>
                    <control type="button" id="408">
                        <description>fanart fade level</description>
                        <posx>0</posx>
                        <posy>0</posy>
                        <width>665</width>
                        <height>30</height>
                        <font>font13</font>
                        <textcolor>FFFFFFFF</textcolor>
                        <disabledcolor>60ffffff</disabledcolor>
                        <label>31408</label>
                        <align>left</align>
                        <aligny>center</aligny>
                        <textoffsetx>17</textoffsetx>
                        <texturefocus>-</texturefocus>
                        <texturenofocus>-</texturenofocus>
                        <pulseonselect>false</pulseonselect>
                        <onfocus>SetProperty(twc-fadelevel-gfx,osd_slider_nibFO.png)</onfocus>
                        <onfocus>SetFocus($INFO[Skin.String(twc-fanart-diffusebutton)])</onfocus>
                        <onunfocus>SetProperty(twc-fadelevel-gfx,osd_slider_nibNF.png)</onunfocus>
                        <enable>!IsEmpty(Skin.String(twc-fanart-path))</enable>
                    </control>
                    <!-- diffuse level buttons -->
                    <control type="button" id="4080">
                        <description>fanart fade level off</description>
                        <posx>483</posx>
                        <posy>0</posy>
                        <width>12</width>
                        <height>30</height>
                        <label> </label>
                        <texturefocus>-</texturefocus>
                        <texturenofocus>-</texturenofocus>
                        <onfocus>SetProperty(twc-fadelevel-gfx,osd_slider_nibFO.png)</onfocus>
                        <onfocus>Skin.SetString(twc-fanart-diffusecolor,00FFFFFF)</onfocus>
                        <onfocus>Skin.SetString(twc-fanart-diffusebutton,4080)</onfocus>
                        <onunfocus>SetProperty(twc-fadelevel-gfx,osd_slider_nibNF.png)</onunfocus>
                        <onleft>4080</onleft>
                        <onright>4081</onright>
                        <onup>407</onup>
                        <ondown>400</ondown>
                        <enable>!IsEmpty(Skin.String(twc-fanart-path))</enable>
                    </control>
                    <control type="button" id="4081">
                        <description>fanart fade level 1</description>
                        <posx>510</posx>
                        <posy>0</posy>
                        <width>12</width>
                        <height>30</height>
                        <label> </label>
                        <texturefocus>-</texturefocus>
                        <texturenofocus>-</texturenofocus>
                        <onfocus>SetProperty(twc-fadelevel-gfx,osd_slider_nibFO.png)</onfocus>
                        <onfocus>Skin.SetString(twc-fanart-diffusecolor,30FFFFFF)</onfocus>
                        <onfocus>Skin.SetString(twc-fanart-diffusebutton,4081)</onfocus>
                        <onunfocus>SetProperty(twc-fadelevel-gfx,osd_slider_nibNF.png)</onunfocus>
                        <onleft>4080</onleft>
                        <onright>4082</onright>
                        <onup>407</onup>
                        <ondown>400</ondown>
                        <enable>!IsEmpty(Skin.String(twc-fanart-path))</enable>
                    </control>
                    <control type="button" id="4082">
                        <description>fanart fade level 2</description>
                        <posx>537</posx>
                        <posy>0</posy>
                        <width>12</width>
                        <height>30</height>
                        <label> </label>
                        <texturefocus>-</texturefocus>
                        <texturenofocus>-</texturenofocus>
                        <onfocus>SetProperty(twc-fadelevel-gfx,osd_slider_nibFO.png)</onfocus>
                        <onfocus>Skin.SetString(twc-fanart-diffusecolor,60FFFFFF)</onfocus>
                        <onfocus>Skin.SetString(twc-fanart-diffusebutton,4082)</onfocus>
                        <onunfocus>SetProperty(twc-fadelevel-gfx,osd_slider_nibNF.png)</onunfocus>
                        <onleft>4081</onleft>
                        <onright>4083</onright>
                        <onup>407</onup>
                        <ondown>400</ondown>
                        <enable>!IsEmpty(Skin.String(twc-fanart-path))</enable>
                    </control>
                    <control type="button" id="4083">
                        <description>fanart fade level 3</description>
                        <posx>564</posx>
                        <posy>0</posy>
                        <width>12</width>
                        <height>30</height>
                        <label> </label>
                        <texturefocus>-</texturefocus>
                        <texturenofocus>-</texturenofocus>
                        <onfocus>SetProperty(twc-fadelevel-gfx,osd_slider_nibFO.png)</onfocus>
                        <onfocus>Skin.SetString(twc-fanart-diffusecolor,90FFFFFF)</onfocus>
                        <onfocus>Skin.SetString(twc-fanart-diffusebutton,4083)</onfocus>
                        <onunfocus>SetProperty(twc-fadelevel-gfx,osd_slider_nibNF.png)</onunfocus>
                        <onleft>4082</onleft>
                        <onright>4084</onright>
                        <onup>407</onup>
                        <ondown>400</ondown>
                        <enable>!IsEmpty(Skin.String(twc-fanart-path))</enable>
                    </control>
                    <control type="button" id="4084">
                        <description>fanart fade level 4</description>
                        <posx>591</posx>
                        <posy>0</posy>
                        <width>12</width>
                        <height>30</height>
                        <label> </label>
                        <texturefocus>-</texturefocus>
                        <texturenofocus>-</texturenofocus>
                        <onfocus>SetProperty(twc-fadelevel-gfx,osd_slider_nibFO.png)</onfocus>
                        <onfocus>Skin.SetString(twc-fanart-diffusecolor,BBFFFFFF)</onfocus>
                        <onfocus>Skin.SetString(twc-fanart-diffusebutton,4084)</onfocus>
                        <onunfocus>SetProperty(twc-fadelevel-gfx,osd_slider_nibNF.png)</onunfocus>
                        <onleft>4083</onleft>
                        <onright>4085</onright>
                        <onup>407</onup>
                        <ondown>400</ondown>
                        <enable>!IsEmpty(Skin.String(twc-fanart-path))</enable>
                    </control>
                    <control type="button" id="4085">
                        <description>fanart fade level 5</description>
                        <posx>618</posx>
                        <posy>0</posy>
                        <width>12</width>
                        <height>30</height>
                        <label> </label>
                        <texturefocus>-</texturefocus>
                        <texturenofocus>-</texturenofocus>
                        <onfocus>SetProperty(twc-fadelevel-gfx,osd_slider_nibFO.png)</onfocus>
                        <onfocus>Skin.SetString(twc-fanart-diffusecolor,DDFFFFFF)</onfocus>
                        <onfocus>Skin.SetString(twc-fanart-diffusebutton,4085)</onfocus>
                        <onunfocus>SetProperty(twc-fadelevel-gfx,osd_slider_nibNF.png)</onunfocus>
                        <onleft>4084</onleft>
                        <onright>4086</onright>
                        <onup>407</onup>
                        <ondown>400</ondown>
                        <enable>!IsEmpty(Skin.String(twc-fanart-path))</enable>
                    </control>
                    <control type="button" id="4086">
                        <description>fanart fade level 6</description>
                        <posx>645</posx>
                        <posy>0</posy>
                        <width>12</width>
                        <height>30</height>
                        <label> </label>
                        <texturefocus>-</texturefocus>
                        <texturenofocus>-</texturenofocus>
                        <onfocus>SetProperty(twc-fadelevel-gfx,osd_slider_nibFO.png)</onfocus>
                        <onfocus>Skin.SetString(twc-fanart-diffusecolor,FFFFFFFF)</onfocus>
                        <onfocus>Skin.SetString(twc-fanart-diffusebutton,4086)</onfocus>
                        <onunfocus>SetProperty(twc-fadelevel-gfx,osd_slider_nibNF.png)</onunfocus>
                        <onleft>4085</onleft>
                        <onright>4086</onright>
                        <onup>407</onup>
                        <ondown>400</ondown>
                        <enable>!IsEmpty(Skin.String(twc-fanart-path))</enable>
                    </control>
                    <!-- Settings 9 focused texture -->
                    <control type="image">
                        <description>fanart diffuse level focus texture</description>
                        <posx>0</posx>
                        <posy>0</posy>
                        <width>665</width>
                        <height>30</height>
                        <texture border="3">input-focus.png</texture>
                        <visible>Control.HasFocus(408) | Control.HasFocus(4080) | Control.HasFocus(4081) | Control.HasFocus(4082) | Control.HasFocus(4083) | Control.HasFocus(4084) | Control.HasFocus(4085) | Control.HasFocus(4086)</visible>
                    </control>
                    <control type="image">
                        <description>fanart diffuse level focus texture</description>
                        <posx>0</posx>
                        <posy>0</posy>
                        <width>665</width>
                        <height>30</height>
                        <texture border="3">input-nofocus.png</texture>
                        <visible>![Control.HasFocus(408) + Control.HasFocus(4080) + Control.HasFocus(4081) + Control.HasFocus(4082) + Control.HasFocus(4083) + Control.HasFocus(4084) + Control.HasFocus(4085) + Control.HasFocus(4086)]</visible>
                    </control>
                    <!-- Settings 9a -->
                    <control type="image">
                        <description>fanart diffuse level scale</description>
                        <posx>483</posx>
                        <posy>5</posy>
                        <width>167</width>
                        <height>17</height>
                        <texture>osd_slider_bg.png</texture>
                    </control>
                    <!-- Settings 9b -->
                    <control type="image">
                        <description>fanart diffuse level nib</description>
                        <posx>483</posx>
                        <posy>2</posy>
                        <width>12</width>
                        <height>25</height>
                        <texture>$INFO[Window.Property(twc-fadelevel-gfx)]</texture>
                        <animation effect="slide" start="0,0" end="27,0" time="0" reversible="false" condition="StringCompare(Skin.String(twc-fanart-diffusecolor),30FFFFFF)">Conditional</animation>
                        <animation effect="slide" start="0,0" end="54,0" time="0" reversible="false" condition="StringCompare(Skin.String(twc-fanart-diffusecolor),60FFFFFF)">Conditional</animation>
                        <animation effect="slide" start="0,0" end="81,0" time="0" reversible="false" condition="StringCompare(Skin.String(twc-fanart-diffusecolor),90FFFFFF)">Conditional</animation>
                        <animation effect="slide" start="0,0" end="108,0" time="0" reversible="false" condition="StringCompare(Skin.String(twc-fanart-diffusecolor),BBFFFFFF)">Conditional</animation>
                        <animation effect="slide" start="0,0" end="135,0" time="0" reversible="false" condition="StringCompare(Skin.String(twc-fanart-diffusecolor),DDFFFFFF)">Conditional</animation>
                        <animation effect="slide" start="0,0" end="162,0" time="0" reversible="false" condition="StringCompare(Skin.String(twc-fanart-diffusecolor),FFFFFFFF)">Conditional</animation>
                    </control>
                </control>
            </control>
        </control>
    </include>
</includes>