<includes>
    <include name="TWC.Alerts">
        <control type="button" id="206">
            <description>Alerts Button</description>
            <posx>550</posx>
            <posy>115</posy>
            <width>100</width>
            <height>30</height>
            <align>center</align>
            <aligny>center</aligny>
            <label>$INFO[Window.Property(Alerts.Label)]$INFO[Window.Property(Alerts.Count), (,)]</label>
            <font>font10</font>
            <textcolor>$INFO[Window.Property(Alerts.Color)]</textcolor>
            <disabledcolor>60ffffff</disabledcolor>
            <pulseonselect>false</pulseonselect>
            <textoffsetx>17</textoffsetx>
            <texturenofocus border="10">tab-nofocus.png</texturenofocus>
            <texturefocus border="10">tab-focus.png</texturefocus>
            <visible>!IsEmpty(Window.Property(Alerts))</visible>
            <onclick>SetProperty(CurrentView,206)</onclick>
            <onleft>201</onleft>
            <onright>205</onright>
            <onup>3000</onup>
            <ondown>3000</ondown>
        </control>
        <control type="image">
            <description>tab not selected</description>
            <posx>550</posx>
            <posy>115</posy>
            <width>100</width>
            <height>30</height>
            <texture border="10">tab-closed.png</texture>
            <aspectratio>stretch</aspectratio>
            <visible>!StringCompare(Window.Property(CurrentView),206) + !IsEmpty(Window.Property(Alerts))</visible>
        </control>

        <!-- Alerts section ** Required ** -->
        <control type="group">
            <posx>35</posx>
            <posy>150</posy>
            <visible>StringCompare(Window.Property(CurrentView),206) + !IsEmpty(Window.Property(Alerts))</visible>
            <animation effect="fade" reversible="true" time="300">VisibleChange</animation>
            <!-- Section border -->
            <control type="image">
                <description>border</description>
                <posx>10</posx>
                <posy>3</posy>
                <width>708</width>
                <height>328</height>
                <texture border="5">section.png</texture>
                <aspectratio>stretch</aspectratio>
            </control>
            <control type="textbox">
                <description>alert</description>
                <posx>15</posx>
                <posy>8</posy>
                <width>670</width>
                <height>318</height>
                <pagecontrol>8000</pagecontrol>
                <scrolltime>200</scrolltime>
                <aligny>top</aligny>
                <info>Window.Property(Alerts)</info>
                <autoscroll time="2000" delay="10000" repeat="15000">VisibleChange</autoscroll>
                <visible>StringCompare(Window.Property(CurrentView),206)</visible>
            </control>
            <!-- Scrollbar for alert textbox -->
            <control type="scrollbar" id="8000">
                <description>Scroll Bar</description>
                <posx>695</posx>
                <posy>3</posy>
                <width>18</width>
                <height>328</height>
                <texturesliderbackground border="4">scrollbar_background.png</texturesliderbackground>
                <texturesliderbar border="3">scrollbar_bar.png</texturesliderbar>
                <texturesliderbarfocus border="3">scrollbar_bar_focus.png</texturesliderbarfocus>
                <textureslidernib>-</textureslidernib>
                <textureslidernibfocus>-</textureslidernibfocus>
                <onleft>2000</onleft>
                <onright>2000</onright>
                <showonepage>true</showonepage>
                <orientation>vertical</orientation>
            </control>
        </control>
    </include>
</includes>