<includes>

<!-- Widget common values -->
	<include name="Widget_WeatherBackWide">
		<posx>0</posx>
		<posy>0</posy>
		<width>196</width>
		<height>287</height>
		<texture>home/home_weather_small.png</texture>	
	</include>
	<include name="Widget_WeatherTitleWide">
		<posx>10</posx>
		<posy>15</posy>
		<width>176</width>
		<height>25</height>
		<align>center</align>
		<aligny>center</aligny>
		<font>Font_WeatherTitle</font>
        <scroll>false</scroll>
		<textcolor>c0FFFFFF</textcolor>
	</include>
	<include name="Widget_WeatherSubtitleWide">
        <posy>40</posy>
        <font>Font_WeatherLabel</font>
        <include>Widget_WeatherTitleWide</include>
	</include>
	<include name="Widget_WeatherCurrentInfo">
        <posx>20</posx>
        <posy>102</posy>
        <width>175</width>
        <height>220</height>
        <align>left</align>
        <aligny>top</aligny>
        <font>Font_WeatherLabel</font>
        <textcolor>c0FFFFFF</textcolor>					
	</include>
	<include name="Widget_WeatherTempWide">
		<posy>65</posy>
		<width>96</width>
		<height>89</height>
		<align>center</align>
		<aligny>center</aligny>
		<font>Font_WeatherTemp</font>
		<textcolor>FFFFFFFF</textcolor>
	</include>
	<include name="Widget_WeatherIconWide">
		<posy>169</posy>
		<height>108</height>
        <aspectratio>keep</aspectratio>
        <include>Widget_WeatherBackWide</include>
	</include>		
	<include name="Widget_WeatherBackNarrow">
        <posx>0</posx>
		<posy>0</posy>
		<width>125</width>
		<height>287</height>
		<texture>widgets/widget_weather_background_narrow.png</texture>	
	</include>
	<include name="Widget_WeatherTitleNarrow">
		<width>105</width>
        <include>Widget_WeatherTitleWide</include>
	</include>
	<include name="Widget_WeatherSubitleNarrow">
        <posy>40</posy>
        <font>Font_WeatherLabel</font>
        <include>Widget_WeatherTitleNarrow</include>
	</include>
	<include name="Widget_WeatherIconNarrow">
		<posy>100</posy>
		<height>80</height>
        <aspectratio>keep</aspectratio>
        <include>Widget_WeatherBackNarrow</include>
	</include>		
	<include name="Widget_WeatherTempHighNarrow">
		<posx>0</posx>
		<posy>195</posy>
		<width>125</width>
		<height>30</height>
		<align>center</align>
		<aligny>center</aligny>
		<font>Font_WidgetLarge</font>
		<textcolor>FFFFFFFF</textcolor>
	</include>
	<include name="Widget_WeatherTempLowNarrow">
		<posx>0</posx>
		<posy>240</posy>
		<width>125</width>
		<height>30</height>
		<align>center</align>
		<aligny>center</aligny>
		<font>Font_WidgetSmall</font>
		<textcolor>C0FFFFFF</textcolor>
	</include>
	
	<include name="Widget_Weather4DayGroup">
        <width>220</width>
        <include>Conditions_Weather</include>				
        <animation effect="fade" start="100" end="0" time="200">Hidden</animation>
	</include>		
	<include name="Widget_Weather7DayGroup">
        <width>130</width>
        <include>Conditions_Weather</include>				
        <animation effect="fade" start="100" end="0" time="200">Hidden</animation>
	</include>		
	<include name="Widget_WeatherWeekendGroup">
        <width>290</width>
        <include>Conditions_Weather</include>
        <animation effect="fade" start="100" end="0" time="200">Hidden</animation>
	</include>		

    <!-- Weather widget submenu -->
    <include name="Widget_Weather_Submenu">
		<control type="group">
			<posx>282</posx>
			<posy>406</posy>
			<visible>ControlGroup(945).HasFocus()</visible>
			<animation effect="slide" start="0,0" end="0,225" time="400" tween="cubic" easing="inout" condition="Skin.HasSetting(lowermainmenu)">Conditional</animation>
			<include>Animation_CommonFade</include>
			<control type="image">
				<width>717</width>
				<height>33</height>
				<texture>widgets/submenubar_weather.png</texture>
			</control>
			<control type="grouplist" id="945">
				<posx>39</posx>
				<width>655</width>
				<height>33</height>
				<itemgap>0</itemgap>
				<align>center</align>
				<onup>300</onup>
				<ondown>352</ondown>
				<scroll>false</scroll>
				<orientation>horizontal</orientation>
				<control type="button" id="40">
					<description>4Day</description>
					<include>Submenu_Button</include>
					<label>31630</label>
                    <onfocus>SetProperty(WeatherOverride,4day)</onfocus>
                    <onclick>Skin.Reset(WeatherWidget36Hour)</onclick>
                    <onclick>Skin.Reset(WeatherWidgetWeekend)</onclick>
                    <onclick>Skin.Reset(WeatherWidget7Day)</onclick>
					<enable>!Skin.HasSetting(noweatherpopup)</enable>
				</control>
				<control type="button" id="41">
					<description>7Day</description>
					<include>Submenu_Button</include>
					<label>31631</label>
                    <onfocus>SetProperty(WeatherOverride,7day)</onfocus>
                    <onclick>Skin.Reset(WeatherWidget36Hour)</onclick>
                    <onclick>Skin.Reset(WeatherWidgetWeekend)</onclick>
                    <onclick>Skin.SetBool(WeatherWidget7Day)</onclick>
					<enable>!Skin.HasSetting(noweatherpopup) + StringCompare(Weather.Plugin,weather.com plus)</enable>
				</control>
				<control type="button" id="42">
					<description>36Hour</description>
					<include>Submenu_Button</include>
					<label>31632</label>
                    <onfocus>SetProperty(WeatherOverride,36hour)</onfocus>
                    <onclick>Skin.SetBool(WeatherWidget36Hour)</onclick>
                    <onclick>Skin.Reset(WeatherWidgetWeekend)</onclick>
                    <onclick>Skin.Reset(WeatherWidget7Day)</onclick>
					<enable>!Skin.HasSetting(noweatherpopup) + StringCompare(Weather.Plugin,weather.com plus)</enable>
				</control>
				<control type="button" id="43">
					<description>Weekend</description>
					<include>Submenu_Button</include>
					<label>31633</label>
                    <onfocus>SetProperty(WeatherOverride,weekend)</onfocus>
                    <onclick>Skin.Reset(WeatherWidget36Hour)</onclick>
                    <onclick>Skin.SetBool(WeatherWidgetWeekend)</onclick>
                    <onclick>Skin.Reset(WeatherWidget7Day)</onclick>
					<enable>!Skin.HasSetting(noweatherpopup) + StringCompare(Weather.Plugin,weather.com plus)</enable>
				</control>
				<control type="button" id="44">
					<description>Alerts</description>
                    <textcolor>$INFO[Window(Weather).Property(Alerts.Color)]</textcolor>
                    <disabledcolor>FF6a6a6a</disabledcolor>
					<include>Submenu_Button</include>
					<label>31634</label>
                    <onfocus>SetProperty(WeatherOverride,alerts)</onfocus>
					<enable>!Skin.HasSetting(noweatherpopup) + StringCompare(Weather.Plugin,weather.com plus) + !IsEmpty(Window(Weather).Property(Alerts))</enable>
				</control>
			</control>
		</control>
    </include>

    <!-- Weather widget main group -->
    <include name="Widget_Weather">
        <include>Widget_Weather_Submenu</include>
		<control type="group">
			<posx>0</posx>
			<posy>40</posy>
			<width>1280</width>
			<height>287</height>
			<animation effect="slide" start="0,0" end="35,0" time="0" condition="[!IsEmpty(Window(Weather).Property(Alerts)) + IsEmpty(Window(Home).Property(WeatherOverride))] | StringCompare(Window(Home).Property(WeatherOverride),alerts)">Conditional</animation>
			<animation effect="slide" start="0,0" end="45,0" time="0" condition="StringCompare(Window(Home).Property(WeatherOverride),4day) | [IsEmpty(Window(Weather).Property(Alerts)) + !Skin.HasSetting(WeatherWidget36Hour) + !Skin.HasSetting(WeatherWidgetWeekend) + !Skin.HasSetting(WeatherWidget7Day) + !IsEmpty(Window(Weather).Property(Day3.Title)) + StringCompare(Weather.Plugin,weather.com plus) + IsEmpty(Window(Home).Property(WeatherOverride))]">Conditional</animation>
			<animation effect="slide" start="0,0" end="25,0" time="0" condition="StringCompare(Window(Home).Property(WeatherOverride),7day) | [IsEmpty(Window(Weather).Property(Alerts)) + Skin.HasSetting(WeatherWidget7Day) + !IsEmpty(Window(Weather).Property(Daily.7.Date)) + StringCompare(Weather.Plugin,weather.com plus) + IsEmpty(Window(Home).Property(WeatherOverride))]">Conditional</animation>
			<animation effect="slide" start="0,0" end="52,0" time="0" condition="StringCompare(Window(Home).Property(WeatherOverride),36hour) | [IsEmpty(Window(Weather).Property(Alerts)) + Skin.HasSetting(WeatherWidget36Hour) + !IsEmpty(Window(Weather).Property(36Hour.3.Heading)) + StringCompare(Weather.Plugin,weather.com plus) + IsEmpty(Window(Home).Property(WeatherOverride))]">Conditional</animation>
			<animation effect="slide" start="0,0" end="52,0" time="0" condition="StringCompare(Window(Home).Property(WeatherOverride),weekend) | [IsEmpty(Window(Weather).Property(Alerts)) + Skin.HasSetting(WeatherWidgetWeekend) + !IsEmpty(Window(Weather).Property(Weekend.3.OutlookIcon)) + StringCompare(Weather.Plugin,weather.com plus) + IsEmpty(Window(Home).Property(WeatherOverride))]">Conditional</animation>
            <animation effect="slide" start="0,-20" end="0,-20" time="0" condition="!Skin.HasSetting(highertime)">Conditional</animation>
			<animation effect="zoom" start="100" end="90" time="200" center="640,80" condition="Player.HasAudio + Skin.HasSetting(lowermainmenu)">Conditional</animation>
			<animation effect="fade" start="0" end="100" time="500">WindowOpen</animation>
			<animation effect="fade" start="100" end="0" time="200">WindowClose</animation>
			<!-- Current conditions-->
            <control type="group">
				<animation effect="fade" start="0" end="100" delay="1500" time="400">Visible</animation>
				<animation effect="fade" start="100" end="0" time="200">Hidden</animation>
                <include>Conditions_Weather</include>				
				<control type="image">
					<width>283</width>
                    <texture>widgets/widget_weather_background_wide.png</texture>	
					<include>Widget_WeatherBackWide</include>
				</control>
				<control type="image">
                    <posx>-10</posx>
                    <posy>-10</posy>
                    <width>48</width>
                    <height>48</height>
                    <colordiffuse>$INFO[Window(Weather).Property(Alerts.Color)]</colordiffuse>
                    <texture>widgets/weather_alert.png</texture>
                    <visible>!IsEmpty(Window(Weather).Property(Alerts))</visible>
				</control>
                <control type="image">
                    <posy>78</posy>
					<width>283</width>
					<height>216</height>
                    <colordiffuse>60FFFFFF</colordiffuse>
                    <texture>$INFO[Window(Weather).Property(Current.ConditionIcon)]</texture>	
					<include>Widget_WeatherIconWide</include>
				</control>
				<control type="label">
					<width>263</width>
                    <include>Widget_WeatherTitleWide</include>
					<label>$INFO[Window(Weather).Property(Location)]</label>
				</control>	
				<control type="label">
					<width>263</width>
                    <include>Widget_WeatherSubtitleWide</include>
					<label>$INFO[Window(Weather).Property(Updated)]</label>
				</control>	
				<control type="label">
                    <include>Widget_WeatherCurrentInfo</include>
					<label>$LOCALIZE[31008][CR]$LOCALIZE[402][CR]$LOCALIZE[406][CR]$LOCALIZE[403][CR]$LOCALIZE[405][CR]$LOCALIZE[404]</label>
				</control>
				<control type="label">
					<posx>263</posx>
					<align>right</align>
					<textcolor>FFFFFFFF</textcolor>					
                    <include>Widget_WeatherCurrentInfo</include>
					<label>$INFO[Window(Weather).Property(Current.Temperature)]$INFO[System.TemperatureUnits][CR]$INFO[Window(Weather).Property(Current.FeelsLike)]$INFO[System.TemperatureUnits][CR]$INFO[Window(Weather).Property(Current.Humidity)][CR]$INFO[Window(Weather).Property(Current.UVIndex)][CR]$INFO[Window(Weather).Property(Current.DewPoint)]$INFO[System.TemperatureUnits][CR]$INFO[Window(Weather).Property(Current.Wind)]</label>
				</control>						
			</control>
            <!-- 4 day -->
            <control type="grouplist">
                <posx>312</posx>
                <orientation>horizontal</orientation>
                <!--Container(945).HasFocus(40)-->
                <visible>StringCompare(Window(Home).Property(WeatherOverride),4day) | [IsEmpty(Window(Weather).Property(Alerts)) + !Skin.HasSetting(WeatherWidget36Hour) + !Skin.HasSetting(WeatherWidgetWeekend) + !Skin.HasSetting(WeatherWidget7Day) + !IsEmpty(Window(Weather).Property(Day3.Title)) + StringCompare(Weather.Plugin,weather.com plus) + IsEmpty(Window(Home).Property(WeatherOverride))]</visible>
                <control type="group">
                    <include>Widget_Weather4DayGroup</include>
                    <animation effect="fade" start="0" end="100" delay="1600" time="400">Visible</animation>				
                    <control type="image">
                        <include>Widget_WeatherBackWide</include>
                    </control>
                    <control type="label">
                        <include>Widget_WeatherTitleWide</include>
                        <label fallback="-">$INFO[Window(Weather).Property(Day0.Title)]</label>
                    </control>
                    <control type="label">
                        <posx>0</posx>
                        <include>Widget_WeatherTempWide</include>
                        <label fallback="-">$INFO[Window(Weather).Property(Day0.HighTemp)]</label>
                    </control>
                    <control type="label">
                        <posx>99</posx>
                        <include>Widget_WeatherTempWide</include>
                        <label fallback="-">$INFO[Window(Weather).Property(Day0.LowTemp)]</label>
                    </control>
                    <control type="image">
                        <texture>$INFO[Window(Weather).Property(Day0.OutlookIcon)]</texture>				
                        <include>Widget_WeatherIconWide</include>
                    </control>
                </control>
                <control type="group">
                    <include>Widget_Weather4DayGroup</include>
                    <animation effect="fade" start="0" end="100" delay="1700" time="400">Visible</animation>				
                    <control type="image">
                        <include>Widget_WeatherBackWide</include>
                    </control>
                    <control type="label">
                        <include>Widget_WeatherTitleWide</include>
                        <label fallback="-">$INFO[Window(Weather).Property(Day1.Title)]</label>
                    </control>
                    <control type="label">
                        <posx>0</posx>
                        <include>Widget_WeatherTempWide</include>
                        <label fallback="-">$INFO[Window(Weather).Property(Day1.HighTemp)]</label>
                    </control>
                    <control type="label">
                        <posx>99</posx>
                        <include>Widget_WeatherTempWide</include>
                        <label fallback="-">$INFO[Window(Weather).Property(Day1.LowTemp)]</label>
                    </control>
                    <control type="image">
                        <texture>$INFO[Window(Weather).Property(Day1.OutlookIcon)]</texture>				
                        <include>Widget_WeatherIconWide</include>
                    </control>
                </control>
                <control type="group">
                    <include>Widget_Weather4DayGroup</include>
                    <animation effect="fade" start="0" end="100" delay="1800" time="400">Visible</animation>				
                    <control type="image">
                        <include>Widget_WeatherBackWide</include>
                    </control>
                    <control type="label">
                        <include>Widget_WeatherTitleWide</include>
                        <label fallback="-">$INFO[Window(Weather).Property(Day2.Title)]</label>
                    </control>
                    <control type="label">
                        <posx>0</posx>
                        <include>Widget_WeatherTempWide</include>
                        <label fallback="-">$INFO[Window(Weather).Property(Day2.HighTemp)]</label>
                    </control>
                    <control type="label">
                        <posx>99</posx>
                        <include>Widget_WeatherTempWide</include>
                        <label fallback="-">$INFO[Window(Weather).Property(Day2.LowTemp)]</label>
                    </control>
                    <control type="image">
                        <texture>$INFO[Window(Weather).Property(Day2.OutlookIcon)]</texture>				
                        <include>Widget_WeatherIconWide</include>
                    </control>
                </control>
                <control type="group">
                    <include>Widget_Weather4DayGroup</include>
                    <animation effect="fade" start="0" end="100" delay="1900" time="400">Visible</animation>				
                    <control type="image">
                        <include>Widget_WeatherBackWide</include>
                    </control>
                    <control type="label">
                        <include>Widget_WeatherTitleWide</include>
                        <label fallback="-">$INFO[Window(Weather).Property(Day3.Title)]</label>
                    </control>
                    <control type="label">
                        <posx>0</posx>
                        <include>Widget_WeatherTempWide</include>
                        <label fallback="-">$INFO[Window(Weather).Property(Day3.HighTemp)]</label>
                    </control>
                    <control type="label">
                        <posx>99</posx>
                        <include>Widget_WeatherTempWide</include>
                        <label fallback="-">$INFO[Window(Weather).Property(Day3.LowTemp)]</label>
                    </control>
                    <control type="image">
                        <texture>$INFO[Window(Weather).Property(Day3.OutlookIcon)]</texture>				
                        <include>Widget_WeatherIconWide</include>
                    </control>
                </control>
            </control>
            <!-- 7 day -->
            <control type="grouplist">
                <posx>294</posx>
                <orientation>horizontal</orientation>
                <visible>StringCompare(Window(Home).Property(WeatherOverride),7day) | [IsEmpty(Window(Weather).Property(Alerts)) + Skin.HasSetting(WeatherWidget7Day) + !IsEmpty(Window(Weather).Property(Daily.7.Date)) + StringCompare(Weather.Plugin,weather.com plus) + IsEmpty(Window(Home).Property(WeatherOverride))]</visible>
                <control type="group">
                    <include>Widget_Weather7DayGroup</include>
                    <animation effect="fade" start="0" end="100" delay="1600" time="400">Visible</animation>				
                    <control type="image">
                        <include>Widget_WeatherBackNarrow</include>
                    </control>
                    <control type="label">
                        <include>Widget_WeatherTitleNarrow</include>
                        <label fallback="-">$INFO[Window(Weather).Property(Daily.1.ShortDay)]</label>
                    </control>
                    <control type="label">
                        <include>Widget_WeatherSubitleNarrow</include>
                        <label fallback="-">$INFO[Window(Weather).Property(Daily.1.Date)]</label>
                    </control>
                    <control type="label">
                        <posx>0</posx>
                        <include>Widget_WeatherTempHighNarrow</include>
                        <label fallback="-">$INFO[Window(Weather).Property(Daily.1.HighTemperature)]</label>
                    </control>
                    <control type="label">
                        <include>Widget_WeatherTempLowNarrow</include>
                        <label fallback="-">$INFO[Window(Weather).Property(Daily.1.LowTemperature)]</label>
                    </control>
                    <control type="image">
                        <texture>$INFO[Window(Weather).Property(Daily.1.OutlookIcon)]</texture>				
                        <include>Widget_WeatherIconNarrow</include>
                    </control>
                </control>
                <control type="group">
                    <include>Widget_Weather7DayGroup</include>
                    <animation effect="fade" start="0" end="100" delay="1650" time="400">Visible</animation>				
                    <control type="image">
                        <include>Widget_WeatherBackNarrow</include>
                    </control>
                    <control type="label">
                        <include>Widget_WeatherTitleNarrow</include>
                        <label fallback="-">$INFO[Window(Weather).Property(Daily.2.ShortDay)]</label>
                    </control>
                    <control type="label">
                        <include>Widget_WeatherSubitleNarrow</include>
                        <label fallback="-">$INFO[Window(Weather).Property(Daily.2.Date)]</label>
                    </control>
                    <control type="label">
                        <posx>0</posx>
                        <include>Widget_WeatherTempHighNarrow</include>
                        <label fallback="-">$INFO[Window(Weather).Property(Daily.2.HighTemperature)]</label>
                    </control>
                    <control type="label">
                        <include>Widget_WeatherTempLowNarrow</include>
                        <label fallback="-">$INFO[Window(Weather).Property(Daily.2.LowTemperature)]</label>
                    </control>
                    <control type="image">
                        <texture>$INFO[Window(Weather).Property(Daily.2.OutlookIcon)]</texture>				
                        <include>Widget_WeatherIconNarrow</include>
                    </control>
                </control>
                <control type="group">
                    <include>Widget_Weather7DayGroup</include>
                    <animation effect="fade" start="0" end="100" delay="1700" time="400">Visible</animation>				
                    <control type="image">
                        <include>Widget_WeatherBackNarrow</include>
                    </control>
                    <control type="label">
                        <include>Widget_WeatherTitleNarrow</include>
                        <label fallback="-">$INFO[Window(Weather).Property(Daily.3.ShortDay)]</label>
                    </control>
                    <control type="label">
                        <include>Widget_WeatherSubitleNarrow</include>
                        <label fallback="-">$INFO[Window(Weather).Property(Daily.3.Date)]</label>
                    </control>
                    <control type="label">
                        <posx>0</posx>
                        <include>Widget_WeatherTempHighNarrow</include>
                        <label fallback="-">$INFO[Window(Weather).Property(Daily.3.HighTemperature)]</label>
                    </control>
                    <control type="label">
                        <include>Widget_WeatherTempLowNarrow</include>
                        <label fallback="-">$INFO[Window(Weather).Property(Daily.3.LowTemperature)]</label>
                    </control>
                    <control type="image">
                        <texture>$INFO[Window(Weather).Property(Daily.3.OutlookIcon)]</texture>				
                        <include>Widget_WeatherIconNarrow</include>
                    </control>
                </control>
                <control type="group">
                    <include>Widget_Weather7DayGroup</include>
                    <animation effect="fade" start="0" end="100" delay="1750" time="400">Visible</animation>				
                    <control type="image">
                        <include>Widget_WeatherBackNarrow</include>
                    </control>
                    <control type="label">
                        <include>Widget_WeatherTitleNarrow</include>
                        <label fallback="-">$INFO[Window(Weather).Property(Daily.4.ShortDay)]</label>
                    </control>
                    <control type="label">
                        <include>Widget_WeatherSubitleNarrow</include>
                        <label fallback="-">$INFO[Window(Weather).Property(Daily.4.Date)]</label>
                    </control>
                    <control type="label">
                        <posx>0</posx>
                        <include>Widget_WeatherTempHighNarrow</include>
                        <label fallback="-">$INFO[Window(Weather).Property(Daily.4.HighTemperature)]</label>
                    </control>
                    <control type="label">
                        <include>Widget_WeatherTempLowNarrow</include>
                        <label fallback="-">$INFO[Window(Weather).Property(Daily.4.LowTemperature)]</label>
                    </control>
                    <control type="image">
                        <texture>$INFO[Window(Weather).Property(Daily.4.OutlookIcon)]</texture>				
                        <include>Widget_WeatherIconNarrow</include>
                    </control>
                </control>
                <control type="group">
                    <include>Widget_Weather7DayGroup</include>
                    <animation effect="fade" start="0" end="100" delay="1800" time="400">Visible</animation>				
                    <control type="image">
                        <include>Widget_WeatherBackNarrow</include>
                    </control>
                    <control type="label">
                        <include>Widget_WeatherTitleNarrow</include>
                        <label fallback="-">$INFO[Window(Weather).Property(Daily.5.ShortDay)]</label>
                    </control>
                    <control type="label">
                        <include>Widget_WeatherSubitleNarrow</include>
                        <label fallback="-">$INFO[Window(Weather).Property(Daily.5.Date)]</label>
                    </control>
                    <control type="label">
                        <posx>0</posx>
                        <include>Widget_WeatherTempHighNarrow</include>
                        <label fallback="-">$INFO[Window(Weather).Property(Daily.5.HighTemperature)]</label>
                    </control>
                    <control type="label">
                        <include>Widget_WeatherTempLowNarrow</include>
                        <label fallback="-">$INFO[Window(Weather).Property(Daily.5.LowTemperature)]</label>
                    </control>
                    <control type="image">
                        <texture>$INFO[Window(Weather).Property(Daily.5.OutlookIcon)]</texture>				
                        <include>Widget_WeatherIconNarrow</include>
                    </control>
                </control>
                <control type="group">
                    <include>Widget_Weather7DayGroup</include>
                    <animation effect="fade" start="0" end="100" delay="1850" time="400">Visible</animation>				
                    <control type="image">
                        <include>Widget_WeatherBackNarrow</include>
                    </control>
                    <control type="label">
                        <include>Widget_WeatherTitleNarrow</include>
                        <label fallback="-">$INFO[Window(Weather).Property(Daily.6.ShortDay)]</label>
                    </control>
                    <control type="label">
                        <include>Widget_WeatherSubitleNarrow</include>
                        <label fallback="-">$INFO[Window(Weather).Property(Daily.6.Date)]</label>
                    </control>
                    <control type="label">
                        <posx>0</posx>
                        <include>Widget_WeatherTempHighNarrow</include>
                        <label fallback="-">$INFO[Window(Weather).Property(Daily.6.HighTemperature)]</label>
                    </control>
                    <control type="label">
                        <include>Widget_WeatherTempLowNarrow</include>
                        <label fallback="-">$INFO[Window(Weather).Property(Daily.6.LowTemperature)]</label>
                    </control>
                    <control type="image">
                        <texture>$INFO[Window(Weather).Property(Daily.6.OutlookIcon)]</texture>				
                        <include>Widget_WeatherIconNarrow</include>
                    </control>
                </control>
                <control type="group">
                    <include>Widget_Weather7DayGroup</include>
                    <animation effect="fade" start="0" end="100" delay="1900" time="400">Visible</animation>				
                    <control type="image">
                        <include>Widget_WeatherBackNarrow</include>
                    </control>
                    <control type="label">
                        <include>Widget_WeatherTitleNarrow</include>
                        <label fallback="-">$INFO[Window(Weather).Property(Daily.7.ShortDay)]</label>
                    </control>
                    <control type="label">
                        <include>Widget_WeatherSubitleNarrow</include>
                        <label fallback="-">$INFO[Window(Weather).Property(Daily.7.Date)]</label>
                    </control>
                    <control type="label">
                        <posx>0</posx>
                        <include>Widget_WeatherTempHighNarrow</include>
                        <label fallback="-">$INFO[Window(Weather).Property(Daily.7.HighTemperature)]</label>
                    </control>
                    <control type="label">
                        <include>Widget_WeatherTempLowNarrow</include>
                        <label fallback="-">$INFO[Window(Weather).Property(Daily.7.LowTemperature)]</label>
                    </control>
                    <control type="image">
                        <texture>$INFO[Window(Weather).Property(Daily.7.OutlookIcon)]</texture>				
                        <include>Widget_WeatherIconNarrow</include>
                    </control>
                </control>
            </control>
            <!-- Weekend -->
            <control type="grouplist">
                <posx>312</posx>
                <orientation>horizontal</orientation>
                <visible>StringCompare(Window(Home).Property(WeatherOverride),weekend) | [IsEmpty(Window(Weather).Property(Alerts)) + Skin.HasSetting(WeatherWidgetWeekend) + !IsEmpty(Window(Weather).Property(Weekend.3.OutlookIcon)) + StringCompare(Weather.Plugin,weather.com plus) + IsEmpty(Window(Home).Property(WeatherOverride))]</visible>
                <control type="group">
                    <include>Widget_WeatherWeekendGroup</include>
                    <animation effect="fade" start="0" end="100" delay="1600" time="400">Visible</animation>				
                    <control type="image">
                        <width>266</width>
                        <include>Widget_WeatherBackWide</include>
                    </control>
                    <control type="label">
                        <width>246</width>
                        <include>Widget_WeatherTitleWide</include>
                        <label fallback="-">15</label>
                    </control>
                    <control type="label">
                        <posx>0</posx>
                        <width>130</width>
                        <include>Widget_WeatherTempWide</include>
                        <label fallback="-">$INFO[Window(Weather).Property(Weekend.1.HighTemperature)]</label>
                    </control>
                    <control type="label">
                        <posx>135</posx>
                        <width>130</width>
                        <include>Widget_WeatherTempWide</include>
                        <label fallback="-">$INFO[Window(Weather).Property(Weekend.1.LowTemperature)]</label>
                    </control>
                    <control type="image">
                        <width>266</width>
                        <texture>$INFO[Window(Weather).Property(Weekend.1.OutlookIcon)]</texture>				
                        <include>Widget_WeatherIconWide</include>
                    </control>
                </control>
                <control type="group">
                    <include>Widget_WeatherWeekendGroup</include>
                    <animation effect="fade" start="0" end="100" delay="1700" time="400">Visible</animation>				
                    <control type="image">
                        <width>266</width>
                        <include>Widget_WeatherBackWide</include>
                    </control>
                    <control type="label">
                        <width>246</width>
                        <include>Widget_WeatherTitleWide</include>
                        <label fallback="-">16</label>
                    </control>
                    <control type="label">
                        <posx>0</posx>
                        <width>130</width>
                        <include>Widget_WeatherTempWide</include>
                        <label fallback="-">$INFO[Window(Weather).Property(Weekend.2.HighTemperature)]</label>
                    </control>
                    <control type="label">
                        <posx>135</posx>
                        <width>130</width>
                        <include>Widget_WeatherTempWide</include>
                        <label fallback="-">$INFO[Window(Weather).Property(Weekend.2.LowTemperature)]</label>
                    </control>
                    <control type="image">
                        <width>266</width>
                        <texture>$INFO[Window(Weather).Property(Weekend.2.OutlookIcon)]</texture>				
                        <include>Widget_WeatherIconWide</include>
                    </control>
                </control>
                <control type="group">
                    <include>Widget_WeatherWeekendGroup</include>
                    <animation effect="fade" start="0" end="100" delay="1800" time="400">Visible</animation>				
                    <control type="image">
                        <width>266</width>
                        <include>Widget_WeatherBackWide</include>
                    </control>
                    <control type="label">
                        <width>246</width>
                        <include>Widget_WeatherTitleWide</include>
                        <label fallback="-">17</label>
                    </control>
                    <control type="label">
                        <posx>0</posx>
                        <width>130</width>
                        <include>Widget_WeatherTempWide</include>
                        <label fallback="-">$INFO[Window(Weather).Property(Weekend.3.HighTemperature)]</label>
                    </control>
                    <control type="label">
                        <posx>135</posx>
                        <width>130</width>
                        <include>Widget_WeatherTempWide</include>
                        <label fallback="-">$INFO[Window(Weather).Property(Weekend.3.LowTemperature)]</label>
                    </control>
                    <control type="image">
                        <width>266</width>
                        <texture>$INFO[Window(Weather).Property(Weekend.3.OutlookIcon)]</texture>				
                        <include>Widget_WeatherIconWide</include>
                    </control>
                </control>
            </control>

            <!-- 36 hour -->
            <control type="grouplist">
                <posx>312</posx>
                <orientation>horizontal</orientation>
                <visible>StringCompare(Window(Home).Property(WeatherOverride),36hour) | [IsEmpty(Window(Weather).Property(Alerts)) + Skin.HasSetting(WeatherWidget36Hour) + !IsEmpty(Window(Weather).Property(36Hour.3.Heading)) + StringCompare(Weather.Plugin,weather.com plus) + IsEmpty(Window(Home).Property(WeatherOverride))]</visible>
                <control type="group">
                    <include>Widget_WeatherWeekendGroup</include>
                    <animation effect="fade" start="0" end="100" delay="1600" time="400">Visible</animation>				
                    <control type="image">
                        <width>266</width>
                        <include>Widget_WeatherBackWide</include>
                    </control>
                    <control type="label">
                        <width>246</width>
                        <include>Widget_WeatherTitleWide</include>
                        <label fallback="-">$INFO[Window(Weather).Property(36Hour.1.Heading)]</label>
                    </control>
                    <control type="label">
                        <posx>0</posx>
                        <width>130</width>
                        <include>Widget_WeatherTempWide</include>
                        <label fallback="-">[COLOR=$INFO[Window(Weather).Property(36Hour.1.TemperatureColor)]]$INFO[Window(Weather).Property(36Hour.1.Temperature)][/COLOR]</label>
                    </control>
                    <control type="label">
                        <posx>135</posx>
                        <width>130</width>
                        <font>Font_WidgetMedium</font>
                        <include>Widget_WeatherTempWide</include>
                        <label fallback="-">$INFO[Window(Weather).Property(36Hour.1.Precipitation)]</label>
                    </control>
                    <control type="image">
                        <width>266</width>
                        <texture>$INFO[Window(Weather).Property(36Hour.1.OutlookIcon)]</texture>				
                        <include>Widget_WeatherIconWide</include>
                    </control>
                </control>
                <control type="group">
                    <include>Widget_WeatherWeekendGroup</include>
                    <animation effect="fade" start="0" end="100" delay="1700" time="400">Visible</animation>				
                    <control type="image">
                        <width>266</width>
                        <include>Widget_WeatherBackWide</include>
                    </control>
                    <control type="label">
                        <width>246</width>
                        <include>Widget_WeatherTitleWide</include>
                        <label fallback="-">$INFO[Window(Weather).Property(36Hour.2.Heading)]</label>
                    </control>
                    <control type="label">
                        <posx>0</posx>
                        <width>130</width>
                        <include>Widget_WeatherTempWide</include>
                        <label fallback="-">[COLOR=$INFO[Window(Weather).Property(36Hour.2.TemperatureColor)]]$INFO[Window(Weather).Property(36Hour.2.Temperature)][/COLOR]</label>
                    </control>
                    <control type="label">
                        <posx>135</posx>
                        <width>130</width>
                        <font>Font_WidgetMedium</font>
                        <include>Widget_WeatherTempWide</include>
                        <label fallback="-">$INFO[Window(Weather).Property(36Hour.2.Precipitation)]</label>
                    </control>
                    <control type="image">
                        <width>266</width>
                        <texture>$INFO[Window(Weather).Property(36Hour.2.OutlookIcon)]</texture>				
                        <include>Widget_WeatherIconWide</include>
                    </control>
                </control>
                <control type="group">
                    <include>Widget_WeatherWeekendGroup</include>
                    <animation effect="fade" start="0" end="100" delay="1800" time="400">Visible</animation>				
                    <control type="image">
                        <width>266</width>
                        <include>Widget_WeatherBackWide</include>
                    </control>
                    <control type="label">
                        <width>246</width>
                        <include>Widget_WeatherTitleWide</include>
                        <label fallback="-">$INFO[Window(Weather).Property(36Hour.3.Heading)]</label>
                    </control>
                    <control type="label">
                        <posx>0</posx>
                        <width>130</width>
                        <include>Widget_WeatherTempWide</include>
                        <label fallback="-">[COLOR=$INFO[Window(Weather).Property(36Hour.3.TemperatureColor)]]$INFO[Window(Weather).Property(36Hour.3.Temperature)][/COLOR]</label>
                    </control>
                    <control type="label">
                        <posx>135</posx>
                        <width>130</width>
                        <font>Font_WidgetMedium</font>
                        <include>Widget_WeatherTempWide</include>
                        <label fallback="-">$INFO[Window(Weather).Property(36Hour.3.Precipitation)]</label>
                    </control>
                    <control type="image">
                        <width>266</width>
                        <texture>$INFO[Window(Weather).Property(36Hour.3.OutlookIcon)]</texture>				
                        <include>Widget_WeatherIconWide</include>
                    </control>
                </control>
            </control>
            <!-- Alerts -->
            <control type="group">
                <posx>310</posx>
                <visible>[!IsEmpty(Window(Weather).Property(Alerts)) + IsEmpty(Window(Home).Property(WeatherOverride))] | StringCompare(Window(Home).Property(WeatherOverride),alerts)</visible>
				<control type="image">
                    <include>Conditions_Weather</include>
                    <posx>0</posx>
                    <posy>0</posy>
                    <width>900</width>
                    <height>287</height>
                    <texture border="20">widgets/widget_weather_background_alert.png</texture>	
                    <animation effect="fade" start="0" end="100" delay="1600" time="400">Visible</animation>				
                    <animation effect="fade" start="100" end="0" time="200">Hidden</animation>
				</control>
                <control type="textbox">
                    <include>Conditions_Weather</include>
                    <posx>10</posx>
                    <posy>10</posy>
                    <width>880</width>
                    <height>267</height>
                    <textcolor>FFFFFFFF</textcolor>
                    <pagecontrol>-</pagecontrol>
                    <scrolltime>200</scrolltime>
                    <align>left</align>
                    <aligny>top</aligny>
                    <spinheight>-5</spinheight>
                    <info>Window(Weather).Property(Alerts)</info>
                    <autoscroll time="2000" delay="10000" repeat="15000">VisibleChange</autoscroll>
                    <animation effect="fade" start="0" end="100" delay="1600" time="400">Visible</animation>				
                    <animation effect="fade" start="100" end="0" time="200">Hidden</animation>
                </control>
            </control>
        </control>
    </include>
</includes>