<settings>
    <mymusic>
        <playlist>
            <repeat>false</repeat>
            <shuffle>false</shuffle>
        </playlist>
        <scanning>
            <isscanning>false</isscanning>
        </scanning>
        <startwindow>10501</startwindow>
        <songinfoinvis>true</songinfoinvis>
        <songthumbinvis>false</songthumbinvis>
        <defaultlibview pathversion="1"></defaultlibview>
    </mymusic>
    <myvideos>
        <startwindow>10024</startwindow>
        <stackvideomode>0</stackvideomode>
        <defaultlibview pathversion="1"></defaultlibview>
        <watchmodemovies>0</watchmodemovies>
        <watchmodetvshows>0</watchmodetvshows>
        <watchmodeseasons>0</watchmodeseasons>
        <watchmodeepisodes>0</watchmodeepisodes>
        <watchmodemusicvideos>0</watchmodemusicvideos>
        <flatten>false</flatten>
        <playlist>
            <repeat>false</repeat>
            <shuffle>false</shuffle>
        </playlist>
        <cleanstrings>false</cleanstrings>
        <extractflags>true</extractflags>
        <extractthumb>true</extractthumb>
        <treatstackasfile>true</treatstackasfile>
    </myvideos>
    <viewstates>
        <musicnavartists>
            <viewmode>65536</viewmode>
            <sortmethod>1</sortmethod>
            <sortorder>1</sortorder>
        </musicnavartists>
        <musicnavalbums>
            <viewmode>65536</viewmode>
            <sortmethod>1</sortmethod>
            <sortorder>1</sortorder>
        </musicnavalbums>
        <musicnavsongs>
            <viewmode>65536</viewmode>
            <sortmethod>1</sortmethod>
            <sortorder>1</sortorder>
        </musicnavsongs>
        <musicshoutcast>
            <viewmode>65536</viewmode>
            <sortmethod>1</sortmethod>
            <sortorder>1</sortorder>
        </musicshoutcast>
        <musiclastfm>
            <viewmode>65536</viewmode>
            <sortmethod>1</sortmethod>
            <sortorder>1</sortorder>
        </musiclastfm>
        <videonavactors>
            <viewmode>65536</viewmode>
            <sortmethod>1</sortmethod>
            <sortorder>1</sortorder>
        </videonavactors>
        <videonavyears>
            <viewmode>65536</viewmode>
            <sortmethod>1</sortmethod>
            <sortorder>1</sortorder>
        </videonavyears>
        <videonavgenres>
            <viewmode>65536</viewmode>
            <sortmethod>1</sortmethod>
            <sortorder>1</sortorder>
        </videonavgenres>
        <videonavtitles>
            <viewmode>65536</viewmode>
            <sortmethod>1</sortmethod>
            <sortorder>1</sortorder>
        </videonavtitles>
        <videonavepisodes>
            <viewmode>65536</viewmode>
            <sortmethod>1</sortmethod>
            <sortorder>1</sortorder>
        </videonavepisodes>
        <videonavseasons>
            <viewmode>65536</viewmode>
            <sortmethod>1</sortmethod>
            <sortorder>1</sortorder>
        </videonavseasons>
        <videonavtvshows>
            <viewmode>65536</viewmode>
            <sortmethod>1</sortmethod>
            <sortorder>1</sortorder>
        </videonavtvshows>
        <videonavmusicvideos>
            <viewmode>65536</viewmode>
            <sortmethod>1</sortmethod>
            <sortorder>1</sortorder>
        </videonavmusicvideos>
        <programs>
            <viewmode>65536</viewmode>
            <sortmethod>1</sortmethod>
            <sortorder>1</sortorder>
        </programs>
        <pictures>
            <viewmode>65536</viewmode>
            <sortmethod>1</sortmethod>
            <sortorder>1</sortorder>
        </pictures>
        <videofiles>
            <viewmode>65536</viewmode>
            <sortmethod>1</sortmethod>
            <sortorder>1</sortorder>
        </videofiles>
        <musicfiles>
            <viewmode>65536</viewmode>
            <sortmethod>1</sortmethod>
            <sortorder>1</sortorder>
        </musicfiles>
    </viewstates>
    <general>
        <systemtotaluptime>4015</systemtotaluptime>
        <httpapibroadcastport>8278</httpapibroadcastport>
        <httpapibroadcastlevel>0</httpapibroadcastlevel>
    </general>
    <defaultvideosettings>
        <interlacemethod>0</interlacemethod>
        <scalingmethod>1</scalingmethod>
        <noisereduction>0.000000</noisereduction>
        <sharpness>0.000000</sharpness>
        <viewmode>0</viewmode>
        <zoomamount>1.000000</zoomamount>
        <pixelratio>1.000000</pixelratio>
        <volumeamplification>0.000000</volumeamplification>
        <outputtoallspeakers>false</outputtoallspeakers>
        <showsubtitles>true</showsubtitles>
        <brightness>50.000000</brightness>
        <contrast>50.000000</contrast>
        <gamma>20.000000</gamma>
        <audiodelay>0.000000</audiodelay>
        <subtitledelay>0.000000</subtitledelay>
        <autocrop>false</autocrop>
        <nonlinstretch>false</nonlinstretch>
        <addonautoupdate>true</addonautoupdate>
    </defaultvideosettings>
    <audio>
        <volumelevel>0</volumelevel>
        <dynamicrangecompression>0</dynamicrangecompression>
    </audio>
    <resolutions>
        <resolution>
            <description>Windowed</description>
            <subtitles>651</subtitles>
            <pixelratio>1.000000</pixelratio>
            <overscan>
                <left>0</left>
                <top>0</top>
                <right>1177</right>
                <bottom>675</bottom>
            </overscan>
        </resolution>
        <resolution>
            <description>1920x1080 @ 60.00 - Full Screen</description>
            <subtitles>1042</subtitles>
            <pixelratio>1.000000</pixelratio>
            <overscan>
                <left>0</left>
                <top>0</top>
                <right>1920</right>
                <bottom>1080</bottom>
            </overscan>
        </resolution>
        <resolution>
            <description>640x480 @ 60.00 - Full Screen</description>
            <subtitles>463</subtitles>
            <pixelratio>1.000000</pixelratio>
            <overscan>
                <left>0</left>
                <top>0</top>
                <right>640</right>
                <bottom>480</bottom>
            </overscan>
        </resolution>
        <resolution>
            <description>320x200 @ 60.00 - Full Screen</description>
            <subtitles>193</subtitles>
            <pixelratio>1.000000</pixelratio>
            <overscan>
                <left>0</left>
                <top>0</top>
                <right>320</right>
                <bottom>200</bottom>
            </overscan>
        </resolution>
        <resolution>
            <description>320x240 @ 60.00 - Full Screen</description>
            <subtitles>231</subtitles>
            <pixelratio>1.000000</pixelratio>
            <overscan>
                <left>0</left>
                <top>0</top>
                <right>320</right>
                <bottom>240</bottom>
            </overscan>
        </resolution>
        <resolution>
            <description>400x300 @ 60.00 - Full Screen</description>
            <subtitles>289</subtitles>
            <pixelratio>1.000000</pixelratio>
            <overscan>
                <left>0</left>
                <top>0</top>
                <right>400</right>
                <bottom>300</bottom>
            </overscan>
        </resolution>
        <resolution>
            <description>480x360 @ 60.00 - Full Screen</description>
            <subtitles>347</subtitles>
            <pixelratio>1.000000</pixelratio>
            <overscan>
                <left>0</left>
                <top>0</top>
                <right>480</right>
                <bottom>360</bottom>
            </overscan>
        </resolution>
        <resolution>
            <description>512x384 @ 60.00 - Full Screen</description>
            <subtitles>370</subtitles>
            <pixelratio>1.000000</pixelratio>
            <overscan>
                <left>0</left>
                <top>0</top>
                <right>512</right>
                <bottom>384</bottom>
            </overscan>
        </resolution>
        <resolution>
            <description>640x400 @ 60.00 - Full Screen</description>
            <subtitles>386</subtitles>
            <pixelratio>1.000000</pixelratio>
            <overscan>
                <left>0</left>
                <top>0</top>
                <right>640</right>
                <bottom>400</bottom>
            </overscan>
        </resolution>
        <resolution>
            <description>640x480 @ 75.00 - Full Screen</description>
            <subtitles>463</subtitles>
            <pixelratio>1.000000</pixelratio>
            <overscan>
                <left>0</left>
                <top>0</top>
                <right>640</right>
                <bottom>480</bottom>
            </overscan>
        </resolution>
        <resolution>
            <description>800x600 @ 60.00 - Full Screen</description>
            <subtitles>579</subtitles>
            <pixelratio>1.000000</pixelratio>
            <overscan>
                <left>0</left>
                <top>0</top>
                <right>800</right>
                <bottom>600</bottom>
            </overscan>
        </resolution>
        <resolution>
            <description>800x600 @ 75.00 - Full Screen</description>
            <subtitles>579</subtitles>
            <pixelratio>1.000000</pixelratio>
            <overscan>
                <left>0</left>
                <top>0</top>
                <right>800</right>
                <bottom>600</bottom>
            </overscan>
        </resolution>
        <resolution>
            <description>1024x768 @ 60.00 - Full Screen</description>
            <subtitles>741</subtitles>
            <pixelratio>1.000000</pixelratio>
            <overscan>
                <left>0</left>
                <top>0</top>
                <right>1024</right>
                <bottom>768</bottom>
            </overscan>
        </resolution>
        <resolution>
            <description>1024x768 @ 75.00 - Full Screen</description>
            <subtitles>741</subtitles>
            <pixelratio>1.000000</pixelratio>
            <overscan>
                <left>0</left>
                <top>0</top>
                <right>1024</right>
                <bottom>768</bottom>
            </overscan>
        </resolution>
        <resolution>
            <description>1152x864 @ 75.00 - Full Screen</description>
            <subtitles>833</subtitles>
            <pixelratio>1.000000</pixelratio>
            <overscan>
                <left>0</left>
                <top>0</top>
                <right>1152</right>
                <bottom>864</bottom>
            </overscan>
        </resolution>
        <resolution>
            <description>1280x1024 @ 60.00 - Full Screen</description>
            <subtitles>988</subtitles>
            <pixelratio>1.000000</pixelratio>
            <overscan>
                <left>0</left>
                <top>0</top>
                <right>1280</right>
                <bottom>1024</bottom>
            </overscan>
        </resolution>
        <resolution>
            <description>1280x1024 @ 75.00 - Full Screen</description>
            <subtitles>988</subtitles>
            <pixelratio>1.000000</pixelratio>
            <overscan>
                <left>0</left>
                <top>0</top>
                <right>1280</right>
                <bottom>1024</bottom>
            </overscan>
        </resolution>
        <resolution>
            <description>1600x900 @ 60.00 - Full Screen</description>
            <subtitles>868</subtitles>
            <pixelratio>1.000000</pixelratio>
            <overscan>
                <left>0</left>
                <top>0</top>
                <right>1600</right>
                <bottom>900</bottom>
            </overscan>
        </resolution>
    </resolutions>
    <audiocds>
        <autorun>false</autorun>
        <bitrate>192</bitrate>
        <encoder>0</encoder>
        <quality>0</quality>
        <recordingpath pathversion="1">select writable folder</recordingpath>
        <sep1></sep1>
        <trackpathformat>%A - %B/[%N. ][%A - ]%T</trackpathformat>
        <usecddb>true</usecddb>
    </audiocds>
    <audiooutput>
        <aacpassthrough>false</aacpassthrough>
        <ac3passthrough>true</ac3passthrough>
        <audiodevice>Default</audiodevice>
        <channellayout>0</channellayout>
        <dontnormalizelevels>true</dontnormalizelevels>
        <dtspassthrough>true</dtspassthrough>
        <mode>0</mode>
        <mp1passthrough>false</mp1passthrough>
        <mp2passthrough>false</mp2passthrough>
        <mp3passthrough>false</mp3passthrough>
    </audiooutput>
    <cache>
        <harddisk>256</harddisk>
        <sep1></sep1>
        <sep2></sep2>
        <sep3></sep3>
        <sep4></sep4>
    </cache>
    <cacheaudio>
        <dvdrom>256</dvdrom>
        <internet>256</internet>
        <lan>256</lan>
    </cacheaudio>
    <cachedvd>
        <dvdrom>2048</dvdrom>
        <lan>2048</lan>
    </cachedvd>
    <cacheunknown>
        <internet>4096</internet>
    </cacheunknown>
    <cachevideo>
        <dvdrom>2048</dvdrom>
        <internet>4096</internet>
        <lan>2048</lan>
    </cachevideo>
    <debug>
        <screenshotpath pathversion="1">select writable folder</screenshotpath>
        <showloginfo>false</showloginfo>
    </debug>
    <dvds>
        <automenu>false</automenu>
        <autorun>false</autorun>
        <playerregion>0</playerregion>
    </dvds>
    <filelists>
        <allowfiledeletion>false</allowfiledeletion>
        <ignorethewhensorting>true</ignorethewhensorting>
        <showaddsourcebuttons>true</showaddsourcebuttons>
        <showextensions>true</showextensions>
        <showhidden>false</showhidden>
        <showparentdiritems>true</showparentdiritems>
    </filelists>
    <input>
        <enablemouse>true</enablemouse>
        <remoteaskeyboard>false</remoteaskeyboard>
    </input>
    <karaoke>
        <autopopupselector>false</autopopupselector>
        <charset>DEFAULT</charset>
        <enabled>false</enabled>
        <export></export>
        <font>arial.ttf</font>
        <fontcolors>0</fontcolors>
        <fontheight>36</fontheight>
        <importcsv></importcsv>
        <sep1></sep1>
        <sep2></sep2>
    </karaoke>
    <locale>
        <charset>DEFAULT</charset>
        <country>USA</country>
        <language>english</language>
    </locale>
    <lookandfeel>
        <enablerssfeeds>true</enablerssfeeds>
        <font>Default</font>
        <rssedit></rssedit>
        <sep2></sep2>
        <skin>skin.confluence.weather</skin>
        <skincolors>SKINDEFAULT</skincolors>
        <skintheme>SKINDEFAULT</skintheme>
        <skinzoom>0</skinzoom>
        <soundskin>SKINDEFAULT</soundskin>
        <startupwindow>10000</startupwindow>
    </lookandfeel>
    <masterlock>
        <lockcode>-</lockcode>
        <maxretries>3</maxretries>
        <startuplock>false</startuplock>
    </masterlock>
    <musicfiles>
        <findremotethumbs>true</findremotethumbs>
        <librarytrackformat></librarytrackformat>
        <librarytrackformatright></librarytrackformatright>
        <nowplayingtrackformat></nowplayingtrackformat>
        <nowplayingtrackformatright></nowplayingtrackformatright>
        <trackformat>[%N. ]%A - %T</trackformat>
        <trackformatright>%D</trackformatright>
        <usetags>true</usetags>
    </musicfiles>
    <musiclibrary>
        <backgroundupdate>false</backgroundupdate>
        <cleanup></cleanup>
        <downloadinfo>false</downloadinfo>
        <enabled>true</enabled>
        <export></export>
        <import></import>
        <scraper>allmusic.xml</scraper>
        <sep1></sep1>
        <sep2></sep2>
        <showcompilationartists>true</showcompilationartists>
        <updateonstartup>false</updateonstartup>
    </musiclibrary>
    <musicplayer>
        <autoplaynextitem>true</autoplaynextitem>
        <crossfade>0</crossfade>
        <crossfadealbumtracks>true</crossfadealbumtracks>
        <queuebydefault>false</queuebydefault>
        <replaygainavoidclipping>false</replaygainavoidclipping>
        <replaygainnogainpreamp>89</replaygainnogainpreamp>
        <replaygainpreamp>89</replaygainpreamp>
        <replaygaintype>1</replaygaintype>
        <sep1></sep1>
        <sep3></sep3>
        <visualisation>MilkDrop_win32dx.vis</visualisation>
    </musicplayer>
    <network>
        <httpproxypassword></httpproxypassword>
        <httpproxyport>8080</httpproxyport>
        <httpproxyserver></httpproxyserver>
        <httpproxyusername></httpproxyusername>
        <usehttpproxy>false</usehttpproxy>
    </network>
    <pictures>
        <displayresolution>10</displayresolution>
        <generatethumbs>true</generatethumbs>
        <showvideos>false</showvideos>
        <useexifrotation>true</useexifrotation>
        <usetags>true</usetags>
    </pictures>
    <postprocessing>
        <auto>true</auto>
        <autobrightnesscontrastlevels>false</autobrightnesscontrastlevels>
        <dering>false</dering>
        <enable>false</enable>
        <horizontaldeblocking>false</horizontaldeblocking>
        <horizontaldeblocklevel>0</horizontaldeblocklevel>
        <verticaldeblocking>false</verticaldeblocking>
        <verticaldeblocklevel>0</verticaldeblocklevel>
    </postprocessing>
    <powermanagement>
        <displaysoff>0</displaysoff>
        <shutdownstate>0</shutdownstate>
        <shutdowntime>0</shutdowntime>
    </powermanagement>
    <scrapers>
        <langfallback>false</langfallback>
        <moviedefault>tmdb.xml</moviedefault>
        <musicvideodefault>mtv.xml</musicvideodefault>
        <sep2></sep2>
        <tvshowdefault>tvdb.xml</tvshowdefault>
    </scrapers>
    <screensaver>
        <dimlevel>20</dimlevel>
        <mode>_virtual.dim</mode>
        <preview></preview>
        <sep1></sep1>
        <sep2></sep2>
        <slideshowpath pathversion="1"></slideshowpath>
        <time>3</time>
        <usedimonpause>true</usedimonpause>
        <usemusicvisinstead>true</usemusicvisinstead>
    </screensaver>
    <scrobbler>
        <lastfmpass></lastfmpass>
        <lastfmsubmit>false</lastfmsubmit>
        <lastfmsubmitradio>false</lastfmsubmitradio>
        <lastfmusername></lastfmusername>
        <librefmpass></librefmpass>
        <librefmsubmit>false</librefmsubmit>
        <librefmusername></librefmusername>
        <sep1></sep1>
    </scrobbler>
    <services>
        <esallinterfaces>false</esallinterfaces>
        <escontinuousdelay>25</escontinuousdelay>
        <esenabled>true</esenabled>
        <esinitialdelay>750</esinitialdelay>
        <esmaxclients>20</esmaxclients>
        <esport>9777</esport>
        <esportrange>10</esportrange>
        <sep1></sep1>
        <sep3></sep3>
        <upnprenderer>false</upnprenderer>
        <upnpserver>false</upnpserver>
        <webserver>false</webserver>
        <webserverpassword></webserverpassword>
        <webserverport>80</webserverport>
        <webserverusername>xbmc</webserverusername>
    </services>
    <slideshow>
        <displayeffects>true</displayeffects>
        <shuffle>false</shuffle>
        <staytime>5</staytime>
    </slideshow>
    <subtitles>
        <charset>DEFAULT</charset>
        <color>1</color>
        <custompath pathversion="1"></custompath>
        <font>arial.ttf</font>
        <height>28</height>
        <sep1></sep1>
        <style>1</style>
    </subtitles>
    <system>
        <playlistspath pathversion="1">special://profile/playlists/</playlistspath>
    </system>
    <videolibrary>
        <actorthumbs>true</actorthumbs>
        <backgroundupdate>false</backgroundupdate>
        <cleanup></cleanup>
        <enabled>true</enabled>
        <export></export>
        <flattentvshows>1</flattentvshows>
        <import></import>
        <seasonthumbs>true</seasonthumbs>
        <sep3></sep3>
        <showunwatchedplots>true</showunwatchedplots>
        <updateonstartup>false</updateonstartup>
    </videolibrary>
    <videoplayer>
        <adjustrefreshrate>false</adjustrefreshrate>
        <displayresolution>10</displayresolution>
        <errorinaspect>0</errorinaspect>
        <maxspeedadjust>5.000000</maxspeedadjust>
        <rendermethod>0</rendermethod>
        <resamplequality>1</resamplequality>
        <resumeautomatically>2</resumeautomatically>
        <sep1></sep1>
        <sep5></sep5>
        <stretch43>0</stretch43>
        <synctype>2</synctype>
        <teletextenabled>true</teletextenabled>
        <usechd>true</usechd>
        <usedisplayasclock>false</usedisplayasclock>
        <usedxva2>false</usedxva2>
    </videoplayer>
    <videoscreen>
        <blankdisplays>false</blankdisplays>
        <fakefullscreen>false</fakefullscreen>
        <guicalibration></guicalibration>
        <screenmode>WINDOW</screenmode>
        <sep1></sep1>
        <vsync>2</vsync>
    </videoscreen>
    <weather>
        <areacode1>USNY0996 - New York, NY</areacode1>
        <areacode2>UKXX0085 - London, United Kingdom</areacode2>
        <areacode3>JAXX0085 - Tokyo, Japan</areacode3>
        <script>Weather.com (standard)</script>
        <sep1></sep1>
    </weather>
    <window>
        <height>675</height>
        <width>1177</width>
    </window>
    <skinsettings>
        <setting type="bool" name="skin.confluence.homepagehiderecentlyadded">false</setting>
        <setting type="bool" name="skin.confluence.showbackgroundvideo">false</setting>
        <setting type="bool" name="skin.confluence.showbackgroundvis">false</setting>
        <setting type="bool" name="skin.confluence.homepageweatherinfo">false</setting>
        <setting type="bool" name="skin.confluence.homepagemusicinfo">false</setting>
        <setting type="bool" name="skin.confluence.homepagevideoinfo">false</setting>
        <setting type="bool" name="skin.confluence.homescriptbutton1">false</setting>
        <setting type="bool" name="skin.confluence.homescriptbutton2">false</setting>
        <setting type="bool" name="skin.confluence.homescriptbutton3">false</setting>
        <setting type="bool" name="skin.confluence.homescriptbutton4">false</setting>
        <setting type="bool" name="skin.confluence.homescriptbutton5">false</setting>
        <setting type="bool" name="skin.confluence.homescriptbutton6">false</setting>
        <setting type="bool" name="skin.confluence.homemenunoscriptsbutton">false</setting>
        <setting type="bool" name="skin.confluence.homemenunoweatherbutton">false</setting>
        <setting type="bool" name="skin.confluence.showweatherfanart">false</setting>
        <setting type="bool" name="skin.confluence.homemenunopicturesbutton">false</setting>
        <setting type="bool" name="skin.confluence.homemenunovideosbutton">false</setting>
        <setting type="bool" name="skin.confluence.homemenunomoviesbutton">false</setting>
        <setting type="bool" name="skin.confluence.homemenunotvshowsbutton">false</setting>
        <setting type="bool" name="skin.confluence.homemenunomusicbutton">false</setting>
        <setting type="bool" name="skin.confluence.homemenunoprogramsbutton">false</setting>
        <setting type="bool" name="skin.confluence.use_startup_playlist">false</setting>
        <setting type="bool" name="skin.confluence.tvshowsuseposters">false</setting>
        <setting type="bool" name="skin.confluence.autoscroll">false</setting>
        <setting type="bool" name="skin.confluence.weather.homepagehiderecentlyadded">false</setting>
        <setting type="bool" name="skin.confluence.weather.showbackgroundvideo">false</setting>
        <setting type="bool" name="skin.confluence.weather.showbackgroundvis">false</setting>
        <setting type="bool" name="skin.confluence.weather.homepageweatherinfo">false</setting>
        <setting type="bool" name="skin.confluence.weather.homepagemusicinfo">false</setting>
        <setting type="bool" name="skin.confluence.weather.homepagevideoinfo">false</setting>
        <setting type="bool" name="skin.confluence.weather.homescriptbutton1">false</setting>
        <setting type="bool" name="skin.confluence.weather.homescriptbutton2">false</setting>
        <setting type="bool" name="skin.confluence.weather.homescriptbutton3">false</setting>
        <setting type="bool" name="skin.confluence.weather.homescriptbutton4">false</setting>
        <setting type="bool" name="skin.confluence.weather.homescriptbutton5">false</setting>
        <setting type="bool" name="skin.confluence.weather.homescriptbutton6">false</setting>
        <setting type="bool" name="skin.confluence.weather.homemenunoscriptsbutton">false</setting>
        <setting type="bool" name="skin.confluence.weather.homemenunoweatherbutton">false</setting>
        <setting type="bool" name="skin.confluence.weather.showweatherfanart">false</setting>
        <setting type="bool" name="skin.confluence.weather.homemenunopicturesbutton">false</setting>
        <setting type="bool" name="skin.confluence.weather.homemenunovideosbutton">false</setting>
        <setting type="bool" name="skin.confluence.weather.homemenunomoviesbutton">false</setting>
        <setting type="bool" name="skin.confluence.weather.homemenunotvshowsbutton">false</setting>
        <setting type="bool" name="skin.confluence.weather.homemenunomusicbutton">false</setting>
        <setting type="bool" name="skin.confluence.weather.homemenunoprogramsbutton">false</setting>
        <setting type="bool" name="skin.confluence.weather.tvshowsuseposters">false</setting>
        <setting type="bool" name="skin.confluence.weather.autoscroll">false</setting>
        <setting type="bool" name="skin.confluence.weather.use_startup_playlist">false</setting>
        <setting type="bool" name="skin.confluence.weather.show_slideshow_paused">false</setting>
        <setting type="bool" name="skin.confluence.weather.no_media_titles_in_scanner">false</setting>
        <setting type="bool" name="skin.confluence.weather.windowedtrailer">false</setting>
        <setting type="bool" name="skin.confluence.weather.weatherscript_enable">false</setting>
        <setting type="bool" name="skin.confluence.weather.lyricscript_enable">false</setting>
        <setting type="bool" name="skin.confluence.weather.subtitledownload_enable">false</setting>
        <setting type="bool" name="skin.confluence.weather.videofilesfanart">false</setting>
        <setting type="bool" name="skin.confluence.weather.view508hideinfo">false</setting>
        <setting type="string" name="skin.confluence.homescriptbutton1_label"></setting>
        <setting type="string" name="skin.confluence.homescriptbutton2_label"></setting>
        <setting type="string" name="skin.confluence.homescriptbutton3_label"></setting>
        <setting type="string" name="skin.confluence.homescriptbutton4_label"></setting>
        <setting type="string" name="skin.confluence.homescriptbutton5_label"></setting>
        <setting type="string" name="skin.confluence.homescriptbutton6_label"></setting>
        <setting type="string" name="skin.confluence.home_custom_back_scripts_folder"></setting>
        <setting type="string" name="skin.confluence.home_custom_back_weather_folder"></setting>
        <setting type="string" name="skin.confluence.weatherfanartdir"></setting>
        <setting type="string" name="skin.confluence.home_custom_back_pictures_folder"></setting>
        <setting type="string" name="skin.confluence.home_custom_back_video_folder"></setting>
        <setting type="string" name="skin.confluence.home_custom_back_movies_folder"></setting>
        <setting type="string" name="skin.confluence.home_custom_back_tvshow_folder"></setting>
        <setting type="string" name="skin.confluence.home_custom_back_music_folder"></setting>
        <setting type="string" name="skin.confluence.home_custom_back_programs_folder"></setting>
        <setting type="string" name="skin.confluence.home_custom_back_settings_folder"></setting>
        <setting type="string" name="skin.confluence.home_custom_back_tvshow_folde"></setting>
        <setting type="string" name="skin.confluence.home_custom_back_addons_folder"></setting>
        <setting type="string" name="skin.confluence.weather.homescriptbutton1_label"></setting>
        <setting type="string" name="skin.confluence.weather.homescriptbutton2_label"></setting>
        <setting type="string" name="skin.confluence.weather.homescriptbutton3_label"></setting>
        <setting type="string" name="skin.confluence.weather.homescriptbutton4_label"></setting>
        <setting type="string" name="skin.confluence.weather.homescriptbutton5_label"></setting>
        <setting type="string" name="skin.confluence.weather.homescriptbutton6_label"></setting>
        <setting type="string" name="skin.confluence.weather.home_custom_back_scripts_folder"></setting>
        <setting type="string" name="skin.confluence.weather.home_custom_back_weather_folder"></setting>
        <setting type="string" name="skin.confluence.weather.weatherfanartdir"></setting>
        <setting type="string" name="skin.confluence.weather.home_custom_back_pictures_folder"></setting>
        <setting type="string" name="skin.confluence.weather.home_custom_back_video_folder"></setting>
        <setting type="string" name="skin.confluence.weather.home_custom_back_movies_folder"></setting>
        <setting type="string" name="skin.confluence.weather.home_custom_back_tvshow_folder"></setting>
        <setting type="string" name="skin.confluence.weather.home_custom_back_music_folder"></setting>
        <setting type="string" name="skin.confluence.weather.home_custom_back_programs_folder"></setting>
        <setting type="string" name="skin.confluence.weather.home_custom_back_settings_folder"></setting>
        <setting type="string" name="skin.confluence.weather.home_custom_back_tvshow_folde"></setting>
        <setting type="string" name="skin.confluence.weather.home_custom_back_addons_folder"></setting>
        <setting type="string" name="skin.confluence.weather.startup_playlist_path"></setting>
        <setting type="string" name="skin.confluence.weather.homescriptbutton1_path"></setting>
        <setting type="string" name="skin.confluence.weather.homescriptbutton2_path"></setting>
        <setting type="string" name="skin.confluence.weather.homescriptbutton3_path"></setting>
        <setting type="string" name="skin.confluence.weather.homescriptbutton4_path"></setting>
        <setting type="string" name="skin.confluence.weather.homescriptbutton5_path"></setting>
        <setting type="string" name="skin.confluence.weather.homescriptbutton6_path"></setting>
        <setting type="string" name="skin.confluence.weather.weatherscript_label"></setting>
        <setting type="string" name="skin.confluence.weather.weatherscript_path"></setting>
        <setting type="string" name="skin.confluence.weather.lyricscript_path"></setting>
        <setting type="string" name="skin.confluence.weather.subtitlescript_path"></setting>
    </skinsettings>
</settings>
