﻿<?xml version="1.0" encoding="UTF-8" standalone="yes"?>
<addon id="script.weather.standard" name="Weather.com (standard)" version="1.0.0" provider-name="Team XBMC4XBOX">
    <requires>
        <import addon="xbmc.python" version="1.0"/>
        <import addon="script.module.weather" version="1.0.0"/>
        <import addon="script.module.xbmcaddon" version="1.0.1"/>
    </requires>
    <extension point="xbmc.python.weather" library="addon.py"/>
    <extension point="xbmc.addon.metadata">
        <platform>all</platform>
        <summary lang="en">Current weather conditions.</summary>
        <summary lang="de">Aktuelle Wetterbedingungen</summary>
        <summary lang="fr">Conditions météorologiques en cours.</summary>
        <summary lang="hu">A jelenlegi időjárás.</summary>
        <summary lang="ko">현재 날씨</summary>
        <summary lang="nl">Huidige weersomstandigheden.</summary>
        <summary lang="pl">Aktualne warunki pogodowe.</summary>
        <summary lang="pt">Condições meteorológicas actuais.</summary>
        <summary lang="ro">Condiții meteo curente.</summary>
        <summary lang="ru">Текущие погодные условия.</summary>
        <summary lang="zh">当前天气状况</summary>
        <description lang="en">This is the default weather source.[CR][CR]It provides current weather conditions and a four day outlook.</description>
        <description lang="de">Standardquelle für Wetterinformationen[CR][CR]Das aktuelle Wetter sowie eine 4 tägige Vorausschau werden angezeigt</description>
        <description lang="fr">C'est la source météo par défaut.[CR][CR]Fournit les conditions climatiques en cours et les prévisions sur 4 jours.</description>
        <description lang="hu">Ez az alapértelmezett időjárás információforrás.[CR][CR]Tájékoztat a jelenlegi időjárásról, valamint négynapos előrejelzést ad.</description>
        <description lang="ko">기본 날씨 정보입니다.[CR][CR] 현재날씨와 4일치 예보를 제공합니다.</description>
        <description lang="nl">Dit is de standaardbron voor weersinformatie.[CR][CR]Het toont de huidige weersomstandigheden en de voorspellingen voor de vier volgende dagen.</description>
        <description lang="pl">Jest to domyślne źródło pogody.[CR][CR]Dostarcza aktualną pogodę oraz prognozę na cztery dni.</description>
        <description lang="pt">Fonte padrão das condições meteorológicas.[CR][CR]Providencia as condições meteorológicas actuais e previsão para quatro dias.</description>
        <description lang="ro">Sursă implicită pentru informații meteorologice.[CR][CR]Furnizează condiții meteo curente plus prognoza pe 4 zile.</description>
        <description lang="ru">Это источник информации о погоде.[CR][CR]Он предоставляет текущие погодные условия и прогноза на четыре дня.</description>
        <description lang="zh">这是默认的天气预报信息来源。[CR][CR]它提供了当前的天气状况和未来4天的天气预报。</description>
    </extension>
</addon>
