<fonts>

  <fontset id="Aeon_Standard" unicode="true">

<!-- Common -->

	<font>
	  <name>Font_RSS</name>
	  <filename>aeon_rss.ttf</filename>
	  <size>14</size>
	</font>
	
	<font>
	  <name>Font_Submenu</name>
	  <filename>aeon_rss.ttf</filename>
	  <size>19</size>
	</font>	
	
	<font>
	  <name>Font_Time</name>
	  <filename>aeon_rss.ttf</filename>
	  <size>16</size>
	</font>
	
	<font>
	  <name>Font_BigRSS</name>
	  <filename>aeon_rss.ttf</filename>
	  <size>21</size>
	</font>
	
	<font>
	  <name>Font_BigTime</name>
	  <filename>aeon_rss.ttf</filename>
	  <size>21</size>
	</font>
	
    <font>
      <name>Font_Debug</name>
      <filename>aeon_edit.ttf</filename>
      <size>18</size>
      <shadow>FF000000</shadow>
    </font>
	
<!-- Home -->

	<font>
		<name>Font_MainMenu</name>
		<filename>aeon_main.ttf</filename>
		<size>78</size>
	</font>
	
	<font>
	  <name>Font_HomeNowPlayingTrack</name>
	  <filename>aeon_player.ttf</filename>
	  <size>22</size>
	</font>

	<font>
	  <name>Font_HomeNowPlayingArtist</name>
	  <filename>aeon_player.ttf</filename>
	  <size>21</size>
	</font>
	
	<font>
	  <name>Font_HomeNowPlayingAlbum</name>
	  <filename>aeon_player.ttf</filename>
	  <size>16</size>
	</font>
	
	<font>
	  <name>Font_ListPlaying</name>
	  <filename>aeon_player.ttf</filename>
	  <size>17</size>
	  <linespacing>1.05</linespacing>
	</font>	
	
	<font>
	  <name>Font_WeatherTitle</name>
	  <filename>aeon_title.ttf</filename>
	  <size>24</size>
	</font>
	
	<font>
	  <name>Font_WeatherLabel</name>
	  <filename>aeon_title.ttf</filename>
	  <size>18</size>
	  <linespacing>1.6</linespacing>
	</font>

	<font>
	  <name>Font_WeatherTemp</name>
	  <filename>aeon_title.ttf</filename>
	  <size>55</size>
	</font>		

	<font>
	  <name>Font_WeatherPrecip</name>
	  <filename>aeon_title.ttf</filename>
	  <size>35</size>
	</font>		

<!-- Media windows -->

	<font>
	  <name>Font_MediaWindowTitle</name>
	  <filename>aeon_title.ttf</filename>
	  <size>24</size>
	</font>

	<font>
		<name>Font_MediaWindowMenu</name>
		<filename>aeon_title.ttf</filename>
		<size>18</size>
	</font>
	
	<font>
		<name>Font_List</name>
		<filename>aeon_title.ttf</filename>
		<size>22</size>
	</font>
	
	<font>
		<name>Font_ListSmall</name>
		<filename>aeon_title.ttf</filename>
		<size>19</size>
	</font>	
	
	<font>
		<name>font13</name>
		<filename>aeon_list.ttf</filename>
		<size>16</size>
	</font>	

	<font>
		<name>Font_ListDetail</name>
		<filename>aeon_title.ttf</filename>
		<size>18</size>
	</font>
	
	<font>
		<name>Font_ListDetailTV</name>
		<filename>aeon_title.ttf</filename>
		<size>16</size>
	</font>	

	<font>
		<name>Font_ListTrack</name>
		<filename>aeon_title.ttf</filename>
		<size>47</size>
	</font>
	
	<font>
		<name>Font_ListSub</name>
		<filename>aeon_title.ttf</filename>
		<size>18</size>
	</font>	
	
	<font>
		<name>Font_ListObjects</name>
		<filename>aeon_title.ttf</filename>
		<size>17</size>
	</font>	
	
<!-- Settings screens -->

	<font>
	  <name>Font_SettingsSectionTitle</name>
	  <filename>aeon_settings.ttf</filename>
	  <size>36</size>
	</font>
	
	<font>
	  <name>Font_SettingsSectionMenuButton</name>
	  <filename>aeon_settings.ttf</filename>
	  <size>27</size>
	</font>
	
	<font>
	  <name>Font_SettingsSectionMenuButtonSubtitle</name>
	  <filename>aeon_settings.ttf</filename>
	  <size>16</size>
	</font>
	
	<font>
	  <name>Font_SettingsOptions</name>
	  <filename>aeon_title.ttf</filename>
	  <size>18</size>
	</font>
	
	<font>
	  <name>Font_SettingsMainLabelBig</name>
	  <filename>aeon_settings.ttf</filename>
	  <size>40</size>
	</font>
	
	<font>
	  <name>Font_SettingsMainLabelSmall</name>
	  <filename>aeon_settings.ttf</filename>
	  <size>22</size>
	</font>
	
<!-- Virtual Home page -->

	<font>
	  <name>Font_VirtualRSS</name>
	  <filename>aeon_rss.ttf</filename>
	  <size>10</size>
	</font>
	
	<font>
		<name>Font_VirtualMainMenu</name>
		<filename>aeon_main.ttf</filename>
		<size>47</size>
	</font>

<!-- Context menus and dialogs -->

	<font>
	  <name>Font_FileBrowserButton</name>
	  <filename>aeon_settings.ttf</filename>
	  <size>22</size>
	</font>
	
	<font>
	  <name>Font_FileBrowserDetail</name>
	  <filename>aeon_title.ttf</filename>
	  <size>15</size>
	</font>

	<font>
	  <name>Font_FileBrowserHeading</name>
	  <filename>aeon_settings.ttf</filename>
	  <size>31</size>
	</font>	

    <font>
      <name>Font_ContextMenuButton</name>
      <filename>aeon_title.ttf</filename>
      <size>18</size>
    </font>

    <font>
      <name>Font_SetContentList</name>
      <filename>aeon_sublist.ttf</filename>
      <size>16</size>
    </font>

	<font>
	  <name>Font_SetContentMenu</name>
	  <filename>aeon_settings.ttf</filename>
	  <size>20</size>
	</font>

	<font>
	  <name>Font_ProgressLabel</name>
	  <filename>aeon_title.ttf</filename>
	  <size>16</size>
	</font>
	
	<font>
	  <name>Font_ProgressLabelSmall</name>
	  <filename>aeon_settings.ttf</filename>
	  <size>20</size>
	</font>
	
	<font>
	  <name>Font_ProgressLabelMid</name>
	  <filename>aeon_settings.ttf</filename>
	  <size>27</size>
	</font>	

	<font>
	  <name>Font_ProgressLabelBig</name>
	  <filename>aeon_settings.ttf</filename>
	  <size>35</size>
	</font>
	
	<font>
	  <name>Font_ProgressLabelYesNo</name>
	  <filename>aeon_settings.ttf</filename>
	  <size>46</size>
	</font>	
	
	<font>
		<name>Font_AddSourceEdit</name>
		<filename>aeon_edit.ttf</filename>
		<size>20</size>
	</font>		
	
<!-- File Browser -->

	<font>
	  <name>Font_FileBrowserTile</name>
	  <filename>aeon_settings.ttf</filename>
	  <size>20</size>
	</font>
	
	<font>
	  <name>Font_FileBrowserPath</name>
	  <filename>aeon_settings.ttf</filename>
	  <size>19</size>
	</font>

<!-- Flow view type -->
	
	<font>
      <name>Font_FlowMainLabel</name>
      <filename>aeon_list.ttf</filename>
      <size>20</size>
    </font>
	
    <font>
      <name>Font_FlowSubLabel</name>
      <filename>aeon_list.ttf</filename>
      <size>16</size>
    </font>

<!-- Showcase -->
	
    <font>
      <name>Font_ShowcaseMainLabel</name>
      <filename>aeon_list.ttf</filename>
      <size>22</size>
    </font>
	
    <font>
      <name>Font_ShowcaseDetailLabel</name>
      <filename>aeon_list.ttf</filename>
      <size>16</size>
    </font>

<!-- StripShow -->

    <font>
      <name>Font_StripshowLabel</name>
      <filename>aeon_settings.ttf</filename>
      <size>55</size>
    </font>
	
    <font>
      <name>Font_StripshowLabelSmall</name>
      <filename>aeon_title.ttf</filename>
      <size>24</size>
    </font>	
	
    <font>
      <name>Font_StripshowDetail</name>
      <filename>aeon_title.ttf</filename>
      <size>18</size>
    </font>	
	
<!-- Multiplex -->

    <font>
      <name>Font_MultiplexMainLabel</name>
      <filename>aeon_settings.ttf</filename>
      <size>55</size>
    </font>
	
    <font>
      <name>Font_MultiplexTVLabel</name>
      <filename>aeon_settings.ttf</filename>
      <size>55</size>
    </font>	
	
    <font>
      <name>Font_MultiplexSeasonLabel</name>
      <filename>aeon_settings.ttf</filename>
      <size>31</size>
    </font>		

    <font>
      <name>Font_MultiplexPlot</name>
      <filename>aeon_player.ttf</filename>
      <size>21</size>
	  <linespacing>1.36</linespacing>	  
    </font>
	
    <font>
      <name>Font_MultiplexPlotSmall</name>
      <filename>aeon_player.ttf</filename>
      <size>19</size>
	  <linespacing>1.28</linespacing>	  
    </font>
	
    <font>
      <name>Font_MultiplexInfoLabel</name>
      <filename>aeon_rss.ttf</filename>
      <size>15</size>
    </font>	
	
    <font>
      <name>Font_MultiplexInfoValue</name>
      <filename>aeon_rss.ttf</filename>
      <size>16</size>
    </font>	

- <!--  Multiplex Old  --> 

	<font>
		<name>Font_MultiplexMainLabelOld</name> 
		<filename>aeon_settings.ttf</filename> 
		<size>55</size> 
	</font>
	<font>
		<name>Font_MultiplexTVLabelOld</name> 
		<filename>aeon_settings.ttf</filename> 
		<size>55</size> 
	</font>
	<font>
		<name>Font_MultiplexSeasonLabelOld</name> 
		<filename>aeon_settings.ttf</filename> 
		<size>31</size> 
	</font>
	<font>
		<name>Font_MultiplexPlotOld</name> 
		<filename>aeon_sublist_cy.ttf</filename> 
		<size>19</size> 
		<linespacing>1</linespacing> 
	</font>
	<font>
		<name>Font_MultiplexInfoLabelOld</name> 
		<filename>aeon_multiplex.ttf</filename> 
		<size>16</size> 
	</font>
	<font>
		<name>Font_MultiplexInfoValueOld</name> 
		<filename>aeon_multiplex.ttf</filename> 
		<size>17</size> 
	</font>
	
<!-- Fullscreen Info pages -->

    <font>
      <name>Font_FSInfoTitle</name>
      <filename>aeon_settings.ttf</filename>
      <size>55</size>
    </font>
	
    <font>
      <name>Font_FSInfoArtist</name>
      <filename>aeon_settings.ttf</filename>
      <size>30</size>
    </font>
	
    <font>
      <name>Font_FSInfoYear</name>
      <filename>aeon_edit.ttf</filename>
      <size>37</size>
    </font>

    <font>
      <name>Font_FSInfoGenre</name>
      <filename>aeon_edit.ttf</filename>
      <size>20</size>
    </font>
	
    <font>
      <name>Font_FSInfoNoPoster</name>
      <filename>aeon_edit.ttf</filename>
      <size>17</size>
    </font>
	
    <font>
      <name>Font_FSInfoLabel</name>
      <filename>aeon_edit.ttf</filename>
      <size>16</size>
    </font>
	
    <font>
      <name>Font_FSInfoData</name>
      <filename>aeon_edit.ttf</filename>
      <size>19</size>
	  <linespacing>1.1</linespacing>
    </font>
	
    <font>
      <name>Font_FSInfoPlot</name>
      <filename>aeon_player.ttf</filename>
      <size>21</size>
	  <linespacing>1.1</linespacing>	  
    </font>

    <font>
      <name>Font_FSIMDB</name>
      <filename>aeon_settings.ttf</filename>
      <size>30</size>
    </font>
	
    <font>
      <name>Font_BookmarksAvailable</name>
      <filename>aeon_settings.ttf</filename>
      <size>20</size>
    </font>	
	
    <font>
      <name>Font_FSIMDBData</name>
      <filename>aeon_edit.ttf</filename>
      <size>40</size>
    </font>
	
<!-- Welcome page -->

    <font>
      <name>Font_Welcome</name>
      <filename>aeon_welcome.ttf</filename>
      <size>22</size>
	  <linespacing>0.9</linespacing>
    </font>
	
    <font>
      <name>Font_WelcomeSelect</name>
      <filename>aeon_welcome.ttf</filename>
      <size>18</size>
    </font>

    <font>
      <name>Font_Vitals</name>
      <filename>aeon_settings.ttf</filename>
      <size>21</size>
	  <linespacing>2.4</linespacing>
    </font>

<!-- Wall -->

    <font>
      <name>Font_WallLabelMain</name>
      <filename>aeon_edit.ttf</filename>
      <size>17</size>
    </font>

<!-- OSD -->

    <font>
      <name>Font_OSDSeek</name>
      <filename>aeon_settings.ttf</filename>
      <size>18</size>
    </font>

	<font>
	  <name>Font_OSDOptions</name>
	  <filename>aeon_title.ttf</filename>
	  <size>16</size>
	</font>

	<font>
		<name>Font_OSDCodecInfo</name>
		<filename>aeon_settings.ttf</filename>
		<size>22</size>
	</font>
	
	<font>
		<name>Font_OSDMusicArtist</name>
		<filename>aeon_settings.ttf</filename>
		<size>24</size>
	</font>

	<font>
		<name>Font_OSDMusicTitle</name>
		<filename>aeon_settings.ttf</filename>
		<size>38</size>
	</font>		

<!-- VirtualOSD -->

	<font>
		<name>Font_OSDCodecInfo_Virtual</name>
		<filename>aeon_settings.ttf</filename>
		<size>14</size>
	</font>
	
	<font>
		<name>Font_OSDMusicArtist_Virtual</name>
		<filename>aeon_settings.ttf</filename>
		<size>16</size>
	</font>

	<font>
		<name>Font_OSDMusicTitle_Virtual</name>
		<filename>aeon_settings.ttf</filename>
		<size>25</size>
	</font>		
	
<!-- View Change -->

	<font>
		<name>Font_ViewChangeLabel</name>
		<filename>aeon_title.ttf</filename>
		<size>16</size>
	</font>	

	<font>
		<name>Font_ViewChangeSelect</name>
		<filename>aeon_title.ttf</filename>
		<size>30</size>
	</font>		

<!-- Keyboard -->

	<font>
		<name>Font_KeyboardKeys</name>
		<filename>aeon_player.ttf</filename>
		<size>19</size>
	</font>
	
	<font>
		<name>Font_KeyboardTitle</name>
		<filename>aeon_title.ttf</filename>
		<size>19</size>
	</font>

	<font>
		<name>Font_KeyboardShapes</name>
		<filename>aeon_shapes.ttf</filename>
		<size>19</size>
	</font>

	<font>
		<name>Font_ListPlay</name>
		<filename>aeon_shapes.ttf</filename>
		<size>60</size>
	</font>	

	<font>
		<name>Font_KeyboardEdit</name>
		<filename>aeon_player.ttf</filename>
		<size>21</size>
	</font>	

<!-- OSD -->

	<font>
	  <name>Font_OSDTime</name>
	  <filename>aeon_settings.ttf</filename>
	  <size>19</size>
	</font>
	


    <font>
      <name>objects</name>
      <filename>aeon_sublist.ttf</filename>
      <size>18</size>
    </font>
	
  </fontset>

				<!-- Fonts With Diacritical Signs-->





  <fontset id="Aeon_Diacritical" unicode="true">

<!-- Common -->

	<font>
	  <name>Font_RSS</name>
	  <filename>aeon_rss.ttf</filename>
	  <size>14</size>
	</font>
	
	<font>
	  <name>Font_Time</name>
	  <filename>aeon_rss.ttf</filename>
	  <size>16</size>
	</font>
	
	<font>
	  <name>Font_BigRSS</name>
	  <filename>aeon_rss.ttf</filename>
	  <size>21</size>
	</font>
	
	<font>
	  <name>Font_BigTime</name>
	  <filename>aeon_rss.ttf</filename>
	  <size>21</size>
	</font>
	
    <font>
      <name>Font_Debug</name>
      <filename>aeon_edit.ttf</filename>
      <size>18</size>
      <shadow>FF000000</shadow>
    </font>
	
<!-- Home -->

	<font>
		<name>Font_MainMenu</name>
		<filename>aeon_main.ttf</filename>
		<size>52</size>
	</font>
	
	<font>
	  <name>Font_HomeNowPlayingTrack</name>
	  <filename>aeon_player.ttf</filename>
	  <size>22</size>
	</font>

	<font>
	  <name>Font_HomeNowPlayingArtist</name>
	  <filename>aeon_player.ttf</filename>
	  <size>21</size>
	</font>
	
	<font>
	  <name>Font_HomeNowPlayingAlbum</name>
	  <filename>aeon_player.ttf</filename>
	  <size>16</size>
	</font>
	
	<font>
	  <name>Font_WeatherTitle</name>
	  <filename>aeon_title.ttf</filename>
	  <size>24</size>
	</font>
	
	<font>
	  <name>Font_WeatherLabel</name>
	  <filename>aeon_title.ttf</filename>
	  <size>18</size>
	  <linespacing>1.6</linespacing>
	</font>

	<font>
	  <name>Font_WeatherTemp</name>
	  <filename>aeon_title.ttf</filename>
	  <size>55</size>
	</font>		

<!-- Media windows -->

	<font>
	  <name>Font_MediaWindowTitle</name>
	  <filename>aeon_title.ttf</filename>
	  <size>24</size>
	</font>

	<font>
		<name>Font_MediaWindowMenu</name>
		<filename>aeon_title.ttf</filename>
		<size>18</size>
	</font>
	
	<font>
		<name>Font_List</name>
		<filename>aeon_list.ttf</filename>
		<size>16</size>
	</font>
	
	<font>
		<name>font13</name>
		<filename>aeon_list.ttf</filename>
		<size>16</size>
	</font>	

	<font>
		<name>Font_ListDetail</name>
		<filename>aeon_list.ttf</filename>
		<size>13</size>
	</font>
	
<!-- Settings screens -->

	<font>
	  <name>Font_SettingsSectionTitle</name>
	  <filename>aeon_settings.ttf</filename>
	  <size>36</size>
	</font>
	
	<font>
	  <name>Font_SettingsSectionMenuButton</name>
	  <filename>aeon_settings.ttf</filename>
	  <size>27</size>
	</font>
	
	<font>
	  <name>Font_SettingsSectionMenuButtonSubtitle</name>
	  <filename>aeon_settings.ttf</filename>
	  <size>16</size>
	</font>
	
	<font>
	  <name>Font_SettingsOptions</name>
	  <filename>aeon_title.ttf</filename>
	  <size>18</size>
	</font>
	
	<font>
	  <name>Font_SettingsMainLabelBig</name>
	  <filename>aeon_settings.ttf</filename>
	  <size>40</size>
	</font>
	
	<font>
	  <name>Font_SettingsMainLabelSmall</name>
	  <filename>aeon_settings.ttf</filename>
	  <size>22</size>
	  <linespacing>0.9</linespacing>
	</font>
	
<!-- Virtual Home page -->

	<font>
	  <name>Font_VirtualRSS</name>
	  <filename>aeon_rss.ttf</filename>
	  <size>10</size>
	</font>
	
	<font>
		<name>Font_VirtualMainMenu</name>
		<filename>aeon_main.ttf</filename>
		<size>47</size>
	</font>

<!-- Context menus and dialogs -->

    <font>
      <name>Font_ContextMenuButton</name>
      <filename>aeon_settings.ttf</filename>
      <size>20</size>
    </font>

    <font>
      <name>Font_SetContentList</name>
      <filename>aeon_sublist.ttf</filename>
      <size>16</size>
    </font>

	<font>
	  <name>Font_SetContentMenu</name>
	  <filename>aeon_settings.ttf</filename>
	  <size>20</size>
	</font>
	
	<font>
	  <name>Font_ProgressLabelSmall</name>
	  <filename>aeon_settings.ttf</filename>
	  <size>20</size>
	</font>

	<font>
	  <name>Font_ProgressLabelBig</name>
	  <filename>aeon_settings.ttf</filename>
	  <size>35</size>
	</font>
	
	<font>
	  <name>Font_ProgressLabelYesNo</name>
	  <filename>aeon_settings.ttf</filename>
	  <size>46</size>
	</font>	
	
	<font>
		<name>Font_AddSourceEdit</name>
		<filename>aeon_edit.ttf</filename>
		<size>20</size>
	</font>		
	
<!-- File Browser -->

	<font>
	  <name>Font_FileBrowserTile</name>
	  <filename>aeon_settings.ttf</filename>
	  <size>20</size>
	</font>
	
	<font>
	  <name>Font_FileBrowserPath</name>
	  <filename>aeon_settings.ttf</filename>
	  <size>19</size>
	</font>

<!-- Flow view type -->
	
	<font>
      <name>Font_FlowMainLabel</name>
      <filename>aeon_list.ttf</filename>
      <size>20</size>
    </font>
	
    <font>
      <name>Font_FlowSubLabel</name>
      <filename>aeon_list.ttf</filename>
      <size>16</size>
    </font>

<!-- Showcase -->
	
    <font>
      <name>Font_ShowcaseMainLabel</name>
      <filename>aeon_list.ttf</filename>
      <size>22</size>
    </font>
	
    <font>
      <name>Font_ShowcaseDetailLabel</name>
      <filename>aeon_list.ttf</filename>
      <size>16</size>
    </font>
	
<!-- Fullscreen Info pages -->

    <font>
      <name>Font_FSInfoTitle</name>
      <filename>aeon_settings.ttf</filename>
      <size>55</size>
    </font>
	
    <font>
      <name>Font_FSInfoArtist</name>
      <filename>aeon_settings.ttf</filename>
      <size>30</size>
    </font>
	
    <font>
      <name>Font_FSInfoYear</name>
      <filename>aeon_edit.ttf</filename>
      <size>37</size>
    </font>

    <font>
      <name>Font_FSInfoGenre</name>
      <filename>aeon_edit.ttf</filename>
      <size>20</size>
    </font>
	
    <font>
      <name>Font_FSInfoNoPoster</name>
      <filename>aeon_edit.ttf</filename>
      <size>17</size>
    </font>
	
    <font>
      <name>Font_FSInfoLabel</name>
      <filename>aeon_edit.ttf</filename>
      <size>16</size>
    </font>
	
    <font>
      <name>Font_FSInfoData</name>
      <filename>aeon_edit.ttf</filename>
      <size>16</size>
	  <linespacing>1.1</linespacing>
    </font>
	
    <font>
      <name>Font_FSInfoPlot</name>
      <filename>aeon_player.ttf</filename>
      <size>21</size>
	  <linespacing>0.9</linespacing>
    </font>

    <font>
      <name>Font_FSIMDB</name>
      <filename>aeon_settings.ttf</filename>
      <size>30</size>
    </font>
	
    <font>
      <name>Font_FSIMDBData</name>
      <filename>aeon_edit.ttf</filename>
      <size>40</size>
    </font>
	
<!-- Welcome page -->

    <font>
      <name>Font_Welcome</name>
      <filename>aeon_welcome_dc.ttf</filename>
      <size>22</size>
	  <linespacing>1.3</linespacing>
    </font>
	
    <font>
      <name>Font_WelcomeSelect</name>
      <filename>aeon_select_dc.ttf</filename>
      <size>18</size>
    </font>

    <font>
      <name>Font_Vitals</name>
      <filename>aeon_settings.ttf</filename>
      <size>21</size>
	  <linespacing>1.9</linespacing>
    </font>

<!-- Wall -->

    <font>
      <name>Font_WallLabelMain</name>
      <filename>aeon_edit.ttf</filename>
      <size>17</size>
    </font>

<!-- OSD -->

    <font>
      <name>Font_OSDSeek</name>
      <filename>aeon_settings.ttf</filename>
      <size>18</size>
    </font>

	<font>
	  <name>Font_OSDOptions</name>
	  <filename>aeon_title.ttf</filename>
	  <size>16</size>
	</font>

	<font>
		<name>Font_OSDCodecInfo</name>
		<filename>aeon_settings.ttf</filename>
		<size>22</size>
	</font>
	
	<font>
		<name>Font_OSDMusicArtist</name>
		<filename>aeon_settings.ttf</filename>
		<size>24</size>
	</font>

	<font>
		<name>Font_OSDMusicTitle</name>
		<filename>aeon_settings.ttf</filename>
		<size>38</size>
	</font>	

<!-- VirtualOSD -->

	<font>
		<name>Font_OSDCodecInfo_Virtual</name>
		<filename>aeon_settings.ttf</filename>
		<size>14</size>
	</font>
	
	<font>
		<name>Font_OSDMusicArtist_Virtual</name>
		<filename>aeon_settings.ttf</filename>
		<size>16</size>
	</font>

	<font>
		<name>Font_OSDMusicTitle_Virtual</name>
		<filename>aeon_settings.ttf</filename>
		<size>25</size>
	</font>		

<!-- View Change -->

	<font>
		<name>Font_ViewChangeLabel</name>
		<filename>aeon_title.ttf</filename>
		<size>16</size>
	</font>	

	<font>
		<name>Font_ViewChangeSelect</name>
		<filename>aeon_title.ttf</filename>
		<size>30</size>
	</font>		

<!-- Keyboard -->

	<font>
		<name>Font_KeyboardKeys</name>
		<filename>aeon_edit.ttf</filename>
		<size>17</size>
	</font>

	<font>
		<name>Font_KeyboardShapes</name>
		<filename>aeon_shapes.ttf</filename>
		<size>19</size>
	</font>	

	<font>
		<name>Font_KeyboardEdit</name>
		<filename>aeon_edit.ttf</filename>
		<size>19</size>
	</font>	

<!-- OSD -->

	<font>
	  <name>Font_OSDTime</name>
	  <filename>aeon_settings.ttf</filename>
	  <size>19</size>
	</font>
	


    <font>
      <name>objects</name>
      <filename>aeon_sublist.ttf</filename>
      <size>18</size>
    </font>
	
  </fontset>

<fontset id="Korean" unicode="true">

<!-- Common -->

	<font>
	  <name>Font_RSS</name>
	  <filename>aeon_rss_kr.ttf</filename>
	  <size>18</size>
	</font>
	
	<font>
	  <name>Font_Time</name>
	  <filename>aeon_main_kr.ttf</filename>
	  <size>18</size>
	</font>
	
	<font>
	  <name>Font_BigRSS</name>
	  <filename>aeon_rss_kr.ttf</filename>
	  <size>24</size>
	</font>
	
	<font>
	  <name>Font_BigTime</name>
	  <filename>aeon_main_kr.ttf</filename>
	  <size>24</size>
	</font>
	
    <font>
      <name>Font_Debug</name>
      <filename>aeon_main_kr.ttf</filename>
      <size>18</size>
      <shadow>FF000000</shadow>
    </font>
	
<!-- Home -->

	<font>
		<name>Font_MainMenu</name>
		<filename>aeon_main_kr.ttf</filename>
		<size>54</size>
	</font>
	
	<font>
	  <name>Font_HomeNowPlayingTrack</name>
	  <filename>aeon_rss_kr.ttf</filename>
	  <size>18</size>
	</font>

	<font>
	  <name>Font_HomeNowPlayingArtist</name>
	  <filename>aeon_rss_kr.ttf</filename>
	  <size>21</size>
	</font>
	
	<font>
	  <name>Font_HomeNowPlayingAlbum</name>
	  <filename>aeon_rss_kr.ttf</filename>
	  <size>14</size>
	</font>
	
	<font>
	  <name>Font_WeatherTitle</name>
	  <filename>aeon_main_kr.ttf</filename>
	  <size>24</size>
	</font>
	
	<font>
	  <name>Font_WeatherLabel</name>
	  <filename>aeon_main_kr.ttf</filename>
	  <size>18</size>
	  <linespacing>1.6</linespacing>
	</font>

	<font>
	  <name>Font_WeatherTemp</name>
	  <filename>aeon_main_kr.ttf</filename>
	  <size>55</size>
	</font>		

<!-- Media windows -->

	<font>
	  <name>Font_MediaWindowTitle</name>
	  <filename>aeon_main_kr.ttf</filename>
	  <size>24</size>
	</font>

	<font>
		<name>Font_MediaWindowMenu</name>
		<filename>aeon_main_kr.ttf</filename>
		<size>18</size>
	</font>
	
	<font>
		<name>Font_List</name>
		<filename>aeon_rss_kr.ttf</filename>
		<size>16</size>
	</font>
	
	<font>
		<name>font13</name>
		<filename>aeon_rss_kr.ttf</filename>
		<size>16</size>
	</font>	

	<font>
		<name>Font_ListDetail</name>
		<filename>aeon_main_kr.ttf</filename>
		<size>13</size>
	</font>
	
<!-- Settings screens -->

	<font>
	  <name>Font_SettingsSectionTitle</name>
	  <filename>aeon_main_kr.ttf</filename>
	  <size>32</size>
	</font>
	
	<font>
	  <name>Font_SettingsSectionMenuButton</name>
	  <filename>aeon_main_kr.ttf</filename>
	  <size>22</size>
	</font>
	
	<font>
	  <name>Font_SettingsSectionMenuButtonSubtitle</name>
	  <filename>aeon_main_kr.ttf</filename>
	  <size>14</size>
	</font>
	
	<font>
	  <name>Font_SettingsOptions</name>
	  <filename>aeon_main_kr.ttf</filename>
	  <size>18</size>
	</font>
	
	<font>
	  <name>Font_SettingsMainLabelBig</name>
	  <filename>aeon_main_kr.ttf</filename>
	  <size>30</size>
	</font>
	
	<font>
	  <name>Font_SettingsMainLabelSmall</name>
	  <filename>aeon_main_kr.ttf</filename>
	  <size>18</size>
	  <linespacing>0.9</linespacing>
	</font>
	
<!-- Virtual Home page -->

	<font>
	  <name>Font_VirtualRSS</name>
	  <filename>aeon_rss_kr.ttf</filename>
	  <size>10</size>
	</font>
	
	<font>
		<name>Font_VirtualMainMenu</name>
		<filename>aeon_main_kr.ttf</filename>
		<size>34</size>
	</font>

<!-- Context menus and dialogs -->

    <font>
      <name>Font_ContextMenuButton</name>
      <filename>aeon_main_kr.ttf</filename>
      <size>18</size>
    </font>

    <font>
      <name>Font_SetContentList</name>
      <filename>aeon_main_kr.ttf</filename>
      <size>16</size>
    </font>

	<font>
	  <name>Font_SetContentMenu</name>
	  <filename>aeon_main_kr.ttf</filename>
	  <size>18</size>
	</font>
	
	<font>
	  <name>Font_ProgressLabelSmall</name>
	  <filename>aeon_main_kr.ttf</filename>
	  <size>16</size>
	</font>

	<font>
	  <name>Font_ProgressLabelBig</name>
	  <filename>aeon_rss_kr.ttf</filename>
	  <size>22</size>
	</font>
	
	<font>
	  <name>Font_ProgressLabelYesNo</name>
	  <filename>aeon_main_kr.ttf</filename>
	  <size>32</size>
	</font>	
	
	<font>
		<name>Font_AddSourceEdit</name>
		<filename>aeon_main_kr.ttf</filename>
		<size>20</size>
	</font>		
	
<!-- File Browser -->

	<font>
	  <name>Font_FileBrowserTile</name>
	  <filename>aeon_main_kr.ttf</filename>
	  <size>18</size>
	</font>
	
	<font>
	  <name>Font_FileBrowserPath</name>
	  <filename>aeon_rss_kr.ttf</filename>
	  <size>17</size>
	</font>

<!-- Flow view type -->
	
	<font>
      <name>Font_FlowMainLabel</name>
      <filename>aeon_rss_kr.ttf</filename>
      <size>20</size>
    </font>
	
    <font>
      <name>Font_FlowSubLabel</name>
      <filename>aeon_main_kr.ttf</filename>
      <size>16</size>
    </font>

<!-- Showcase -->
	
    <font>
      <name>Font_ShowcaseMainLabel</name>
      <filename>aeon_rss_kr.ttf</filename>
      <size>22</size>
    </font>
	
    <font>
      <name>Font_ShowcaseDetailLabel</name>
      <filename>aeon_main_kr.ttf</filename>
      <size>16</size>
    </font>
	
<!-- Fullscreen Info pages -->

    <font>
      <name>Font_FSInfoTitle</name>
      <filename>aeon_main_kr.ttf</filename>
      <size>45</size>
    </font>
	
    <font>
      <name>Font_FSInfoArtist</name>
      <filename>aeon_main_kr.ttf</filename>
      <size>26</size>
    </font>
	
    <font>
      <name>Font_FSInfoYear</name>
      <filename>aeon_main_kr.ttf</filename>
      <size>37</size>
    </font>

    <font>
      <name>Font_FSInfoGenre</name>
      <filename>aeon_main_kr.ttf</filename>
      <size>20</size>
    </font>
	
    <font>
      <name>Font_FSInfoNoPoster</name>
      <filename>aeon_main_kr.ttf</filename>
      <size>17</size>
    </font>
	
    <font>
      <name>Font_FSInfoLabel</name>
      <filename>aeon_main_kr.ttf</filename>
      <size>16</size>
    </font>
	
    <font>
      <name>Font_FSInfoData</name>
      <filename>aeon_main_kr.ttf</filename>
      <size>19</size>
	  <linespacing>1.1</linespacing>
    </font>
	
    <font>
      <name>Font_FSInfoPlot</name>
      <filename>aeon_main_kr.ttf</filename>
      <size>18</size>
	  <linespacing>0.9</linespacing>
    </font>

    <font>
      <name>Font_FSIMDB</name>
      <filename>aeon_settings.ttf</filename>
      <size>30</size>
    </font>

    <font>
      <name>Font_BookmarksAvailable</name>
      <filename>aeon_main_kr.ttf</filename>
      <size>20</size>
    </font>
	
    <font>
      <name>Font_FSIMDBData</name>
      <filename>aeon_edit.ttf</filename>
      <size>40</size>
    </font>
	
<!-- Welcome page -->

    <font>
      <name>Font_Welcome</name>
      <filename>aeon_main_kr.ttf</filename>
      <size>22</size>
	  <linespacing>1.3</linespacing>
    </font>
	
    <font>
      <name>Font_WelcomeSelect</name>
      <filename>aeon_main_kr.ttf</filename>
      <size>18</size>
    </font>

    <font>
      <name>Font_Vitals</name>
      <filename>aeon_main_kr.ttf</filename>
      <size>19</size>
	  <linespacing>1.9</linespacing>
    </font>

<!-- Wall -->

    <font>
      <name>Font_WallLabelMain</name>
      <filename>aeon_rss_kr.ttf</filename>
      <size>17</size>
    </font>

<!-- OSD -->

    <font>
      <name>Font_OSDSeek</name>
      <filename>aeon_main_kr.ttf</filename>
      <size>16</size>
    </font>

	<font>
	  <name>Font_OSDOptions</name>
	  <filename>aeon_main_kr.ttf</filename>
	  <size>16</size>
	</font>

	<font>
		<name>Font_OSDCodecInfo</name>
		<filename>aeon_main_kr.ttf</filename>
		<size>20</size>
	</font>
	
	<font>
		<name>Font_OSDMusicArtist</name>
		<filename>aeon_main_kr.ttf</filename>
		<size>22</size>
	</font>

	<font>
		<name>Font_OSDMusicTitle</name>
		<filename>aeon_main_kr.ttf</filename>
		<size>30</size>
	</font>		

<!-- VirtualOSD -->

	<font>
		<name>Font_OSDCodecInfo_Virtual</name>
		<filename>aeon_main_kr.ttf</filename>
		<size>12</size>
	</font>
	
	<font>
		<name>Font_OSDMusicArtist_Virtual</name>
		<filename>aeon_main_kr.ttf</filename>
		<size>12</size>
	</font>

	<font>
		<name>Font_OSDMusicTitle_Virtual</name>
		<filename>aeon_main_kr.ttf</filename>
		<size>20</size>
	</font>	

<!-- View Change -->

	<font>
		<name>Font_ViewChangeLabel</name>
		<filename>aeon_main_kr.ttf</filename>
		<size>16</size>
	</font>	

	<font>
		<name>Font_ViewChangeSelect</name>
		<filename>aeon_main_kr.ttf</filename>
		<size>30</size>
	</font>		

<!-- Keyboard -->

	<font>
		<name>Font_KeyboardKeys</name>
		<filename>aeon_main_kr.ttf</filename>
		<size>17</size>
	</font>

	<font>
		<name>Font_KeyboardShapes</name>
		<filename>aeon_main_kr.ttf</filename>
		<size>19</size>
	</font>	

	<font>
		<name>Font_KeyboardEdit</name>
		<filename>aeon_main_kr.ttf</filename>
		<size>19</size>
	</font>	

<!-- OSD -->

	<font>
	  <name>Font_OSDTime</name>
	  <filename>aeon_main_kr.ttf</filename>
	  <size>17</size>
	</font>
	


    <font>
      <name>objects</name>
      <filename>aeon_main_kr.ttf</filename>
      <size>18</size>
    </font>
	
  </fontset>
  
  <fontset id="Aeon_Cyrilic" unicode="true">

<!-- Common -->

	<font>
	  <name>Font_RSS</name>
	  <filename>aeon_rss_cy.ttf</filename>
	  <size>14</size>
	</font>
	
	<font>
	  <name>Font_Time</name>
	  <filename>aeon_rss_cy.ttf</filename>
	  <size>16</size>
	</font>
	
	<font>
	  <name>Font_BigRSS</name>
	  <filename>aeon_rss_cy.ttf</filename>
	  <size>21</size>
	</font>
	
	<font>
	  <name>Font_BigTime</name>
	  <filename>aeon_rss_cy.ttf</filename>
	  <size>21</size>
	</font>
	
    <font>
      <name>Font_Debug</name>
      <filename>aeon_info_cy.ttf</filename>
      <size>18</size>
      <shadow>FF000000</shadow>
    </font>
	
<!-- Home -->

	<font>
		<name>Font_MainMenu</name>
		<filename>aeon_main_cy.ttf</filename>
		<size>78</size>
	</font>
	
	<font>
	  <name>Font_HomeNowPlayingTrack</name>
	  <filename>aeon_player_cy.ttf</filename>
	  <size>22</size>
	</font>

	<font>
	  <name>Font_HomeNowPlayingArtist</name>
	  <filename>aeon_player_cy.ttf</filename>
	  <size>21</size>
	</font>
	
	<font>
	  <name>Font_HomeNowPlayingAlbum</name>
	  <filename>aeon_player_cy.ttf</filename>
	  <size>16</size>
	</font>
	
	<font>
	  <name>Font_WeatherTitle</name>
	  <filename>aeon_title_cy.ttf</filename>
	  <size>24</size>
	</font>
	
	<font>
	  <name>Font_WeatherLabel</name>
	  <filename>aeon_title_cy.ttf</filename>
	  <size>18</size>
	  <linespacing>1.6</linespacing>
	</font>

	<font>
	  <name>Font_WeatherTemp</name>
	  <filename>aeon_title_cy.ttf</filename>
	  <size>55</size>
	</font>		

<!-- Media windows -->

	<font>
	  <name>Font_MediaWindowTitle</name>
	  <filename>aeon_title_cy.ttf</filename>
	  <size>24</size>
	</font>

	<font>
		<name>Font_MediaWindowMenu</name>
		<filename>aeon_title_cy.ttf</filename>
		<size>18</size>
	</font>
	
	<font>
		<name>Font_List</name>
		<filename>aeon_list_cy.ttf</filename>
		<size>16</size>
	</font>
	
	<font>
		<name>font13</name>
		<filename>aeon_list_cy.ttf</filename>
		<size>16</size>
	</font>	

	<font>
		<name>Font_ListDetail</name>
		<filename>aeon_list_cy.ttf</filename>
		<size>13</size>
	</font>
	
<!-- Settings screens -->

	<font>
	  <name>Font_SettingsSectionTitle</name>
	  <filename>aeon_settings_cy.ttf</filename>
	  <size>36</size>
	</font>
	
	<font>
	  <name>Font_SettingsSectionMenuButton</name>
	  <filename>aeon_settings_cy.ttf</filename>
	  <size>27</size>
	</font>
	
	<font>
	  <name>Font_SettingsSectionMenuButtonSubtitle</name>
	  <filename>aeon_settings_cy.ttf</filename>
	  <size>16</size>
	</font>
	
	<font>
	  <name>Font_SettingsOptions</name>
	  <filename>aeon_title_cy.ttf</filename>
	  <size>18</size>
	</font>
	
	<font>
	  <name>Font_SettingsMainLabelBig</name>
	  <filename>aeon_settings_cy.ttf</filename>
	  <size>40</size>
	</font>
	
	<font>
	  <name>Font_SettingsMainLabelSmall</name>
	  <filename>aeon_settings_cy.ttf</filename>
	  <size>22</size>
	  <linespacing>0.9</linespacing>
	</font>
	
<!-- Virtual Home page -->

	<font>
	  <name>Font_VirtualRSS</name>
	  <filename>aeon_rss_cy.ttf</filename>
	  <size>10</size>
	</font>
	
	<font>
		<name>Font_VirtualMainMenu</name>
		<filename>aeon_main_cy.ttf</filename>
		<size>47</size>
	</font>

<!-- Context menus and dialogs -->

    <font>
      <name>Font_ContextMenuButton</name>
      <filename>aeon_settings_cy.ttf</filename>
      <size>20</size>
    </font>

    <font>
      <name>Font_SetContentList</name>
      <filename>aeon_sublist_cy.ttf</filename>
      <size>16</size>
    </font>

	<font>
	  <name>Font_SetContentMenu</name>
	  <filename>aeon_settings_cy.ttf</filename>
	  <size>20</size>
	</font>
	
	<font>
	  <name>Font_ProgressLabelSmall</name>
	  <filename>aeon_settings_cy.ttf</filename>
	  <size>20</size>
	</font>
	
	<font>
	  <name>Font_ProgressLabelMid</name>
	  <filename>aeon_settings_cy.ttf</filename>
	  <size>27</size>
	</font>	

	<font>
	  <name>Font_ProgressLabelBig</name>
	  <filename>aeon_settings_cy.ttf</filename>
	  <size>35</size>
	</font>
	
	<font>
	  <name>Font_ProgressLabelYesNo</name>
	  <filename>aeon_settings_cy.ttf</filename>
	  <size>46</size>
	</font>	
	
	<font>
		<name>Font_AddSourceEdit</name>
		<filename>aeon_info_cy.ttf</filename>
		<size>20</size>
	</font>		
	
<!-- File Browser -->

	<font>
	  <name>Font_FileBrowserTile</name>
	  <filename>aeon_settings_cy.ttf</filename>
	  <size>20</size>
	</font>
	
	<font>
	  <name>Font_FileBrowserPath</name>
	  <filename>aeon_settings_cy.ttf</filename>
	  <size>19</size>
	</font>

<!-- Flow view type -->
	
	<font>
      <name>Font_FlowMainLabel</name>
      <filename>aeon_list_cy.ttf</filename>
      <size>20</size>
    </font>
	
    <font>
      <name>Font_FlowSubLabel</name>
      <filename>aeon_list_cy.ttf</filename>
      <size>16</size>
    </font>

<!-- Showcase -->
	
    <font>
      <name>Font_ShowcaseMainLabel</name>
      <filename>aeon_list_cy.ttf</filename>
      <size>22</size>
    </font>
	
    <font>
      <name>Font_ShowcaseDetailLabel</name>
      <filename>aeon_list_cy.ttf</filename>
      <size>16</size>
    </font>
	
<!-- Fullscreen Info pages -->

    <font>
      <name>Font_FSInfoTitle</name>
      <filename>aeon_settings_cy.ttf</filename>
      <size>55</size>
    </font>
	
    <font>
      <name>Font_FSInfoArtist</name>
      <filename>aeon_settings_cy.ttf</filename>
      <size>30</size>
    </font>
	
    <font>
      <name>Font_FSInfoYear</name>
      <filename>aeon_info_cy.ttf</filename>
      <size>37</size>
    </font>

    <font>
      <name>Font_FSInfoGenre</name>
      <filename>aeon_info_cy.ttf</filename>
      <size>20</size>
    </font>
	
    <font>
      <name>Font_FSInfoNoPoster</name>
      <filename>aeon_info_cy.ttf</filename>
      <size>17</size>
    </font>
	
    <font>
      <name>Font_FSInfoLabel</name>
      <filename>aeon_info_cy.ttf</filename>
      <size>16</size>
    </font>
	
    <font>
      <name>Font_FSInfoData</name>
      <filename>aeon_info_cy.ttf</filename>
      <size>19</size>
	  <linespacing>1.1</linespacing>
    </font>
	
    <font>
      <name>Font_FSInfoPlot</name>
      <filename>aeon_player_cy.ttf</filename>
      <size>21</size>
	  <linespacing>0.9</linespacing>
    </font>

    <font>
      <name>Font_FSIMDB</name>
      <filename>aeon_settings_cy.ttf</filename>
      <size>30</size>
    </font>
	
    <font>
      <name>Font_BookmarksAvailable</name>
      <filename>aeon_settings_cy.ttf</filename>
      <size>20</size>
    </font>	
	
    <font>
      <name>Font_FSIMDBData</name>
      <filename>aeon_info_cy.ttf</filename>
      <size>40</size>
    </font>
	
<!-- Welcome page -->

    <font>
      <name>Font_Welcome</name>
      <filename>aeon_welcome.ttf</filename>
      <size>22</size>
	  <linespacing>0.9</linespacing>
    </font>
	
    <font>
      <name>Font_WelcomeSelect</name>
      <filename>aeon_welcome.ttf</filename>
      <size>18</size>
    </font>

    <font>
      <name>Font_Vitals</name>
      <filename>aeon_settings_cy.ttf</filename>
      <size>21</size>
	  <linespacing>1.9</linespacing>
    </font>

<!-- Wall -->

    <font>
      <name>Font_WallLabelMain</name>
      <filename>aeon_info_cy.ttf</filename>
      <size>17</size>
    </font>

<!-- OSD -->

    <font>
      <name>Font_OSDSeek</name>
      <filename>aeon_settings_cy.ttf</filename>
      <size>18</size>
    </font>

	<font>
	  <name>Font_OSDOptions</name>
	  <filename>aeon_title_cy.ttf</filename>
	  <size>16</size>
	</font>

	<font>
		<name>Font_OSDCodecInfo</name>
		<filename>aeon_settings_cy.ttf</filename>
		<size>22</size>
	</font>
	
	<font>
		<name>Font_OSDMusicArtist</name>
		<filename>aeon_settings_cy.ttf</filename>
		<size>24</size>
	</font>

	<font>
		<name>Font_OSDMusicTitle</name>
		<filename>aeon_settings_cy.ttf</filename>
		<size>38</size>
	</font>		

<!-- VirtualOSD -->

	<font>
		<name>Font_OSDCodecInfo_Virtual</name>
		<filename>aeon_settings_cy.ttf</filename>
		<size>14</size>
	</font>
	
	<font>
		<name>Font_OSDMusicArtist_Virtual</name>
		<filename>aeon_settings_cy.ttf</filename>
		<size>16</size>
	</font>

	<font>
		<name>Font_OSDMusicTitle_Virtual</name>
		<filename>aeon_settings_cy.ttf</filename>
		<size>25</size>
	</font>		
	
<!-- View Change -->

	<font>
		<name>Font_ViewChangeLabel</name>
		<filename>aeon_title_cy.ttf</filename>
		<size>16</size>
	</font>	

	<font>
		<name>Font_ViewChangeSelect</name>
		<filename>aeon_title_cy.ttf</filename>
		<size>30</size>
	</font>		

<!-- Keyboard -->

	<font>
		<name>Font_KeyboardKeys</name>
		<filename>aeon_info_cy.ttf</filename>
		<size>17</size>
	</font>

	<font>
		<name>Font_KeyboardShapes</name>
		<filename>aeon_shapes.ttf</filename>
		<size>19</size>
	</font>	

	<font>
		<name>Font_KeyboardEdit</name>
		<filename>aeon_info_cy.ttf</filename>
		<size>19</size>
	</font>	

<!-- OSD -->

	<font>
	  <name>Font_OSDTime</name>
	  <filename>aeon_settings_cy.ttf</filename>
	  <size>19</size>
	</font>
	


    <font>
      <name>objects</name>
      <filename>aeon_sublist_cy.ttf</filename>
      <size>18</size>
    </font>
	
  </fontset>  

  <fontset id="Aeon_Polish" unicode="true">

<!-- Common -->

	<font>
	  <name>Font_RSS</name>
	  <filename>aeon_rss_ce.ttf</filename>
	  <size>14</size>
	</font>
	
	<font>
	  <name>Font_Time</name>
	  <filename>aeon_rss_ce.ttf</filename>
	  <size>16</size>
	</font>
	
	<font>
	  <name>Font_BigRSS</name>
	  <filename>aeon_rss_ce.ttf</filename>
	  <size>21</size>
	</font>
	
	<font>
	  <name>Font_BigTime</name>
	  <filename>aeon_rss_ce.ttf</filename>
	  <size>21</size>
	</font>
	
    <font>
      <name>Font_Debug</name>
      <filename>aeon_edit_ce.ttf</filename>
      <size>18</size>
      <shadow>FF000000</shadow>
    </font>
	
<!-- Home -->

	<font>
		<name>Font_MainMenu</name>
		<filename>aeon_main_ce.ttf</filename>
		<size>55</size>
	</font>
	
	<font>
	  <name>Font_HomeNowPlayingTrack</name>
	  <filename>aeon_player_ce.ttf</filename>
	  <size>22</size>
	</font>

	<font>
	  <name>Font_HomeNowPlayingArtist</name>
	  <filename>aeon_player_ce.ttf</filename>
	  <size>21</size>
	</font>
	
	<font>
	  <name>Font_HomeNowPlayingAlbum</name>
	  <filename>aeon_player_ce.ttf</filename>
	  <size>16</size>
	</font>
	
	<font>
	  <name>Font_WeatherTitle</name>
	  <filename>aeon_title_ce.ttf</filename>
	  <size>24</size>
	</font>
	
	<font>
	  <name>Font_WeatherLabel</name>
	  <filename>aeon_title_ce.ttf</filename>
	  <size>18</size>
	  <linespacing>1.6</linespacing>
	</font>

	<font>
	  <name>Font_WeatherTemp</name>
	  <filename>aeon_title_ce.ttf</filename>
	  <size>55</size>
	</font>		

<!-- Media windows -->

	<font>
	  <name>Font_MediaWindowTitle</name>
	  <filename>aeon_title_ce.ttf</filename>
	  <size>24</size>
	</font>

	<font>
		<name>Font_MediaWindowMenu</name>
		<filename>aeon_title_ce.ttf</filename>
		<size>18</size>
	</font>
	
	<font>
		<name>Font_List</name>
		<filename>aeon_list_ce.ttf</filename>
		<size>16</size>
	</font>
	
	<font>
		<name>font13</name>
		<filename>aeon_list_ce.ttf</filename>
		<size>16</size>
	</font>	

	<font>
		<name>Font_ListDetail</name>
		<filename>aeon_list_ce.ttf</filename>
		<size>13</size>
	</font>
	
<!-- Settings screens -->

	<font>
	  <name>Font_SettingsSectionTitle</name>
	  <filename>aeon_settings_ce.ttf</filename>
	  <size>36</size>
	</font>
	
	<font>
	  <name>Font_SettingsSectionMenuButton</name>
	  <filename>aeon_settings_ce.ttf</filename>
	  <size>25</size>
	</font>
	
	<font>
	  <name>Font_SettingsSectionMenuButtonSubtitle</name>
	  <filename>aeon_settings_ce.ttf</filename>
	  <size>17</size>
	</font>
	
	<font>
	  <name>Font_SettingsOptions</name>
	  <filename>aeon_settings_ce.ttf</filename>
	  <size>19</size>
	</font>
	
	<font>
	  <name>Font_SettingsMainLabelBig</name>
	  <filename>aeon_settings_ce.ttf</filename>
	  <size>40</size>
	</font>
	
	<font>
	  <name>Font_SettingsMainLabelSmall</name>
	  <filename>aeon_settings_ce.ttf</filename>
	  <size>22</size>
	  <linespacing>0.9</linespacing>
	</font>
	
<!-- Virtual Home page -->

	<font>
	  <name>Font_VirtualRSS</name>
	  <filename>aeon_rss_ce.ttf</filename>
	  <size>10</size>
	</font>
	
	<font>
		<name>Font_VirtualMainMenu</name>
		<filename>aeon_main_ce.ttf</filename>
		<size>47</size>
	</font>

<!-- Context menus and dialogs -->

    <font>
      <name>Font_ContextMenuButton</name>
      <filename>aeon_settings_ce.ttf</filename>
      <size>20</size>
    </font>

    <font>
      <name>Font_SetContentList</name>
      <filename>aeon_sublist_ce.ttf</filename>
      <size>16</size>
    </font>

	<font>
	  <name>Font_SetContentMenu</name>
	  <filename>aeon_settings_ce.ttf</filename>
	  <size>20</size>
	</font>
	
	<font>
	  <name>Font_ProgressLabelSmall</name>
	  <filename>aeon_settings_ce.ttf</filename>
	  <size>20</size>
	</font>

	<font>
	  <name>Font_ProgressLabelMid</name>
	  <filename>aeon_settings_ce.ttf</filename>
	  <size>27</size>
	</font>	

	<font>
	  <name>Font_ProgressLabelBig</name>
	  <filename>aeon_settings_ce.ttf</filename>
	  <size>35</size>
	</font>
	
	<font>
	  <name>Font_ProgressLabelYesNo</name>
	  <filename>aeon_settings_ce.ttf</filename>
	  <size>46</size>
	</font>	
	
	<font>
		<name>Font_AddSourceEdit</name>
		<filename>aeon_settings_ce.ttf</filename>
		<size>20</size>
	</font>		
	
<!-- File Browser -->

	<font>
	  <name>Font_FileBrowserTile</name>
	  <filename>aeon_settings_ce.ttf</filename>
	  <size>20</size>
	</font>
	
	<font>
	  <name>Font_FileBrowserPath</name>
	  <filename>aeon_settings_ce.ttf</filename>
	  <size>19</size>
	</font>

<!-- Flow view type -->
	
	<font>
      <name>Font_FlowMainLabel</name>
      <filename>aeon_list_ce.ttf</filename>
      <size>20</size>
    </font>
	
    <font>
      <name>Font_FlowSubLabel</name>
      <filename>aeon_list_ce.ttf</filename>
      <size>16</size>
    </font>

<!-- Showcase -->
	
    <font>
      <name>Font_ShowcaseMainLabel</name>
      <filename>aeon_list_ce.ttf</filename>
      <size>22</size>
    </font>
	
    <font>
      <name>Font_ShowcaseDetailLabel</name>
      <filename>aeon_list_ce.ttf</filename>
      <size>16</size>
    </font>
	
<!-- Fullscreen Info pages -->

    <font>
      <name>Font_FSInfoTitle</name>
      <filename>aeon_settings_ce.ttf</filename>
      <size>55</size>
    </font>
	
    <font>
      <name>Font_FSInfoArtist</name>
      <filename>aeon_settings_ce.ttf</filename>
      <size>30</size>
    </font>
	
    <font>
      <name>Font_FSInfoYear</name>
      <filename>aeon_edit_ce.ttf</filename>
      <size>37</size>
    </font>

    <font>
      <name>Font_FSInfoGenre</name>
      <filename>aeon_edit_ce.ttf</filename>
      <size>20</size>
    </font>
	
    <font>
      <name>Font_FSInfoNoPoster</name>
      <filename>aeon_edit_ce.ttf</filename>
      <size>17</size>
    </font>
	
    <font>
      <name>Font_FSInfoLabel</name>
      <filename>aeon_edit_ce.ttf</filename>
      <size>16</size>
    </font>
	
    <font>
      <name>Font_FSInfoData</name>
      <filename>aeon_edit_ce.ttf</filename>
      <size>19</size>
	  <linespacing>1.1</linespacing>
    </font>
	
    <font>
      <name>Font_FSInfoPlot</name>
      <filename>aeon_player_ce.ttf</filename>
      <size>21</size>
	  <linespacing>0.9</linespacing>
    </font>

    <font>
      <name>Font_FSIMDB</name>
      <filename>aeon_settings_ce.ttf</filename>
      <size>20</size>
    </font>
	
    <font>
      <name>Font_BookmarksAvailable</name>
      <filename>aeon_settings_ce.ttf</filename>
      <size>20</size>
    </font>	
	
    <font>
      <name>Font_FSIMDBData</name>
      <filename>aeon_edit_ce.ttf</filename>
      <size>40</size>
    </font>
	
<!-- Welcome page -->

    <font>
      <name>Font_Welcome</name>
      <filename>aeon_welcome_ce.ttf</filename>
      <size>22</size>
	  <linespacing>0.9</linespacing>
    </font>
	
    <font>
      <name>Font_WelcomeSelect</name>
      <filename>aeon_welcome_ce.ttf</filename>
      <size>18</size>
    </font>

    <font>
      <name>Font_Vitals</name>
      <filename>aeon_settings_ce.ttf</filename>
      <size>21</size>
	  <linespacing>1.9</linespacing>
    </font>

<!-- Wall -->

    <font>
      <name>Font_WallLabelMain</name>
      <filename>aeon_edit_ce.ttf</filename>
      <size>17</size>
    </font>

<!-- OSD -->

    <font>
      <name>Font_OSDSeek</name>
      <filename>aeon_settings_ce.ttf</filename>
      <size>19</size>
    </font>

	<font>
	  <name>Font_OSDOptions</name>
	  <filename>aeon_title_ce.ttf</filename>
	  <size>16</size>
	</font>

	<font>
		<name>Font_OSDCodecInfo</name>
		<filename>aeon_settings_ce.ttf</filename>
		<size>22</size>
	</font>
	
	<font>
		<name>Font_OSDMusicArtist</name>
		<filename>aeon_settings_ce.ttf</filename>
		<size>24</size>
	</font>

	<font>
		<name>Font_OSDMusicTitle</name>
		<filename>aeon_settings_ce.ttf</filename>
		<size>38</size>
	</font>		

<!-- VirtualOSD -->

	<font>
		<name>Font_OSDCodecInfo_Virtual</name>
		<filename>aeon_settings_ce.ttf</filename>
		<size>15</size>
	</font>
	
	<font>
		<name>Font_OSDMusicArtist_Virtual</name>
		<filename>aeon_settings_ce.ttf</filename>
		<size>17</size>
	</font>

	<font>
		<name>Font_OSDMusicTitle_Virtual</name>
		<filename>aeon_settings_ce.ttf</filename>
		<size>25</size>
	</font>			
	
<!-- View Change -->

	<font>
		<name>Font_ViewChangeLabel</name>
		<filename>aeon_title_ce.ttf</filename>
		<size>16</size>
	</font>	

	<font>
		<name>Font_ViewChangeSelect</name>
		<filename>aeon_title_ce.ttf</filename>
		<size>30</size>
	</font>		

<!-- Keyboard -->

	<font>
		<name>Font_KeyboardKeys</name>
		<filename>aeon_edit_ce.ttf</filename>
		<size>17</size>
	</font>

	<font>
		<name>Font_KeyboardShapes</name>
		<filename>aeon_shapes.ttf</filename>
		<size>19</size>
	</font>	

	<font>
		<name>Font_KeyboardEdit</name>
		<filename>aeon_edit_ce.ttf</filename>
		<size>19</size>
	</font>	

<!-- OSD -->

	<font>
	  <name>Font_OSDTime</name>
	  <filename>aeon_settings_ce.ttf</filename>
	  <size>18</size>
	</font>
	
    <font>
      <name>objects</name>
      <filename>aeon_sublist_ce.ttf</filename>
      <size>18</size>
    </font>
	
  </fontset>
  
</fonts>
