<colors>
	<color name="white">FFFFFFFF</color>
	<color name="grey">FFb4b4b4</color>
	<color name="grey2">88FFFFFF</color>
	<color name="grey3">33FFFFFF</color>
	<color name="black">FF000000</color>
	<color name="blue">FF0055be</color>
	<color name="selected">FFEB9E17</color>
	<color name="dialogheader">DDced8da</color>

    <color name="high">FFC61F26</color>
    <color name="low">FF0055be</color>
    <color name="red">FFC61F26</color>
    <color name="green">FF00FF00</color>
    <color name="yellow">FFFFFF00</color>
    <color name="orange">FFFEAF33</color>
    <color name="default">FFFFFFFF</color>
    <color name="rss_headline">FF0055be</color>

</colors>