<includes>
    <include name = "TWC.Loading.Label">
        <!-- Loading label used to inform user when fetching info -->
        <control type="label">
            <description>loading label</description>
            <posx>242</posx>
            <posy>0</posy>
            <width>476</width>
            <height>289</height>
            <align>center</align>
            <label>31010</label>
            <font>Window.Category</font>
            <textcolor>Window.Category.Text</textcolor>
            <shadowcolor>Window.Category.Text.Shadow</shadowcolor>
            <visible>[StringCompare(Window.Property(CurrentView),200) + IsEmpty(Window.Property(36Hour.3.Heading)) ] | [StringCompare(Window.Property(CurrentView),202) + IsEmpty(Window.Property(Hourly.Heading1)) ] | [StringCompare(Window.Property(CurrentView),203) + IsEmpty(Window.Property(Weekend.3.Date)) ] | [StringCompare(Window.Property(CurrentView),204) + IsEmpty(Window.Property(Daily.Heading1)) ]</visible>
        </control>
    </include>

    <include name="Dummy.Button">
        <posx>0</posx>
        <posy>0</posy>
        <width>0</width>
        <height>0</height>
        <texturenofocus>-</texturenofocus>
        <texturefocus>-</texturefocus>
    </include>

    <include name="Background.4x3.Dimensions">
        <posx>0</posx>
        <posy>0</posy>
        <width>720</width>
        <height>576</height>
    </include>

    <include name="Background.16x9.Dimensions">
        <posx>-152</posx>
        <posy>0</posy>
        <width>1024</width>
        <height>576</height>
    </include>

    <include name="Window.Heading">
        <posx>0</posx>
        <posy>0</posy>
        <width>300</width>
        <height>30</height>
        <font>Window.Heading</font>
        <textcolor>Window.Heading.Text</textcolor>
        <shadowcolor>Window.Heading.Text.Shadow</shadowcolor>
        <align>left</align>
        <aligny>center</aligny>
    </include>

	<include name="Window.Category">
        <posx>720</posx>
        <posy>0</posy>
        <width>300</width>
        <height>30</height>
        <font>Window.Category</font>
        <textcolor>Window.Category.Text</textcolor>
        <shadowcolor>Window.Category.Text.Shadow</shadowcolor>
        <align>right</align>
        <aligny>center</aligny>
    </include>

    <include name="Script.TWC.Current.Labels">
        <posx>100</posx>
        <height>20</height>
        <font>font10</font>
        <align>right</align>
    </include>
    <include name="Script.TWC.Current.Values">
        <posx>105</posx>
        <height>20</height>
        <font>font10</font>
    </include>
    <include name="Script.TWC.Column.Heading.Standard">
        <description>heading</description>
        <posx>15</posx>
        <posy>0</posy>
        <width>150</width>
        <height>35</height>
        <font>font10</font>
        <align>center</align>
    </include>
    <include name="Script.TWC.Column.OutlookIcon.Standard">
        <description>outlook icon</description>
        <posx>27</posx>
        <posy>47</posy>
        <width>64</width>
        <height>64</height>
        <aspectratio>keep</aspectratio>
    </include>
    <include name="Script.TWC.Column.Brief.Standard">
        <description>brief label</description>
        <posx>7</posx>
        <posy>117</posy>
        <width>105</width>
        <height>30</height>
        <font>font10</font>
        <align>center</align>
        <aligny>top</aligny>
        <wrapmultiline>true</wrapmultiline>
    </include>
    <include name="Script.TWC.Column.Info.Title.Top">
        <description>temp title</description>
        <posx>87</posx>
        <posy>48</posy>
        <width>95</width>
        <height>20</height>
        <font>font10</font>
        <align>center</align>
        <aligny>bottom</aligny>
    </include>
    <include name="Script.TWC.Column.Info.Top">
        <description>temp</description>
        <posx>84</posx>
        <posy>66</posy>
        <width>100</width>
        <height>20</height>
        <font>Custom.Medium</font>
        <align>center</align>
        <aligny>top</aligny>
    </include>
    <include name="Script.TWC.Column.Info.Title.Bottom">
        <description>precip title</description>
        <posx>87</posx>
        <posy>100</posy>
        <width>95</width>
        <height>20</height>
        <font>font10</font>
        <align>center</align>
        <aligny>bottom</aligny>
    </include>
    <include name="Script.TWC.Column.Info.Bottom">
        <description>precip</description>
        <posx>87</posx>
        <posy>118</posy>
        <width>95</width>
        <height>20</height>
        <font>Custom.Small</font>
        <align>center</align>
        <aligny>top</aligny>
    </include>
    <include name="Script.TWC.Column.Extra">
        <description>extra</description>
        <posx>15</posx>
        <posy>152</posy>
        <width>150</width>
        <height>20</height>
        <font>font10</font>
        <align>center</align>
    </include>
    <include name="Script.TWC.Column.Outlook.Standard">
        <description>outlook</description>
        <posx>17</posx>
        <posy>180</posy>
        <width>146</width>
        <height>142</height>
        <font>font10</font>
        <spinheight>-5</spinheight>
        <aligny>top</aligny>
        <autoscroll time="2000" delay="6000" repeat="6000">VisibleChange</autoscroll>
    </include>
    <include name="Script.TWC.Column.Details.Standard">
        <description>outlook</description>
        <posx>17</posx>
        <posy>180</posy>
        <width>146</width>
        <height>20</height>
        <font>font10</font>
        <align>center</align>
    </include>

    <include name="Script.TWC.Column.Heading.Wide">
        <description>heading</description>
        <posx>12</posx>
        <posy>0</posy>
        <width>220</width>
        <height>35</height>
        <font>font10</font>
        <align>center</align>
    </include>
    <include name="Script.TWC.Column.Heading.Standard.Subtitle">
        <description>heading</description>
        <posx>163</posx>
        <posy>2</posy>
        <width>100</width>
        <height>35</height>
        <font>font10</font>
        <align>right</align>
        <aligny>top</aligny>
    </include>

    <include name="Script.TWC.Column.OutlookIcon.Wide">
        <description>outlook icon</description>
        <posx>37</posx>
        <posy>45</posy>
        <width>64</width>
        <height>64</height>
        <aspectratio>keep</aspectratio>
    </include>
    <include name="Script.TWC.Column.Brief.Wide">
        <description>brief label</description>
        <posx>17</posx>
        <posy>115</posy>
        <width>105</width>
        <height>30</height>
        <font>font10</font>
        <align>center</align>
        <aligny>top</aligny>
        <wrapmultiline>true</wrapmultiline>
    </include>
    <include name="Script.TWC.Column.High.Temp.Title.Wide">
        <control type="label">
            <description>high temp title</description>
            <posx>129</posx>
            <posy>45</posy>
            <width>95</width>
            <height>20</height>
            <font>font10</font>
            <align>center</align>
            <aligny>bottom</aligny>
            <info>Window.Property(Weekendhightitle)</info>
        </control>
    </include>
    <include name="Script.TWC.Column.High.Temp.Wide">
        <description>high temp</description>
        <posx>126</posx>
        <posy>63</posy>
        <width>100</width>
        <height>20</height>
        <textcolor>red</textcolor>
        <font>Custom.Medium</font>
        <align>center</align>
        <aligny>top</aligny>
    </include>
    <include name="Script.TWC.Column.Low.Temp.Title.Wide">
        <control type="label">
            <description>low temp title</description>
            <posx>129</posx>
            <posy>95</posy>
            <width>95</width>
            <height>20</height>
            <font>font10</font>
            <align>center</align>
            <aligny>bottom</aligny>
            <info>Window.Property(Weekendlowtitle)</info>
        </control>
    </include>
    <include name="Script.TWC.Column.Low.Temp.Wide">
        <description>low temp</description>
        <posx>129</posx>
        <posy>113</posy>
        <width>95</width>
        <height>20</height>
        <textcolor>blue</textcolor>
        <font>Custom.Small</font>
        <align>center</align>
        <aligny>top</aligny>
    </include>
    <include name="Script.TWC.Column.Precip.Wide">
        <description>precip</description>
        <posx>12</posx>
        <posy>145</posy>
        <width>220</width>
        <height>20</height>
        <font>font10</font>
        <align>center</align>
    </include>

    <include name="Script.TWC.Column.Outlook.Wide">
        <description>outlook</description>
        <posx>20</posx>
        <posy>176</posy>
        <width>204</width>
        <height>145</height>
        <font>font10</font>
        <spinheight>-5</spinheight>
        <autoscroll time="2000" delay="6000" repeat="6000">VisibleChange</autoscroll>
    </include>




















    

    <include name="Script.TWC.Column.Heading.BG.Standard">
        <control type="image">
            <description>Background</description>
            <posx>12</posx>
            <posy>0</posy>
            <width>156</width>
            <height>35</height>
            <texture border="10">section-rounded-top.png</texture>
        </control>
    </include>
    <include name="Script.TWC.Column.Forecast.BG.Standard">
        <control type="image">
            <description>Background</description>
            <posx>12</posx>
            <posy>39</posy>
            <width>156</width>
            <height>135</height>
            <texture border="10">section.png</texture>
        </control>
    </include>
    <include name="Script.TWC.Column.Outlook.BG.Standard">
        <control type="image">
            <description>Background</description>
            <posx>12</posx>
            <posy>178</posy>
            <width>156</width>
            <height>150</height>
            <texture border="10">section.png</texture>
        </control>
    </include>
    <include name="Script.TWC.Column.Heading.BG.Wide">
        <control type="image">
            <description>Background</description>
            <posx>10</posx>
            <posy>0</posy>
            <width>228</width>
            <height>35</height>
            <texture border="10">section-rounded-top.png</texture>
        </control>
    </include>
    <include name="Script.TWC.Column.Forecast.BG.Wide">
        <control type="image">
            <description>Background</description>
            <posx>10</posx>
            <posy>39</posy>
            <width>228</width>
            <height>175</height>
            <texture border="10">section.png</texture>
        </control>
    </include>
    <include name="Script.TWC.Column.Outlook.BG.Wide">
        <control type="image">
            <description>Background</description>
            <posx>10</posx>
            <posy>218</posy>
            <width>228</width>
            <height>110</height>
            <texture border="10">section.png</texture>
        </control>
    </include>

    
    
    
    <include name="Script.TWC.List.Dimensions">
        <posx>12</posx>
        <posy>39</posy>
        <width>476</width>
        <height>289</height>
        <itemgap>4</itemgap>
        <pagecontrol>-</pagecontrol>
        <scrolltime>200</scrolltime>
    </include>

    <include name="Script.TWC.List.Row.Dimensions">
        <posx>0</posx>
        <posy>0</posy>
        <width>476</width>
        <height>69</height>
    </include>
	<include name="Script.TWC.List.Row.Textures">
        <texturefocus border="3">section-focus.png</texturefocus>
        <texturenofocus border="3">section.png</texturenofocus>
    </include>
    
	<include name="Script.TWC.List.Column1">
        <posx>0</posx>
        <posy>0</posy>
        <width>75</width>
        <height>65</height>
        <include>Script.TWC.List.Text.Small</include>
    </include>
	<include name="Script.TWC.List.Column2">
        <posx>75</posx>
        <width>156</width>
        <include>Script.TWC.List.Column1</include>
    </include>
	<include name="Script.TWC.List.Column2a">
        <posx>80</posx>
        <posy>8</posy>
        <width>48</width>
        <height>48</height>
        <aspectratio>keep</aspectratio>
    </include>
	<include name="Script.TWC.List.Column2b">
        <posx>140</posx>
        <width>90</width>
        <include>Script.TWC.List.Column1</include>
    </include>
	<include name="Script.TWC.List.Column3">
        <posx>235</posx>
        <include>Script.TWC.List.Column1</include>
    </include>
	<include name="Script.TWC.List.Column4">
        <posx>300</posx>
        <include>Script.TWC.List.Column1</include>
    </include>
	<include name="Script.TWC.List.Column5">
        <posx>375</posx>
        <width>95</width>
        <include>Script.TWC.List.Column1</include>
    </include>
    <include name="Script.TWC.MapList.Row">
        <posx>0</posx>
        <posy>0</posy>
        <width>250</width>
        <height>25</height>
        <align>left</align>
        <font>font10</font>
        <texture border="5">input-focus.png</texture>
        <texturenofocus>input-nofocus.png</texturenofocus>
        <texturefocus>input-focus.png</texturefocus>
    </include>

	<include name="Script.TWC.List.Text.Small">
        <font>font10</font>
        <textcolor>Button.Text</textcolor>
        <align>center</align>
        <wrapmultiline>true</wrapmultiline>
    </include>
	<include name="Script.Heading.Text">
        <font>WindowHeading</font>
        <textcolor>Window.Heading.Text</textcolor>
        <shadowcolor>Window.Heading.Text.Shadow</shadowcolor>
        <align>left</align>
        <aligny>center</aligny>
    </include>

</includes>
