<window id="2600">
    <defaultcontrol always="true">20000</defaultcontrol>
    <allowoverlay>false</allowoverlay>

    <controls>
        <control type="button" id="20000">
            <description>dummy button to set initial view</description>
            <include>Dummy.Button</include>
            <onfocus>Skin.SetString(twc-defaultview,200)</onfocus>
            <onfocus>SetProperty(CurrentView,206)</onfocus>
            <onfocus>SetFocus(2000)</onfocus>
            <visible>!Skin.HasSetting(twc-show-alerts) + IsEmpty(Skin.String(twc-defaultview))</visible>
        </control>
        <control type="button" id="20000">
            <description>dummy button to set initial view</description>
            <include>Dummy.Button</include>
            <onfocus>SetProperty(CurrentView,206)</onfocus>
            <onfocus>SetFocus(2000)</onfocus>
            <visible>!Skin.HasSetting(twc-show-alerts) + !IsEmpty(Skin.String(twc-defaultview))</visible>
        </control>
        <control type="button" id="20000">
            <description>dummy button to set initial view</description>
            <include>Dummy.Button</include>
            <onfocus>Skin.SetString(twc-defaultview,200)</onfocus>
            <onfocus>SetProperty(CurrentView,200)</onfocus>
            <onfocus>SetFocus(2000)</onfocus>
            <visible>Skin.HasSetting(twc-show-alerts) + IsEmpty(Skin.String(twc-defaultview))</visible>
        </control>
        <control type="button" id="20000">
            <description>dummy button to set initial view</description>
            <include>Dummy.Button</include>
            <onfocus>SetProperty(CurrentView,$INFO[Skin.String(twc-defaultview)])</onfocus>
            <onfocus>SetFocus(2000)</onfocus>
            <visible>Skin.HasSetting(twc-show-alerts) + !IsEmpty(Skin.String(twc-defaultview))</visible>
        </control>
        <control type="image">
            <description>background image</description>
            <include>Background.4x3.Dimensions</include>
            <texture>background-weather.png</texture>
            <visible>IsEmpty(Skin.String(twc-fanart-path)) | StringCompare(Skin.String(twc-fanart-diffusebutton),4080)</visible>
        </control>
        <!-- Fanart multiimage -->
        <control type="multiimage">
            <description>fanart location</description>
            <include>Background.16x9.Dimensions</include>
            <imagepath>$INFO[Skin.String(twc-fanart-path)]$INFO[Window.Property(AreaCode)]</imagepath>
            <timeperimage>10000</timeperimage>
            <pauseatend>0</pauseatend>
            <fadetime>2000</fadetime>
            <randomize>true</randomize>
            <colordiffuse>$INFO[Skin.String(twc-fanart-diffusecolor)]</colordiffuse>
            <loop>yes</loop>
            <aspectratio>stretch</aspectratio>
            <visible>!IsEmpty(Skin.String(twc-fanart-path)) + !Skin.HasSetting(twc-fanart-type) + !StringCompare(Skin.String(twc-fanart-diffusebutton),4080)</visible>
        </control>
        <!-- Fanart multiimage -->
        <control type="multiimage">
            <description>fanart weather conditions</description>
            <include>Background.16x9.Dimensions</include>
            <imagepath>$INFO[Skin.String(twc-fanart-path)]$INFO[Weather.FanartCode]</imagepath>
            <timeperimage>10000</timeperimage>
            <pauseatend>0</pauseatend>
            <fadetime>2000</fadetime>
            <randomize>true</randomize>
            <colordiffuse>$INFO[Skin.String(twc-fanart-diffusecolor)]</colordiffuse>
            <loop>yes</loop>
            <aspectratio>keep</aspectratio>
            <visible>!IsEmpty(Skin.String(twc-fanart-path)) + Skin.HasSetting(twc-fanart-type) + !StringCompare(Skin.String(twc-fanart-diffusebutton),4080)</visible>
        </control>
		<control type="videowindow">
			<description>video preview window</description>
            <include>Background.4x3.Dimensions</include>
			<visible>!VideoPlayer.IsFullscreen + Player.HasVideo</visible>
		</control>
        <!-- dialog group -->
        <control type="group" id="2000">
            <posy>0</posy>
            <animation effect="fade" reversible="true" time="300">WindowOpen</animation>
            <!-- Background Shadow -->
            <control type="image">
                <posx>0</posx>
                <posy>48</posy>
                <width>720</width>
                <height>480</height>
                <texture>black.png</texture>
            </control>
            <!-- Logo -->
            <control type="image">
                <posx>5</posx>
                <posy>53</posy>
                <width>56</width>
                <height>48</height>
                <texture>TWClogo_64px.png</texture>
                <aspectratio>keep</aspectratio>
            </control>
            <control type="label">
                <description>heading</description>
                <posx>70</posx>
                <posy>53</posy>
                <include>Window.Heading</include>
                <label>8</label>
                <!--label>$INFO[Window.Property(PluginName)] - $INFO[Window.Property(CurrentView)] - ($INFO[Window.Property(CurrentMapList)])</label-->
            </control>
            <control type="label">
                <description>location</description>
                <posx>715</posx>
                <posy>45</posy>
                <include>Window.Category</include>
                <info>Weather.Location</info>
            </control>
            <!-- Last updated label -->
            <control type="label">
                <description>updated label</description>
                <posx>715</posx>
                <posy>75</posy>
                <width>300</width>
                <height>25</height>
                <font>font10</font>
                <textcolor>FFFFFFFF</textcolor>
                <align>right</align>
                <aligny>top</aligny>
                <info>Window.Property(Updated)</info>
            </control>
            <control type="group">
                <posx>0</posx>
                <posy>20</posy>
                <!-- Section divider -->
                <control type="image">
                    <description>divider left</description>
                    <posx>0</posx>
                    <posy>100</posy>
                    <width>10</width>
                    <height>30</height>
                    <texture>tab-sep.png</texture>
                    <aspectratio>stretch</aspectratio>
                </control>
                <control type="image">
                    <description>divider right</description>
                    <posx>710</posx>
                    <posy>100</posy>
                    <width>10</width>
                    <height>30</height>
                    <texture>tab-sep.png</texture>
                    <aspectratio>stretch</aspectratio>
                    <visible>!IsEmpty(Window.Property(Alerts))</visible>
                </control>
                <control type="image">
                    <description>divider right</description>
                    <posx>610</posx>
                    <posy>100</posy>
                    <width>110</width>
                    <height>30</height>
                    <texture>tab-sep.png</texture>
                    <aspectratio>stretch</aspectratio>
                    <visible>IsEmpty(Window.Property(Alerts))</visible>
                </control>
            </control>
        </control>

        <!-- Sections group -->
        <control type="group" id="3000">
            <posx>-40</posx>
            <posy>5</posy>
            <!-- Current conditions -->
            <control type="group">
                <visible>[StringCompare(Window.Property(CurrentView),206) + IsEmpty(Window.Property(Alerts))] | [!StringCompare(Window.Property(CurrentView),) + !StringCompare(Window.Property(CurrentView),201) + !StringCompare(Window.Property(CurrentView),205) + !StringCompare(Window.Property(CurrentView),206)]</visible>
                <posx>35</posx>
                <posy>153</posy>
                <!-- Current conditions heading background -->
                <include>Script.TWC.Column.Heading.BG.Wide</include>
                <include>Script.TWC.Column.Forecast.BG.Wide</include>
                <include>Script.TWC.Column.Outlook.BG.Wide</include>
                <!-- Heading title -->
                <control type="label">
                    <posx>15</posx>
                    <posy>0</posy>
                    <width>228</width>
                    <height>35</height>
                    <font>font10</font>
                    <align>center</align>
                    <label>31303</label>
                </control>
                <control type="image">
                    <description>current weather icon</description>
                    <posx>105</posx>
                    <posy>43</posy>
                    <width>128</width>
                    <height>128</height>
                    <info>Window.Property(Current.ConditionIcon)</info>
                    <aspectratio>keep</aspectratio>
                </control>
                <control type="label">
                    <description>current temp Value</description>
                    <posx>15</posx>
                    <posy>60</posy>
                    <width>90</width>
                    <height>50</height>
                    <font>Custom.Large</font>
                    <align>center</align>
                    <label>$INFO[Window.Property(Current.Temperature)]$INFO[System.TemperatureUnits]</label>
                </control>
                    <control type="label">
                        <description>current feels like label</description>
                        <posx>16</posx>
                        <posy>108</posy>
                        <width>90</width>
                        <height>20</height>
                        <font>font10</font>
                        <textcolor>blue</textcolor>
                        <align>center</align>
                        <label>$LOCALIZE[402]</label>
                    </control>
                    <control type="label">
                        <description>current feels like Value</description>
                        <posx>16</posx>
                        <posy>128</posy>
                        <width>90</width>
                        <height>20</height>
                        <font>Custom.Small</font>
                        <textcolor>blue</textcolor>
                        <align>center</align>
                        <label>$INFO[Window.Property(Current.FeelsLike)]$INFO[System.TemperatureUnits]</label>
                    </control>
                <control type="label">
                    <description>current condition label</description>
                    <posx>15</posx>
                    <posy>175</posy>
                    <width>228</width>
                    <height>30</height>
                    <info>Window.Property(Current.Condition)</info>
                    <wrapmultiline>true</wrapmultiline>
                    <align>center</align>
                </control>
                <!-- Current values -->
                <control type="group">
                    <posx>0</posx>
                    <posy>5</posy>
                    <control type="label">
                        <description>current dew label</description>
                        <posy>220</posy>
                        <label>$LOCALIZE[405] :</label>
                        <include>Script.TWC.Current.Labels</include>
                    </control>
                    <control type="label">
                        <description>current humidity label</description>
                        <posy>245</posy>
                        <label>$LOCALIZE[406] :</label>
                        <include>Script.TWC.Current.Labels</include>
                    </control>
                    <control type="label">
                        <description>current UV Index label</description>
                        <posy>270</posy>
                        <label>$LOCALIZE[403] :</label>
                        <include>Script.TWC.Current.Labels</include>
                    </control>
                    <control type="label">
                        <description>current Wind label</description>
                        <posy>295</posy>
                        <label>$LOCALIZE[404] :</label>
                        <include>Script.TWC.Current.Labels</include>
                    </control>
                    <control type="label">
                        <description>current dew Value</description>
                        <posy>220</posy>
                        <label>$INFO[Window.Property(Current.DewPoint)]$INFO[System.TemperatureUnits]</label>
                        <include>Script.TWC.Current.Values</include>
                    </control>
                    <control type="label">
                        <description>current humidity Value</description>
                        <posy>245</posy>
                        <info>Window.Property(Current.Humidity)</info>
                        <include>Script.TWC.Current.Values</include>
                    </control>
                    <control type="label">
                        <description>current UV Index Value</description>
                        <posy>270</posy>
                        <info>Window.Property(Current.UVIndex)</info>
                        <include>Script.TWC.Current.Values</include>
                    </control>
                    <control type="label">
                        <description>current Wind Value</description>
                        <posy>295</posy>
                        <info>Window.Property(Current.Wind)</info>
                        <include>Script.TWC.Current.Values</include>
                    </control>
                </control>
            </control>

            <!-- Status bar -->
            <control type="group">
                <visible>IsEmpty(Window.Property(ZoomMap)) | !StringCompare(Window.Property(CurrentView),201)</visible>
                <control type="image">
                    <description>Background</description>
                    <posx>45</posx>
                    <posy>485</posy>
                    <width>548</width>
                    <height>35</height>
                    <texture flipy="true" border="10">section-rounded-top.png</texture>
                </control>
                <control type="image">
                    <description>Background</description>
                    <posx>597</posx>
                    <posy>485</posy>
                    <width>156</width>
                    <height>35</height>
                    <texture flipy="true" border="10">section-rounded-top.png</texture>
                </control>
                <!-- Button divider -->
                <control type="image">
                    <description>divider</description>
                    <posx>649</posx>
                    <posy>458</posy>
                    <width>1</width>
                    <height>58</height>
                    <texture border="0,32,0,0">tab-sep.png</texture>
                </control>
                <!-- Button divider -->
                <control type="image">
                    <description>divider</description>
                    <posx>701</posx>
                    <posy>458</posy>
                    <width>1</width>
                    <height>58</height>
                    <texture border="0,32,0,0">tab-sep.png</texture>
                </control>
                <!-- video button -->
                <control type="button" id="301">
                    <description>Video Button</description>
                    <posx>662</posx>
                    <posy>490</posy>
                    <width>26</width>
                    <height>26</height>
                    <label> </label>
                    <texturenofocus>video-button1.png</texturenofocus>
                    <texturefocus>video-button1.png</texturefocus>
                    <onclick>XBMC.PlayMedia($INFO[Window.Property(Video)])</onclick>
                    <visible>!IsEmpty(Window.Property(Video))</visible>
                </control>
                <!-- set default button -->
                <control type="button" id="300">
                    <description>set default Button</description>
                    <posx>713</posx>
                    <posy>489</posy>
                    <width>28</width>
                    <height>28</height>
                    <label> </label>
                    <font>font10</font>
                    <texturenofocus>default-button.png</texturenofocus>
                    <texturefocus>default-button.png</texturefocus>
                    <onclick>Skin.SetString(twc-defaultview,$INFO[Window.Property(CurrentView)])</onclick>
                    <visible>!StringCompare(Window.Property(CurrentView),205) + !StringCompare(Window.Property(CurrentView),206)</visible>
                </control>
                <!-- RSS feed -->
                <control type="rss" id="60">
                    <description>rss feed</description>
                    <width>540</width>
                    <urlset>101</urlset>
                    <visible>StringCompare(Window.Property(LocationIndex),1)</visible>
                </control>
                <!-- RSS feed -->
                <control type="rss" id="61">
                    <description>rss feed</description>
                    <width>540</width>
                    <urlset>102</urlset>
                    <visible>StringCompare(Window.Property(LocationIndex),2)</visible>
                </control>
                <!-- RSS feed -->
                <control type="rss" id="62">
                    <description>rss feed</description>
                    <width>540</width>
                    <urlset>103</urlset>
                    <visible>StringCompare(Window.Property(LocationIndex),3)</visible>
                </control>
            </control>

            <include>TWC.Alerts</include>
            <include>TWC.36Hour.Forecast</include>
            <include>TWC.Hourly.Forecast</include>
            <include>TWC.Weekend.Forecast</include>
            <include>TWC.10Day.Forecast</include>
            <include>TWC.Maps.and.Radars</include>
            <include>TWC.Settings</include>
        </control>
    </controls>
</window>